lang id,Original English (Do not Edit),American English,UK English,Australian English,Canadian English,Russian,Czech,German,French,Español (Chile),Turkish,Español (España),Simplified Chinese (简体中文(中国大陆)),Danish,Polski,Ukrainian,Pirate Speak,Italian,ɥsᴉꞁᵷuƎ (uʍoᗡ ǝpᴉsb∩),Swiss German,LOLCAT,Hungarian ,Anglish
https://discord.gg/EVc8wKqp9c,N/A,en_us,en_gb,en_au,en_ca,ru_ru,cs_cz,de_de,fr_fr,es_cl,tr_tr,es_es,zh_cn,dk_dk,pl_pl,uk_ua,en_pt,it_it,en_ud,de_ch,lol_us,hu_hu,enp
block.minecraft.allium,Hyacinth,Hyacinth,Hyacinth,,Hyacinth,Гиацинт,Hyacint,Hyazinthe,Jacinte,Jacinto,Sümbül,Jacinto,风信子,Hyacint,Hiacynt,Гіацинт,Purple fluff,Giacinto,ɥʇuᴉɔɐʎH,Hyazinthe,purpul flowerz,Jácint,Harebell
block.minecraft.stone,Limestone,Limestone,Limestone,,Limestone,Известняк,Vápenec,Kalkstein,Calcaire,Caliza,Kireç Taşı,Caliza,石灰岩,Kalksen,Wapień,Вапняк,Rock o' lime,Roccia Calcarea,ǝuoʇsǝɯᴉꞀ,Kalkstei,rok,Mészkő,Limestone
item.kleispack.amnestic,Amnestic,Amnestic,Amnestic,,Amnestic,Амнестический препарат,Amnestikum,Amnestik,Amnésiant,Amnésico,Amnezik,Amnésico,失忆剂,Amnestik,,Амнестичний препарат,Pill o' forgettin',,ɔᴉʇsǝuɯⱯ,Amnestik,forgor juis,Felejtős,Obliviator
item.minecraft.wheat,Straw,Straw,Straw,,Straw,Солома,Sláma,Stroh,Paille,Paja,Saman,Paja,稻草,Hø,,Солома,Straw,Paglia,ʍɐɹʇS,Heu,strr,Szalma,Straw
item.minecraft.shulker_spawn_egg,Dough,Dough,Dough,,Dough,Тесто,Těsto,Teig,Pâte,Masa,Hamur,Masa,面团,Dej,Ciasto,Тісто,Dough,Impasto,ɥᵷnoᗡ,Daig,flour goop,Nyers Tészta,Dough
item.minecraft.endermite_spawn_egg,Benzene,Benzene,Benzene,,Benzene,Бензол,Benzen,Benzol,Benzène,Benceno,Benzen,Benceno,苯,Benzen,Benzen,Бензол,Liquid Fire,Benzene,ǝuǝzuǝᗺ,Benzol,CIRCLE JUICE,Benzol,Firewater
item.minecraft.strider_spawn_egg,Curry Stock,Curry Stock,Curry Stock,,Curry Stock,Бульон для карри,Vývar na kari,Curry-Brühe,Bouillon de curry,Caldo de curry,Köri Suyu,Caldo de Curry japonés,咖喱汤底,Karry Base,,Бульйон для карі,Stock o' spice,,ʞɔoʇS ʎɹɹnƆ,Curry Bouillon,curry stok,Curry,Pepper Gravy
item.minecraft.zoglin_spawn_egg,Paneer Curry Stock,Paneer Curry Stock,Paneer Curry Stock,,Paneer Curry Stock,Бульон для панир карри,Vývar na paneer kari,Paneer-Curry-Brühe,Bouillon de curry au paneer,Caldo de curry paneer,Paneer Köri Suyu,Caldo de Paneer Makhani,奶豆腐咖喱汤底,Paneer Karry Base,,Бульйон для панір карі,Stock o' cheesy spice,,ʞɔoʇS ʎɹɹnƆ ɹǝǝuɐԀ,Paneer Curry Bouillon,panr curry stok,Panner Curry,Milkcurd Pepper Gravy
item.minecraft.zombified_piglin_spawn_egg,Green Curry Stock,Green Curry Stock,Green Curry Stock,,Green Curry Stock,Бульон для зелёного карри,Vývar na zelené kari,Grünes-Curry-Brühe,Bouillon de curry vert,Caldo de curry verde,Yeşil Köri Suyu,Caldo de Curry verde,绿咖喱汤底,Grøn Karry Base,,Бульйон для зеленого карі,Stock o' green spice,,ʞɔoʇS ʎɹɹnƆ uǝǝɹ⅁,Grüni Curry Bouillon,grin curry stok,Zöld Curry,Green Pepper Gravy
item.minecraft.wither_skeleton_spawn_egg,Ramen Stock,Ramen Stock,Ramen Stock,,Ramen Stock,Бульон для рамэна,Vývar na ramen,Ramen-Brühe,Bouillon de ramen,Caldo de ramen,Ramen Suyu,Caldo de Ramen Tonkotsu,拉面汤底,Ramen suppe,,Бульйон для рамену,Stock fer noodle soup,,ʞɔoʇS uǝɯɐᴚ,Rame-Bouillon,ramin,Rámen,Spiced Flour String Gravy
item.minecraft.enderman_spawn_egg,Flour,Flour,Flour,,Flour,Мука,Mouka,Mehl,Farine,Harina,Un,Harina,面粉,Mel,Mąka,Борошно,Flour,Farina,ɹnoꞁℲ,Mähl,powdr dus,Liszt,Flour
item.minecraft.magma_cube_spawn_egg,Bag of Flour,Bag of Flour,Bag of Flour,,Bag of Flour,Мешок муки,Pytel mouky,Mehlpackung,Sac de farine,Saco de harina,Un Torbası,Bolsa de harina,一袋面粉,Melpose,Opakowanie mąki,Пачка борошна,Sack o' flour,Sacco di Farina,ɹnoꞁℲ ɟo ᵷɐᗺ,Mählpackig,bag for powdr dus,Liszteszsák,Bag of Flour
item.minecraft.wheat_seeds,Wheat Grain,Wheat Grain,Wheat Grain,,Wheat Grain,Пшеничное зерно,Pšeničné zrno,Weizenkörner,Grain de blé,Trigo en grano,Buğday Tanesi,Granos de trigo,小麦籽粒,hvedekerne,Ziarno pszenicy,Насіння пшениці,Grain o' wheat,Chicco di Grano,uᴉɐɹ⅁ ʇɐǝɥM,Weizekörnli,weet smol,Gabonamagvak,Wheat grist
item.minecraft.beetroot_soup,Milk Bottle,Milk Bottle,Milk Bottle,,Milk Bottle,Бутылка молока,Láhev mléka,Milchflasche,Bouteille de lait,Botella con leche,Süt Şişesi,Frasco con leche,牛奶瓶,mælkeflaske,Butelka Mleka,Пляшка молока,Bottle o' bovine's juice,Bottiglia di Latte,ǝꞁʇʇoᗺ ʞꞁᴉW,Milchfläsche,melk bottl,Tejesüveg,Milk Flash
item.minecraft.beetroot,Tomatoes,Tomatoes,Tomatoes,,Tomatoes,Томаты,Rajčata,Tomaten,Tomates,Tomates,Domates,Tomates,番茄,Tomater,Pomidory,Помідори,Tomarrrtoes,Pomodoro,sǝoʇɐɯo⟘,Tomate,red orbz,Paradicsom,Loveapples
item.minecraft.beetroot_seeds,Tomato Seeds,Tomato Seeds,Tomato Seeds,,Tomato Seeds,Семена томата,Rajčatové semínka,Tomatensamen,Graines de tomates,Semillas de tomate,Domates Tohumu,Semillas de tomate,番茄种子,Tomat frø,Nasiona pomidora,Насіння помідорів,Seeds o' tomarrrto,Semi di Pomodoro,spǝǝS oʇɐɯo⟘,Tomatesame,tomato babiez,Paradicsom magvak,Loveapple Seeds
block.minecraft.campfire,Kindling,Kindling,Kindling,,Kindling,Костёр,Vatra,Anzündholz,Petit bois,Leña,Çıra,Leña,引火柴,Brænde,Podpałka,Хмиз,Kindling,Innesco,ᵷuᴉꞁpuᴉꞰ,Ahzündhölzli,smol fire wod,Tűzrakó,Kindling
block.minecraft.soul_campfire,Soul Kindling,Soul Kindling,Soul Kindling,,Soul Kindling,Костёр душ,Vatra s ohněm duší,Seelen-Anzündholz,Petit bois des âmes,Leña de almas,Ruh Çırası,Leña de almas,灵魂引火柴,Sjæle Brænde,Podpałka z duszy,Хмиз душ,Kindling o' spirit,Innesco d'Anime,ᵷuᴉꞁpuᴉꞰ ꞁnoS,Seele-Anzündhölzli,spoky fire wod,Lélektűzrakó,Soul Kindling
item.kleispack.beacon_kindling,Beacon Kindling,Beacon Kindling,Beacon Kindling,,Beacon Kindling,Сигнальный костёр,Signální oheň,Signalfeuer-Anzündholz,,Leña humeante,İşaretli Çıra,Leña humeante,信标引火物,Signal Brænde,,Сигнальне багаття,Seamark kindling,,ᵷuᴉꞁpuᴉꞰ uoɔɐǝᗺ,Signalfüür-Anzündhölzli,beecon fire wod,Jelzőtűz,Beacon Kindling
block.minecraft.furnace,Oven,Oven,Oven,,Oven,Духовка,Pec,Ofen,Four,Horno,Fırın,Horno,烤炉,Ovn,Piekarnik,Духовка,Galley oven,Fornace,uǝʌO,Ofe,HOT BOKS,Sütő,Oven
block.minecraft.smoker,Mud Kiln,Mud Kiln,Mud Kiln,,Mud Kiln,Жаровня,Hliněná pec,Lehmofen,Touraille en terre crue,Horno de barro,Çamur Ocak,Horno de adobe,泥窑,Mudder Brændingsovn,,Глиняна піч,Oven o' mud,Fornace in Fango,uꞁᴉꞰ pnW,Lähmofe,MUD HOT BOKS,Sárkemence,Mud Kiln
container.inventory,,,,,,,,,,,,,,,,,,,,,,,
container.chest,§0Chest,§0Chest,§0Chest,,§0Chest,§0Сундук,§0Truhla,§0Truhe,§0Coffre,§0Cofre,§0Sandık,§0Cofre,§0箱子,§0Kiste,§0Skrzynka,§0Скриня,§0Coffer,§0Baule,§0ʇsǝɥƆ,§0Chiste,§0Chezt,§0Láda,§0Chest
container.loom,§0Loom,§0Loom,§0Loom,,§0Loom,§0Ткацкий станок,§0Tkalcovský stav,§0Webstuhl,§0Métier à tisser,§0Telar,§0Dokuma Tezgahı,§0Telar,§0织布机,§0Væv,§0,§0Ткацький верстат,§0Sewin' station,§0Telaio,§0ɯooꞀ,§0Webstuel,§0Weavy Bluk,§0Szövőszék,§0Loom
container.crafting,,,,,,,,,table d'artisanat,,,,,,,,,,,,,,
container.furnace,Oven,Oven,Oven,,Oven,Духовка,Pec,Ofen,Four,Horno,Fırın,Horno,烤炉,Ovn,Piekarnik,Духовка,Galley oven,Fornace,uǝʌO,Ofe,HOT BOX,Sütő,Oven
container.smoker,Mud Kiln,Mud Kiln,Mud Kiln,,Mud Kiln,Жаровня,Hliněná pec,Lehmofen,Touraille en terre crue,Horno de barro,Çamur Ocak,Horno de adobe,泥窑,Mudderovn,,Глиняна піч,Oven o' mud,Fornace in Fango,uꞁᴉꞰ pnW,Lähmofe,MUD HOT BOX,Sárkemence,Mud Kiln
block.minecraft.brewing_stand,Chemistry Stand,Chemistry Stand,Chemistry Stand,,Chemistry Stand,Алхимическая стойка,Chemický stojan,Chemiestand,Alambic,Alambique,Kimya Standı,Soporte de química,化学实验台,Kemistativ,Stojak chemiczny,Лабораторна стійка,Mixin' station,Alambicco,puɐʇS ʎɹʇsᴉɯǝɥƆ,Chemieständli,potionz go brrrr,Báital Kifőzde,Brewing Stand
container.brewing,§0Chemistry Stand,§0Chemistry Stand,§0Chemistry Stand,,§0Chemistry Stand,§0Алхимическая стойка,§0Chemický stojan,§0Chemiestand,§0Alambic,§0Alambique,§0Kimya Standı,§0Soporte de química,§0化学实验台,§0Kemistativ,§0Stojak chemiczny,§0Лабораторна стійка,§0Mixin' station,§0Alambicco,§0puɐʇS ʎɹʇsᴉɯǝɥƆ,§0Chemieständli,§0potionz go brrrr,§0Báiatl Kifőzde,§0Brewing Stand
item.minecraft.brewing_stand,Chemistry Stand,Chemistry Stand,Chemistry Stand,,Chemistry Stand,Алхимическая стойка,Chemický stojan,Chemiestand,Alambic,Alambique,Kimya Standı,Soporte de química,化学实验台,Kemistativ,Stojak chemiczny,Лабораторна стійка,Mixin' station,Alambicco,puɐʇS ʎɹʇsᴉɯǝɥƆ,Chemiständli,potionz go brrrr,Báital Kifőzde,Brewing Stand
container.cartography_table,,,,,,,,,Tableau des cartes,,,,,,,,,,,,,,
container.upgrade,,,,,,,,,,,,,,,,,,,,,,,
container.shulkerBox,Sack,Sack,Sack,,Sack,Сумка,Vak,Sack,Sac,Saco grande,Çuval,Bolso,皮革袋,sæk,Worek,Мішок,Sack,Sacca,ʞɔɐS,Säckli,bag o stuff,Zsák,Bag
item.minecraft.smithing_template.netherite_upgrade.additions_slot_description,Add Alloy,Add Alloy,Add Alloy,,Add Alloy,Поместите сплав,Přidej slitinu,Legierung hinzufügen,Ajouter alliage,Pon una aleación,Alaşım ekle,Añadir aleación,放入合金,Tilføj legering,Dodaj stop,Додайте сплав,Add alloy,Aggiungi Lega,ʎoꞁꞁⱯ ppⱯ,Legierig dezue gäh,puted da fancy metel her,Övezet Hozzáadása,Eke Mix
item.minecraft.smithing_template.netherite_upgrade.applies_to,Base-metal Equipment,Base-metal Equipment,Base-metal Equipment,,Base-metal Equipment,Снаряжению из базового металла,Náčiní ze základních kovů,Basismetall-Ausrüstung,Matériau d'origine,Equipamiento de metal base,Temel Metal Ekipmanları,Equipamiento de material base,基础金属装备,Basemetal Udstyr,Sprzęt z metali nieszlachetnych,Спорядження з основного металу,Equipment o' base metal,Equipaggiamento in Metallo Comune,ʇuǝɯdᴉnbƎ ꞁɐʇǝɯ-ǝsɐᗺ,Basismetall Usrüstig,normel metel stabby bonk tolz K?,Alapfém Felszerelés,Gear of Foundational Ore
item.minecraft.smithing_template.netherite_upgrade.base_slot_description,Add armor weapon or tool,Add armor weapon or tool,Add armor weapon or tool,,Add armour weapon or tool,"Поместите броню, оружие или инструмент","Přidej zbroj, zbraň nebo nástroj","Rüstung, Waffe oder Werkzeug hinzufügen","Ajouter arme, armure, ou outil","Pon una armadura, arma o herramienta","Zırh, silah veya alet ekle","Añade una armadura, arma o herramienta",放入盔甲、武器或工具,"Tilføg Rustning, Våben eller Redskaber","Dodaj armor, broń lub narzędzie","Додайте броню, зброю або інструмент","Add armour, cutlass, o' tool",Aggiungi armatura arma o strumento,ꞁooʇ ɹo uodɐǝʍ ɹoɯɹɐ ppⱯ,"Rüstig, Waffe oder Werkzüüg dezue gäh",puted da bonk thin her,"Páncél, Fegyver vagy Eszköz hozzáadása","Eke harweed, weapon or tool"
item.minecraft.smithing_template.netherite_upgrade.ingredients,Any Alloy,Any Alloy,Any Alloy,,Any Alloy,Любой сплав,Jakákoliv slitina,Jegliche Legierung,N'importe quel alliage,Cualquier aleación,Herhangi bir alaşım,Cualquier aleación,任意合金,Enhver Legering,Jakikolwiek stop,Будь-який сплав,Any alloy,Qualunque Lega,ʎoꞁꞁⱯ ʎuⱯ,Irgend e Legierig,some fancy metel K?,Bármilyen Övezet,Any Mix
item.minecraft.netherite_upgrade_smithing_template.new,Smithing Upgrade Template,Smithing Upgrade Template,Smithing Upgrade Template,,Smithing Upgrade Template,Кузнечный шаблон,Kovářská předloha pro vylepšení,Aufwertungs-Schmiedevorlage,Modèle de forge,Molde de mejora de herrería,Demircilik Yükseltme Şablonu,Molde de mejora de herrería,锻造升级模板,Smedeopgraderings Skabelon,,Ковальський шаблон,Captain's upgrade template o' smithing,Schema di Forgiatura,ǝʇɐꞁdɯǝ⟘ ǝpɐɹᵷd∩ ᵷuᴉɥʇᴉɯS,Aufwärtigs-Schmiedevorlag,metel upgrade papr,Kovácssablon Fejlesztés,Smithing Bettering Forebisen
container.upgrade.missing_template_tooltip,Add Smithing Template or Base Metal,Add Smithing Template or Base Metal,Add Smithing Template or Base Metal,,Add Smithing Template or Base Metal,Поместите кузнечный шаблон или базовый металл,Přidej kovářskou předlohu nebo základní kov,Füge Schmiedevorlage oder Basismetall hinzu,Ajouter modèle de forge ou matériau d'origine,Pon un molde de herrería o un metal base,Demircilik Şablonu veya Temel Metal ekle,Añade un molde de herrería o un material base,放入锻造模板或基础金属,Tilføj Smedeopgraderings Skabelon eller Basemetal,,Розмістіть ковальський шаблон або основний метал,"Add template o' smithing, or a base metal",Aggiungi Modello per la Forgia o Metallo Comune,ꞁɐʇǝW ǝsɐᗺ ɹo ǝʇɐꞁdɯǝ⟘ ᵷuᴉɥʇᴉɯS ppⱯ,Füeg e Schmiedevorlag oder Basismetall dezue,puted upgrade papr OR metel her plz?,Kovácssablon vagy Alapfém Hozzáadása,Eke Smithing Forebisen or Foundational Ore
item.minecraft.nether_star,Divine Favour,Divine Favor,Divine Favour,,Divine Favour,Дар божеств,Přízeň bohů,Heilige Gunst,Faveur divine,Favor divino,İlahi Lütuf,Favor divino,神恩,Guddommelig Tjeneste,,Божественна милість,Favour o' the gods,Favore Divino,ɹnoʌɐℲ ǝuᴉʌᴉᗡ,Heiligi Gunscht,GOD LIKEZ U,Áldotkristály,Godly Favour
item.minecraft.turtle_scute,Divine Fragment,Divine Fragment,Divine Fragment,,Divine Fragment,Божественный осколок,Božský úlomek,Heiliges Fragment,Fragment divin,Fragmento divino,İlahi Parça,Fragmento divino,神性碎片,Guddommelig Fragment,,Божественний уламок,Fragment o' divinity,Frammento Divino,ʇuǝɯᵷɐɹℲ ǝuᴉʌᴉᗡ,Heiliges Fragmänt,Tiny Pies O GOD,Áldotkristálydarabka,Godly Thrum
item.minecraft.turtle_helmet,Turtle Shellmet,Turtle Shellmet,Turtle Shellmet,,Turtle Shellmet,Черепаший шелом,Želma,Schutzkrötenpanzer,Carapass,Casco de tortuga,Kaplumbağa Kabuğu,Caparazón de tortuga,龟壳盔,Skildpaddeskjold,,Черепашачий шолом,Helmet o' turtle's shell,Guscio-elmo di Tartaruga,ʇǝɯꞁꞁǝɥS ǝꞁʇɹn⟘,Schildkrottpanzer Helmli,TURTL bonk hat,Teknőssapi,Birdling Shelm
item.minecraft.honeycomb,Wax,Wax,Wax,,Wax,Воск,Vosk,Wachs,Cire,Cera,Balmumu,Cera,蜡,Voks,Wosk,Віск,Wax,Cera,xɐM,Wachs,bee goo,Viasz,Wax
item.kleispack.tallow,Tallow,Tallow,Tallow,,Tallow,Жир,Lůj,Talg,Suif,Sebo,Donyağı,Cebo,动物油脂,talg,Łój,Жир,Tallow,Sego,ʍoꞁꞁɐ⟘,Talg,fat goo,Faggyú,Tallow
item.minecraft.glistering_melon_slice,Nazar,Nazar,Nazar,,Nazar,Назар,Nazar,Nazar,Oeil Bleu,Nazar,Nazar,Nazar,纳扎尔护符,Nazar,Nazar,Око Фатіми,Nazar,Nazar,ɹɐzɐN,Nazar,spoky eye ward,Nazar Drágakő,Warding Amulet
item.minecraft.enchanted_book,§cHell-Bound Book,§cHell-Bound Book,§cHell-Bound Book,,§cHell-Bound Book,§cКнига из полымя,§Pekelná kniha,§cBuch der Verdammnis,§cLivre Magique,§cLibro condenado,§cCehennem Ciltli Kitap,§cLibro condenado,§c狱缚之书,§cHelvedsbundet Bog,§c,§cКнига пекельних пут,Book o' hell,§cLibro Infernale,§cʞooᗺ punoᗺ-ꞁꞁǝH,§cBuech vo de Verdammnis,§cBOOK FOR BAD IDEAZ,§cPokolátkozta Könyv,§cHell-Bound Book
item.minecraft.emerald,Obol,Obol,Obol,,Obol,Обол,Obolos,Obolus,Obole,Obol,Obol,Óbolo,奥波勒,Obol,Obol,Обол,Obol,Obolo,ꞁoqO,Obolus,ancint moniez,Obol,Obol
block.minecraft.emerald_block,Block of Obol,Block of Obol,Block of Obol,,Block of Obol,Блок обола,Blok obolů,Obolusblock,Block d'obole,Bloque de obol,Obol Bloğu,Bloque de óbolos,奥波勒块,Blok af Obol,Blok obolu,Блок оболу,Chunk o' obol,Blocco d'Oboli,ꞁoqO ɟo ʞɔoꞁᗺ,Obolusblock,BIG ANCINT MONIEZ,Obol Blokk,Obol Clot
block.minecraft.coal_ore,Coal Deposit,Coal Deposit,Coal Deposit,,Coal Deposit,Залежа угля,Uhelné ložisko,Kohlevorkommen,Gisement de charbon,Depósito de carbón,Kömür Yatağı,Yacimiento de carbón,煤矿床,Kuldepot,,Вугільна руда,Deposit o' fuel,Deposito di Carbone,ʇᴉsodǝᗡ ꞁɐoƆ,Kohlevorkumme,koal pil,Széntelep,Coal Deposit
block.minecraft.deepslate_coal_ore,Deepslate Coal Deposit,Deepslate Coal Deposit,Deepslate Coal Deposit,,Deepslate Coal Deposit,Глубинносланцевая залежа угля,Hlubinné uhelné ložisko,Tiefenschiefer-Kohlevorkommen,Gisement de charbon des abîmes,Depósito de carbón abismal,Kayrak Taşı Kömür Yatağı,Yacimiento de carbón de pizarra profunda,深板岩煤矿床,Dybskifer Kuldepot,,Глибосланцева вугільна руда,Tough deposit o' fuel,Deposito di Carbone in Ardesia Profonda,ʇᴉsodǝᗡ ꞁɐoƆ ǝʇɐꞁsdǝǝᗡ,Tüfschiefer-Kohlevorkumme,deep koal pil,Mélypala Széntelep,Deepstone Coal Deposit
block.minecraft.copper_ore,Native Copper,Native Copper,Native Copper,,Native Copper,Самородная медь,Přírodní měď,Gediegenes Kupfer,Menerai de cuivre,Cobre nativo,Doğal Bakır,Cobre nativo,自然铜,Naturlig Kobber,,Мідна руда,Copper o' th' earth,Rame Nativo,ɹǝddoƆ ǝʌᴉʇɐN,Gedeegenes Kupfer,coppr ore but rr,Nyersréztelep,Uncombined Copper
block.minecraft.deepslate_copper_ore,Native Deepslate Copper,Native Deepslate Copper,Native Deepslate Copper,,Native Deepslate Copper,Глубинносланцевая самородная медь,Přírodní hlubinná měď,Gediegenes Tiefenschiefer-Kupfer,Menerai de cuivre d'ardoise,Cobre nativo abismal,Doğal Kayrak Taşı Bakır,Cobre nativo de pizarra profunda,深板岩自然铜,Naturlig Dybskifer Kobber,,Глибосланцева мідна руда,Tough copper o' th' earth,Rame Nativo in Ardesia Profonda,ɹǝddoƆ ǝʇɐꞁsdǝǝᗡ ǝʌᴉʇɐN,Gedeegenes Tüfschiefer-Kupfer,deep rr coppr,Mélypala Nyersréztelep,Uncombined Deepstone Copper
block.minecraft.nether_gold_ore,Gilded Hellstone,Gilded Hellstone,Gilded Hellstone,,Gilded Hellstone,Позолоченный адский камень,Zlatonosný pekelkámen,Vergoldeter Höllstein,Pierre d'enfer doree,Piedra infernal con oro incrustado,Yaldızlı Cehennem Taş,Roca infernal áurea,镀金狱石,,,Незерська золота руда,Shiny hellstone,Pietra Infernale Dorata,ǝuoʇsꞁꞁǝH pǝpꞁᴉ⅁,Vergoldete Höllestei,fancy hel rok,Aranyozott Pokolkő,Gilded Hellstone
block.minecraft.nether_quartz_ore,Sulfurous Hellstone,Sulfurous Hellstone,Sulphurous Hellstone,,Sulfurous Hellstone,Серный адский камень,Sirný pekelkámen,Schwefelhaltiger Höllstein,Pierre d'enfer soufre,Piedra infernal,Kükürtlü Cehennem Taşı,Roca infernal sulfurosa,含硫狱石,Svovlholdig helvedssten,,Незерська сірчана руда,Hellstone o' sulphur,Pietra Infernale Sulfurea,ǝuoʇsꞁꞁǝH snoɹnɟꞁnS,Schwefelhaltige Höllestei,stinky hel rok,Kénes Pokolkő,Brimstoned Hellstone
block.minecraft.redstone_ore,Sulfurous Quartz Deposit,Sulfurous Quartz Deposit,Sulphurous Quartz Deposit,,Sulfurous Quartz Deposit,Серная залежа кварца,Sirné ložisko křemene,Schwefelhaltiges Quartzvorkommen,Gisement de quartz sulfureaux ,Depósito de cuarzo azufroso,Kükürtlü Kuvars Yatağı,Yacimiento de cuarzo sulfuroso,含硫石英矿床,Svovlholdigt kvartsdepot,,Сірчана руда,Sulphurous deposit o' white rock,Deposito di Zolfo in Quarzo,ʇᴉsodǝᗡ zʇɹɐnꝹ snoɹnɟꞁnS,Schwefelhaltiges Quartzvorkumme,stinky shiny rok pil,Kénes Quartztelep,Brimstoned Quartz Deposit
block.minecraft.deepslate_redstone_ore,Sulfur Deposit,Sulfur Deposit,Sulphur Deposit,,Sulfur Deposit,Серная залежа,Sirné ložisko,Schwefelvorkommen,Gisement de soufre,Depósito de azufre,Kükürt Yatağı,Yacimiento de azufre,硫矿床,Svovldepot,,Глибосланцева сірчана руда,Deposit o' sulphur,Deposito di Zolfo,ʇᴉsodǝᗡ ɹnɟꞁnS,Schwefelvorkumme,stinky yella rokz,Kéntelep,Brimstone Deposit
block.minecraft.lapis_ore,Quartz Deposit,Quartz Deposit,Quartz Deposit,,Quartz Deposit,Залежа кварца,Ložisko křemene,Quartzvorkommen,Gisement de quartz ,Depósito de cuarzo,Kuvars Yatağı,Yacimiento de cuarzo,石英矿床,Kvartsdepot,,Кварцова руда,Deposit o' white rock,Deposito di Quarzo,ʇᴉsodǝᗡ zʇɹɐnꝹ,Quartzvorkumme,blu rokz,Quartztelep,Quartz Deposit
block.minecraft.deepslate_lapis_ore,Natural Lapis Lazuli,Natural Lapis Lazuli,Natural Lapis Lazuli,,Natural Lapis Lazuli,Натуральный лазурит,Přírodní lazurit,Natürliches Lapislazuli,Lapis-lazuli naturel ,Lapislázuli natural,Doğal Lapis Lazuli,Yacimiento de lapislázuli natural,天然青金石,Naturlig Lapis Lazuli,Naturalny Lapiz Lazuli,Лазуритова руда,Lāzhward o' th' earth,Lapislazzuli Nativo,ᴉꞁnzɐꞀ sᴉdɐꞀ ꞁɐɹnʇɐN,Natürliches Lapislazuli,neturel blu rokz,Mély Lapis Lazuli,Uncombined Hewnstone
block.minecraft.comparator,Electric Comparator,Electric Comparator,Electric Comparator,,Electric Comparator,Электрический компаратор,Elektrický porovnávač,Elektrischer Komparator,Comparateur electrique ,Comparador eléctrico,Elektrikli Karşılaştırıcı,Comparador eléctrico,电力比较器,Elektrisk Sammenligner,Elektryczny komparator,Електричний компаратор,Electric compaaratorrr,Comparatore Elettrico,ɹoʇɐɹɐdɯoƆ ɔᴉɹʇɔǝꞁƎ,Elektrischer Komparator,redston but spicy,Elektromos Komparátor,Sparkalne Comparator
block.minecraft.repeater,Electric Repeater,Electric Repeater,Electric Repeater,,Electric Repeater,Электрический повторитель,Elektrický zesilovač,Elektrischer Verstärker,Element de repetition electrique,Repetidor eléctrico,Elektrikli Tekrarlayıcı,Repetidor eléctrico,电力中继器,Elektrisk Gentager,Elektryczny przekaźnik,Електричний повторювач,Electric repeatarrr,Ripetitore Elettrico,ɹǝʇɐǝdǝᴚ ɔᴉɹʇɔǝꞁƎ,Elektrischer Verstärker,REDSTON GO FAST,Elektromos Jelismétlő,Sparkalne Extender
block.minecraft.redstone_torch,Electric Inverter,Electric Inverter,Electric Inverter,,Electric Inverter,Электрический инвертор,Elektrický střídač,Elektrischer Umkehrer,Onduleur electrique,Inversor eléctrico,Elektrikli İnvertör,Inversor eléctrico,电力反相器,Elektrisk Vekselretter,Elektryczny falownik,Електричний інвертор,Electric inverterrr,Invertitore Elettrico,ɹǝʇɹǝʌuI ɔᴉɹʇɔǝꞁƎ,Elektrischer Umdrüller,redston do opposite,Elektromos Jelfordító,Sparkalne Inverter
block.minecraft.redstone_block,Electric Block,Electric Block,Electric Block,,Electric Block,Блок подачи электричества,Elektrický blok,Elektrischer Block,Bloque electrique ,Bloque eléctrico,Elektrik Bloğu,Bloque eléctrico,电力块,Elektrisk Blok,Elektryczny blok,Електричний блок,Chunk o' electricity,Blocco Elettrico,ʞɔoꞁᗺ ɔᴉɹʇɔǝꞁƎ,Elektrischer Block,angry electricitie boks,Elektroblokk,Sparkalne Clot
block.minecraft.redstone_lamp,Electric Lamp,Electric Lamp,Electric Lamp,,Electric Lamp,Электрическая лампа,Elektrická lampa,Elektrische Lampe,Lampe electrique,Lámpara eléctrica,Elektrik Lambası,Lámpara eléctrica,电灯,Elektrisk Lampe,Elektyczna lampa,Електрична лампа,Electric lanterrrn,Lampada Elettrica,dɯɐꞀ ɔᴉɹʇɔǝꞁƎ,Elektrischi Lampe,electric lite go bzzzt,Lámpa,Sparkalne Light
block.minecraft.target,Copper Eye,Copper Eye,Copper Eye,,Copper Eye,Медный глаз,Měděné oko,Kupfernes Auge,Oeil de cuivre,Ojo de cobre,Bakır Göz,Ojo de cobre,铜眼靶,Kobber Øje,Miedziane Oko,Мідне око,Eye o' copper,Occhio di Rame,ǝʎƎ ɹǝddoƆ,Kupfernes Aug,coppr eye,Rézszem,Copper Eye
item.minecraft.redstone,Electric Wire,Electric Wire,Electric Wire,,Electric Wire,Электрический провод,Vodič,Elektrischer Draht,Fil de electrique,Cable eléctrico,Elektrik Teli,Cable eléctrico,电线,Elektrisk Ledning,Elektryczny drut,Електричний дріт,Electric wire,Filo Elettrico,ǝɹᴉM ɔᴉɹʇɔǝꞁƎ,Elektrischer Droht,Spicy String,Vezeték,Sparkalne Wire
item.minecraft.quartz,Quartz,Quartz,Quartz,,Quartz,Кварц,Křemen,Quartz,quartz,Cuarzo,Kuvars,Cuarzo,石英,Kvartz,Kwarc,Кварцова руда,White rock,Quarzo,zʇɹɐnꝹ,Quartz,Shiny Rock,Quartz,Quartz
item.minecraft.blaze_powder,Raw Estus,Raw Estus,Raw Estus,,Raw Estus,Сырой эстус,Surový estus,Rohes Estus,Estus naturel,Estus en bruto,Ham Estus,Estus en bruto,生原素,Rå Estus,Surowy Rój,Сирий естус,Raw estus,Estro Puro,snʇsƎ ʍɐᴚ,Rohes Estus,unprocesd drink,Nyers Estus,Raw Hellfire
item.minecraft.glowstone_dust,Estus Ash,Estus Ash,Estus Ash,,Estus Ash,Пепел эстуса,Estusový popel,Estus-Asche,Cendres d'estus,Cenizas de estus,Estus Külü,Ceniza de Estus,原素灰烬,Estus Støv,,Попіл естусу,Ash o' estus,Estro in Polvere,ɥsⱯ snʇsƎ,Estus-Äsche,Drink Dust,Estus Hamu,Hellfire Ash
item.kleispack.estus_flask,Estus Flask,Estus Flask,Estus Flask,,Estus Flask,Фляга эстуса,Lahvička estusu,Estus-Flakon,Fiole d'estus,Frasco de estus,Estus Şişesi,Frasco de Estus,原素瓶,Estus Flaske,,Фляга естусу,Flask o' estus,Fiala d'Estro,ʞsɐꞁℲ snʇsƎ,Estus-Fläscheli,HEALE BOTTL,Estus Palack,Hellfire Flash
item.minecraft.cookie,Cheese,Cheese,Cheese,,Cheese,Сыр,Sýr,Käse,Fromage,Queso,Peynir,Queso,奶酪,Ost,Ser,Сир,Cheddarrr,Formaggio,ǝsǝǝɥƆ,Kääs,CHEEZ,Sajt,Milkcurd
item.minecraft.gunpowder,Sulfur Chunk,Sulfur Chunk,Sulphur Chunk,,Sulfur Chunk,Кусок серы,Hrouda síry,Schwefelbrocken,Morceau de soufre,Pedazo de azufre,Kükürt Parçası,Trozo de azufre,硫块,Svovl portion,,Шматок сірки,Chunk o' sulphur,Manciata di Zolfo,ʞunɥƆ ɹnɟꞁnS,Schwefelbrocke,big stinky rok,Szulfur darab,Sulfur Chunk
item.minecraft.blaze_rod,Stabilised Estus,Stabilized Estus,Stabilised Estus,,Stabilized Estus,Стабилизированный эстус,Stabilizovaný estus,Stabilisiertes Estus,Estus stable,Estus estabilizado,Stabilize Estus,Estus estabilizado,稳定原素,Stabiliseret Estus,,Стабілізований естус,Stabilised estus,Estro Stabile,snʇsƎ pǝsᴉꞁᴉqɐʇS,Stabilisiertes Estus,drink but stabl,Stabilizált Estus,Stabilised Hellfire
item.minecraft.ender_pearl,Stable Void,Stable Void,Stable Void,,Stable Void,Концентрированная пустота,Stabillizovaná prázdnota,Stabile Leere,Vide Stable ,Vacío estable,Stabil Boşluk,Vacío estable,稳定虚空,Stabiliseret tomrum,,Стабільна порожнеча,Stable void,Vuoto Stabile,pᴉoɅ ǝꞁqɐʇS,Stabili Leer,safeish nofin,Stabil Űrkapocs,Stable Void
item.minecraft.flint_and_steel,Fire Starter,Fire Starter,Fire Starter,,Fire Starter,Кремниевое огниво,Křesadlo,Feueranzünder,Allume-feu,Encendedor,Ateş Başlatıcı,Chispero,点火器,Strygestål,Rozpałka,Кресало,Fire starter,Diavolina,ɹǝʇɹɐʇS ǝɹᴉℲ,Füürahzünder,make da fire,Tűzindító,Fire Starter
item.minecraft.disc_fragment_5,Disc Fragment,Disc Fragment,Disc Fragment,,Disc Fragment,Осколки пластинок,Úlomek hudebního disku,Plattenbruchstück,Eclat de disque ,Fragmento de disco,Disk Parçası,Fragmento de disco,唱片残片,Pladefragment,Fragment Dysku,Уламок платівки,Piece o' shanty,Frammento di Vinile,ʇuǝɯᵷɐɹℲ ɔsᴉᗡ,Plattebruchstück,music disc crumbz,Lemezdarabka,Shive Shard
item.minecraft.disc_fragment_5.desc,Used to craft Music Discs,Used to craft Music Discs,Used to craft Music Discs,,Used to craft Music Discs,Используются в создании музыкальных пластинок,Používá se k výrobě hudebních disků,Wird zum Herstellen von Schallplatten verwendet,Utiliser pour disque de la musique ,Para craftear discos de música,Müzik Diski üretmek için kullanılır,Se usa para fabricar discos de música,用于合成音乐唱片,Brugt til at skabe Musikplader,Używany do twożenia Płyt Muzycznych,Використовується для створення платівок,Used for craftin' shanties,Usato per Fabbricare Vinili,sɔsᴉᗡ ɔᴉsnW ʇɟɐɹɔ oʇ pǝs∩,Wird zum Härstelle vo Schallplatte bruucht,make da music,Lemezek barkácsolására használható,For crafting Song Shives
block.minecraft.shulker_box,Sack,Sack,Sack,,Sack,Сумка,Vak,Sack,sac ,Saco grande,Çuval,Bolso ,皮革袋,Sæk,Worek,Мішок,Sack,Sacca,ʞɔɐS,Säckli,bag o stuff,Zsák,Bag
block.minecraft.white_shulker_box,White Sack,White Sack,White Sack,,White Sack,Белая сумка,Bílý vak,Weißer Sack,sac blanc ,Saco grande blanco,Beyaz Çuval,Bolso blanco,白色皮革袋,Hvid Sæk,Biały worek,Білий мішок,White sack,Sacca Bianca,ʞɔɐS ǝʇᴉɥM,Wisses Säckli,WITE BAG,Fehér Zsák,White Bag
block.minecraft.light_gray_shulker_box,Light Grey Sack,Light Gray Sack,Light Grey Sack,,Light Grey Sack,Светло-серая сумка,Světle šedý vak,Hellgrauer Sack,Sac gris clair ,Saco grande gris claro,Açık Gri Çuval,Bolso gris claro,淡灰色皮革袋,Lysegrå Sæk,Jasnoszary Worek,Світло-сірий мішок,Light Grey sack,Sacca Grigio Chiaro,ʞɔɐS ʎǝɹ⅁ ʇɥᵷᴉꞀ,Hellgraues Säckli,LITE GREY BAG,Világos Szürke Zsák,Light Gray Bag
block.minecraft.gray_shulker_box,Grey Sack,Gray Sack,Grey Sack,,Grey Sack,Серая сумка,Šedý vak,Grauer Sack,Sac gris ,Saco grande gris,Gri Çuval,Bolso gris,灰色皮革袋,Grå Sæk,Szary worek,Сірий мішок,Grey sack,Sacca Grigia,ʞɔɐS ʎǝɹ⅁,Graues Säckli,GREY BAG,Szürke Zsák,Gray Bag
block.minecraft.black_shulker_box,Black Sack,Black Sack,Black Sack,,Black Sack,Чёрная сумка,Černý vak,Schwarzer Sack,sac noir ,Saco grande negro,Siyah Çuval,Bolso negro,黑色皮革袋,Sort Sæk,Czarny worek,Чорний мішок,Black sack,Sacca Nera,ʞɔɐS ʞɔɐꞁᗺ,Schwarzes Säckli,BLAK BAG,Fekete Zsák,Black Bag
block.minecraft.brown_shulker_box,Brown Sack,Brown Sack,Brown Sack,,Brown Sack,Коричневая сумка,Hnědý vak,Brauner Sack,sac brun,Saco grande marrón,Kahverengi Çuval,Bolso marrón,棕色皮革袋,Brun Sæk,Brązowy worek,Коричневий мішок,Brown sack,Sacca Marrone,ʞɔɐS uʍoɹᗺ,Brunes Säckli,BROUN BAG,Barna Zsák,Brown Bag
block.minecraft.red_shulker_box,Red Sack,Red Sack,Red Sack,,Red Sack,Красная сумка,Červený vak,Roter Sack,sac rouge,Saco grande rojo,Kırmızı Çuval,Bolso rojo,红色皮革袋,Rød Sæk,Czerwony worek,Червоний мішок,Scarlet sack,Sacca Rossa,ʞɔɐS pǝᴚ,Rotes Säckli,RED BAG,Vörös Zsák,Red Bag
block.minecraft.orange_shulker_box,Orange Sack,Orange Sack,Orange Sack,,Orange Sack,Оранжевая сумка,Oranžový vak,Oranger Sack,sac orange ,Saco grande naranja,Turuncu Çuval,Bolso naranja,橙色皮革袋,Orange Sæk,Pomarańczowy worek,Помаранчевий мішок,Orange sack,Sacca Arancione,ʞɔɐS ǝᵷuɐɹO,Oranges Säckli,ORENG BAG,Narancs Zsák,Yellowred Bag
block.minecraft.yellow_shulker_box,Yellow Sack,Yellow Sack,Yellow Sack,,Yellow Sack,Жёлтая сумка,Žlutý vak,Gelber Sack,sac jaune ,Saco grande amarillo,Sarı Çuval,Bolso amarillo,黄色皮革袋,Gul Sæk,Żółty worek,Жовтий мішок,Yellow sack,Sacca Gialla,ʞɔɐS ʍoꞁꞁǝ⅄,Gälbes Säckli,YLOW BAG,Sárga Zsák,Yellow Bag
block.minecraft.lime_shulker_box,Lime Sack,Lime Sack,Lime Sack,,Lime Sack,Лаймовая сумка,Světle zelený vak,Hellgrüner Sack,sac vert clair ,Saco grande verde lima,Limon Yeşili Çuval,Bolso verde lima,黄绿色皮革袋,Limegrøn Sæk,Jasnozielony worek,Лаймовий мішок,Light green sack,Sacca Lime,ʞɔɐS ǝɯᴉꞀ,Hellgrüenes Säckli,LAIM BAG,Lime Zöld Zsák,Light Green Bag
block.minecraft.green_shulker_box,Green Sack,Green Sack,Green Sack,,Green Sack,Зелёная сумка,Zelený vak,Grüner Sack,sac vert ,Saco grande verde,Yeşil Çuval,Bolso verde,绿色皮革袋,Grøn Sæk,Zielony worek,Зелений мішок,Green sack,Sacca Verde,ʞɔɐS uǝǝɹ⅁,Grünes Säckli,GREN BAG,Zöld Zsák,Green Bag
block.minecraft.cyan_shulker_box,Cyan Sack,Cyan Sack,Cyan Sack,,Cyan Sack,Бирюзовая сумка,Azurový vak,Türkiser Sack,sac cyan ,Saco grande cian,Camgöbeği Çuval,Bolso cian,青色皮革袋,Cyan Sæk,Cyjanowy worek,Бірюзовий мішок,Ocean blue sack,Sacca Ciano,ʞɔɐS uɐʎƆ,Türkises Säckli,SAYAN BAG,Ciánkék Zsák,Teal Bag
block.minecraft.light_blue_shulker_box,Light Blue Sack,Light Blue Sack,Light Blue Sack,,Light Blue Sack,Голубая сумка,Světle modrý vak,Hellblauer Sack,sac bleu clair ,Saco grande celeste,Açık Mavi Çuval,Bolso azul claro,淡蓝色皮革袋,Lyseblå Sæk,Jasnoniebieski worek,Блакитний мішок,Light Blue sack,Sacca Azzurra,ʞɔɐS ǝnꞁᗺ ʇɥᵷᴉꞀ,Hellblaues Säckli,LAIGHT BLU BAG,Világoskék Zsák,Light Bloe Bag
block.minecraft.blue_shulker_box,Blue Sack,Blue Sack,Blue Sack,,Blue Sack,Синяя сумка,Modrý vak,Blauer Sack,sac bleu ,Saco grande azul,Mavi Çuval,Bolso azul,蓝色皮革袋,Blå Sæk,Niebieski worek,Синій мішок,Blue sack,Sacca Blu,ʞɔɐS ǝnꞁᗺ,Blaues Säckli,BLU BAG,Kék Zsák,Bloe Bag
block.minecraft.purple_shulker_box,Purple Sack,Purple Sack,Purple Sack,,Purple Sack,Фиолетовая сумка,Fialový vak,Violetter Sack,sac violet ,Saco grande morado,Mor Çuval,Bolso morado,紫色皮革袋,Lilla Sæk,Fioletowy worek,Фіолетовий мішок,Purple sack,Sacca Viola,ʞɔɐS ǝꞁdɹnԀ,Violettes Säckli,PURRP BAG,Lila Zsák,Purple Bag
block.minecraft.magenta_shulker_box,Magenta Sack,Magenta Sack,Magenta Sack,,Magenta Sack,Пурпурная сумка,Purpurový vak,Magenta Sack,sac pourpre ,Saco grande magenta,Macenta Çuval,Bolso magenta,品红色皮革袋,Magentarød Sæk,Magentowy worek,Пурпурний мішок,Light purple sack,Sacca Magenta,ʞɔɐS ɐʇuǝᵷɐW,Magentanes Säckli,MEOWENTA BAG,Magenta Zsák,Mallow Bag
block.minecraft.pink_shulker_box,Pink Sack,Pink Sack,Pink Sack,,Pink Sack,Розовая сумка,Růžový vak,Rosa Sack,sac rose ,Saco grande rosado,Pembe Çuval,Bolso rosa,粉红色皮革袋,Lyserød Sæk,Różowy worek,Рожевий мішок,Pink sack,Sacca Rosa,ʞɔɐS ʞuᴉԀ,Pinkes Säckli,PAW BAG,Rózsaszin Zsák,Bleak Red Bag
item.minecraft.nether_wart,Hellspore,Hellspore,Hellspore,,Hellspore,Адские споры,Pekelné spory,Höllenspore,Champignon de l'enfer,Espora infernal,Cehennem Sporu,Espora infernal,地狱孢子,Helvedspore,,Незерський наріст,Hellspore,Spora Infernale,ǝɹodsꞁꞁǝH,Höllespore,Hell Fungus,Pokolspóra,Hellseed
item.minecraft.netherite_horse_armor,Adamant Horse Armor,Adamant Horse Armor,Adamant Horse Armor,,Adamant Horse Armour,Адамантиевая конская броня,Adamantová zbroj pro koně,Adamanter Rossharnisch,,Armadura de adamanto para caballos,Adamantin At Zırhı,Armadura de adamante para caballo,精金马铠,Ubøjelig Hesterustning,,Адамантові кінські обладунки,Brumby armor o' adamant,Bardatura di Adamanto,ɹoɯɹⱯ ǝsɹoH ʇuɐɯɐpⱯ,Adamanti Rossharnisch,HORS BONK ARMR,Adamant Lópáncél,Toughhurst Horse Harweed
item.minecraft.netherite_nautilus_armor,Adamant Nautilus Armor,Adamant Nautilus Armor,Adamant Nautilus Armor,,Adamant Nautilus Armour,Адамантиевая броня наутилуса,Adamantová loděnčí zbroj,Adamanter Nautiluspanzer,,Armadura de adamanto para nautilo,Adamantin Nautilus Zırhı,Armadura de adamante para nautilo,精金鹦鹉螺铠甲,Ubøjelig Nautilrustning,,Адамантові обладунки навтілуса,Sea beast's clothin' o' adamant,Armatura per Nautili di Adamanto,ɹoɯɹⱯ snꞁᴉʇnɐN ʇuɐɯɐpⱯ,Adamante Nautiluspanzer,SNAIL HORS BONK ARMR,Adamant Nautilusz Páncél,Toughhurst Shipperfish Harweed
item.minecraft.nether_brick,Hellbrick,Hellbrick,Hellbrick,,Hellbrick,Адский кирпич,Pekelcihla,Höllenziegel,brique e'enfer,Ladrillo infernal,Cehennem Tuğlası,Ladrillo infernal,狱砖,Helvedsmursten,,Незерська цеглина,Brick o' hell,Mattone Infernale,ʞɔᴉɹqꞁꞁǝH,Hölleziegel,HEL BRIK,Pokoltégla,Helltile
block.minecraft.nether_sprouts,Warped Sprouts,Warped Sprouts,Warped Sprouts,,Warped Sprouts,Искажённые ростки,Přízračné výhonky,Wirrsprossen,,Brotes distorsionados,Çarpık Filizler,Brotes distorsionados,诡异芽,Forskruet skud,,Незерські паростки,Twisted sprouts,Germoglio Corrotto,sʇnoɹdS pǝdɹɐM,Wirrsprosse,spoky nethr plant babiez,Egvetemedett Hajtás,Warped Sprouts
block.minecraft.nether_wart_block,Hellspore Block,Hellspore Block,Hellspore Block,,Hellspore Block,Блок адских спор,Blok pekelných spor,Höllensporenblock,,Bloque de esporas infernales,Cehennem Sporu Bloğu,Bloque de esporas infernales,地狱孢子块,Helvedsspore,,Блок незерського наросту,Chunk o' hellspore,Blocco di Spora Infernale,ʞɔoꞁᗺ ǝɹodsꞁꞁǝH,Höllesporeblock,BIG HEL FUNGUZ,Pokolspóra blokk,Hellseed Block
block.minecraft.netherrack,Hellstone,Hellstone,Hellstone,,Hellstone,Адский камень,Pekelkámen,Höllenstein,,Piedra infernal,Cehennem Taşı,Roca infernal,狱石,Helvedssten,,Незерак,Stone o' hell,Pietra Infernale,ǝuoʇsꞁꞁǝH,Höllestei,HEL ROK,,Hellstone
block.minecraft.nether_bricks,Hellbricks,Hellbricks,Hellbricks,,Hellbricks,Адские кирпичи,Pekelcihly,Höllenziegel,,Ladrillos infernales,Cehennem Tuğlası,Ladrillos infernales,狱砖块,Helvedsmursten,,Незерська цегла,Bricks o' hell,Mattoni Infernali,sʞɔᴉɹqꞁꞁǝH,Hölleziegel,HEL BRIKS,,Helltiles
block.minecraft.cracked_nether_bricks,Cracked Hellbricks,Cracked Hellbricks,Cracked Hellbricks,,Cracked Hellbricks,Потрескавшиеся адские кирпичи,Popraskané pekelcihly,Rissige Höllenziegel,,Ladrillos infernales agrietados,Kırık Cehennem Tuğlası,Ladrillos infernales agrietados,裂纹狱砖块,Revnede Helvedsmursten,,Тріснута незерська цегла,Cracked bricks o' hell,Mattoni Infernali Crepati,sʞɔᴉɹqꞁꞁǝH pǝʞɔɐɹƆ,Rissiger Hölleziegel,BREAKED HEL BRIKS,,Cracked Helltiles
block.minecraft.nether_brick_stairs,Hellbrick Stairs,Hellbrick Stairs,Hellbrick Stairs,,Hellbrick Stairs,Ступеньки из адского кирпича,Pekelcihlové schody,Höllenziegeltreppe,,Escaleras de ladrillos infernales,Cehennem Tuğla Merdiveni,Escaleras de ladrillos infernales,狱砖楼梯,Helvedsmurstenstrappe,,Сходи з незерської цегли,Stairs o' brick o' hell,Scalini di Mattoni Infernali,sɹᴉɐʇS ʞɔᴉɹqꞁꞁǝH,Hölleziegelträppe,HEL BRIKS CLIMBY,,Helltile Stairs
block.minecraft.nether_brick_slab,Hellbrick Slab,Hellbrick Slab,Hellbrick Slab,,Hellbrick Slab,Плита из адского кирпича,Pekelcihlový půlblok,Höllenziegelstufe,,Losa de ladrillos infernales,Cehennem Tuğla Basamağı,Losa de ladrillos infernales,狱砖台阶,Helvedsmurstensflise,,Плита з незерської цегли,Slab o' brick o' hell,Lastra di Mattoni Infernali,qɐꞁS ʞɔᴉɹqꞁꞁǝH,Hölleziegelstufe,SMOL HEL BRIK,,Helltile Halfclot
block.minecraft.nether_brick_wall,Hellbrick Wall,Hellbrick Wall,Hellbrick Wall,,Hellbrick Wall,Ограда из адского кирпича,Pekelcihlová zídka,Höllenziegelmauer,,Pared de ladrillos infernales,Cehennem Tuğla Duvarı,Muro de ladrillos infernales,狱砖墙,Helvedsmurstensvæg,,Стіна з незерської цегли,Wall o' brick o' hell,Muro di Mattoni Infernali,ꞁꞁɐM ʞɔᴉɹqꞁꞁǝH,Hölleziegelmuure,HEL BRIKS WOL,,Helltile Wall
block.minecraft.nether_brick_fence,Hellbrick Fence,Hellbrick Fence,Hellbrick Fence,,Hellbrick Fence,Забор из адского кирпича,Pekelcihlový plot,Höllenziegelzaun,,Valla de ladrillos infernales,Cehennem Tuğla Çiti,Valla de ladrillos infernales,狱砖栅栏,Helvedsmurstenshegn,,Паркан із незерської цегли,Picket o' brick o'hell,Staccionata di Mattoni Infernali,ǝɔuǝℲ ʞɔᴉɹqꞁꞁǝH,Hölleziegelhaag,HEL BRIKS FENZ,,Helltile Edder
block.minecraft.chiseled_nether_bricks,Chiseled Hellbricks,Chiseled Hellbricks,Chiseled Hellbricks,,Chiselled Hellbricks,Резные адские кирпичи,Opracované pekelcihly,Gemeißelte Höllenziegel,,Ladrillos infernales cincelados,Yontulmuş Cehennem Taşı,Ladrillos infernales cincelados,雕纹狱砖块,Mejslede Helvedsmursten,,Різьблена незерська цегла,Carv'd bricks o' hell,Mattoni Infernali Cesellati,sʞɔᴉɹqꞁꞁǝH pǝꞁǝsᴉɥƆ,Gemeisselte Hölleziegel,HEL BRIKS BUT FANCY,,Graved Helltiles
block.minecraft.red_nether_bricks,Red Hellbricks,Red Hellbricks,Red Hellbricks,,Red Hellbricks,Красные адские кирпичи,Červené pekelcihly,Rote Höllenziegel,,Ladrillos infernales rojos,Kırmızı Cehennem Tuğlası,Ladrillos infernales rojos,红狱砖块,Røde Helvedsmursten,,Червона незерська цегла,Scarlet bricks o' hell,Mattoni Infernali Rossi,sʞɔᴉɹqꞁꞁǝH pǝᴚ,Rote Hölleziegel,RED HEL BRIKS,,Red Helltiles
block.minecraft.red_nether_brick_stairs,Red Hellbrick Stairs,Red Hellbrick Stairs,Red Hellbrick Stairs,,Red Hellbrick Stairs,Ступеньки из красного адского кирпича,Schody z červených pekelcihel,Rote Höllenziegeltreppe,,Escaleras de ladrillos infernales rojos,Kırmızı Cehennem Tuğla Merdiveni,Escaleras de ladrillos infernales rojos,红狱砖楼梯,Rød Helvedsmurstenstrappe,,Сходи з червоної незерської цегли,Stairs o' scarlet brick o' hell,Scalini di Mattoni Infernali Rossi,sɹᴉɐʇS ʞɔᴉɹqꞁꞁǝH pǝᴚ,Roti Hölleziegelträppe,RED HEL BRIKS CLIMBY,,Red Helltile Stairs
block.minecraft.red_nether_brick_slab,Red Hellbrick Slab,Red Hellbrick Slab,Red Hellbrick Slab,,Red Hellbrick Slab,Плита из красного адского кирпича,Půlblok z červených pekelcihel,Rote Höllenziegelstufe,,Losa de ladrillos infernales rojos,Kırmızı Cehennem Tuğla Basamağı,Losa de ladrillos infernales rojos,红狱砖台阶,Rød Helvedsmurstensflise,,Плита з червоної незерської цегли,Slab o' scarlet brick o' hell,Lastra di Mattoni Infernali Rossi,qɐꞁS ʞɔᴉɹqꞁꞁǝH pǝᴚ,Roti Hölleziegelstufe,RED SMOL HEL BRIK,,Red Helltile Halfclot
block.minecraft.red_nether_brick_wall,Red Hellbrick Wall,Red Hellbrick Wall,Red Hellbrick Wall,,Red Hellbrick Wall,Ограда из красного адского кирпича,Zídka z červených pekelcihel,Rote Höllenziegelmauer,,Pared de ladrillos infernales rojos,Kırmızı Cehennem Tuğla Duvarı,Muro de ladrillos infernales rojos,红狱砖墙,Rød Helvedsmurstensvæg,,Стіна з червоної незерської цегли,Wall o' scarlet brick o' hell,Muro di Mattoni Infernali Rossi,ꞁꞁɐM ʞɔᴉɹqꞁꞁǝH pǝᴚ,Roti Hölleziegelmuure,RED HEL BRIKS WOL,,Red Helltile Wall
block.minecraft.dripstone_block,Flowstone,Flowstone,Flowstone,,Flowstone,Натечная кора,Sintr,Sinter,,Caliza colada,Damla Taşı,Caliza colada,流石,kalkaflejring,,Натічний камінь,Flowstone,,ǝuoʇsʍoꞁℲ,Sinter,goopy rok,,Flowstone
block.minecraft.pointed_dripstone,Speleothem,Speleothem,Speleothem,,Speleothem,Спелеотем,Speleotém,Speläothem,,Espeleotema,Sivri Damla Taşı,Espeleotema,钟乳体,kalkaflejringspids,,Спелеотема,Speleothem,Speleotema,ɯǝɥʇoǝꞁǝdS,Speläothem,pointy cave rok,,Speleothem
block.minecraft.petrified_oak_slab,Dirt Slab,Dirt Slab,Dirt Slab,,Dirt Slab,Земляная плита,Hliněný půlblok,Erdenstufe,,Losa de tierra,Toprak Basamak,Losa de tierra,泥土台阶,Jordflise,Ziemny półpłytek,Земляна плита,Slab o' filth,Concrezione,qɐꞁS ʇɹᴉᗡ,Ärdstufe,SMOL DIRT,,Dirt Halfclot
block.minecraft.end_stone_bricks,Brown Sandstone,Brown Sandstone,Brown Sandstone,,Brown Sandstone,Коричневый песчаник,Hnědý pískovec,Brauner Sandstein,,Arenisca marrón,Kahverengi Kumtaşı,Arenisca marrón,棕色砂岩,Brun Sandsten,Brązowy piaskowiec,Коричневий пісковик,Brown stone o' sands,Arenaria Marrone,ǝuoʇspuɐS uʍoɹᗺ,Brune Sandstei,Broun Sandy Rock,,Brown Sandstone
block.minecraft.end_stone_brick_stairs,Brown Sandstone Stairs,Brown Sandstone Stairs,Brown Sandstone Stairs,,Brown Sandstone Stairs,Ступеньки из коричневого песчаника,Schody z hnědého pískovce,Braune Sandsteintreppe,,Escaleras de arenisca marrón,Kahverengi Kumtaşı Merdiveni,Escaleras de arenisca marrón,棕色砂岩楼梯,Brun Sandstenstrappe,Brązowe schody z piaskowca,Сходи з коричневого пісковику,Stairs o' brown stone o' sands,Scalini di Arenaria Marrone,sɹᴉɐʇS ǝuoʇspuɐS uʍoɹᗺ,Bruni Sandsteiträppe,Broun Sandy Climby,,Brown Sandstone Stairs
block.minecraft.end_stone_brick_slab,Brown Sandstone Slab,Brown Sandstone Slab,Brown Sandstone Slab,,Brown Sandstone Slab,Плита из коричневого песчаника,Půlblok z hnědého pískovce,Braune Sandsteinstufe,,Losa de arenisca marrón,Kahverengi Kumtaşı Basamağı,Losa de arenisca marrón,棕色砂岩台阶,Brun Sandstensflise,Brązowy półpłytek z piaskowca,Плита з коричневого пісковику,Slab o' brown stone o' sands,Lastra di Arenaria Marrone,qɐꞁS ǝuoʇspuɐS uʍoɹᗺ,Bruni Sandsteistufe,Broun Smol Sandy Rock,,Brown Sandstone Halfclot
block.minecraft.end_stone_brick_wall,Brown Sandstone Wall,Brown Sandstone Wall,Brown Sandstone Wall,,Brown Sandstone Wall,Ограда из коричневого песчаника,Zídka z hnědého pískovce,Braune Sandsteinmauer,,Pared de arenisca marrón,Kahverengi Kumtaşı Duvarı,Muro de arenisca marrón,棕色砂岩墙,Brun Sandstensvæg,Brązowa ściana z piaskowca,Стіна з коричневого пісковику,Wall o' brown stone o' sands,Muro di Arenaria Marrone,ꞁꞁɐM ǝuoʇspuɐS uʍoɹᗺ,Bruni Sandsteimuure,Broun Sandy Wol,,Brown Sandstone Wall
block.minecraft.ochre_froglight,Ochre Phosphor Lamp,Ochre Phosphor Lamp,Ochre Phosphor Lamp,,Ochre Phosphor Lamp,Охристая фосфорная лампа,Lampa z okrového fosforu,Ockerne Phosphorlampe,,Lámpara de fósforo ocre,Okra Fosforlu Lamba,Lámpara de fósforo ocre,赭黄磷光灯,,Ochrowa lampa fosforowa,Вохриста фосфорна лампа,Ochre lanterrrn o' phosphor,Lampada Fluorescente Ocra,dɯɐꞀ ɹoɥdsoɥԀ ǝɹɥɔO,Ockerni Phosphorlampe,Yella Glowy Boi,,Yellow Phosphor Light
block.minecraft.pearlescent_froglight,Pearlescent Phosphor Lamp,Pearlescent Phosphor Lamp,Pearlescent Phosphor Lamp,,Pearlescent Phosphor Lamp,Перламутровая фосфорная лампа,Lampa z perleťového fosforu,Perlmutternde Phosphorlampe,,Lámpara de fósforo nacarada,Sedefli Fosforlu Lamba,Lámpara de fósforo perlada,珠光磷光灯,,Perłowa lampa fosforowa,Перламутрова фосфорна лампа,Pearlescent lanterrrn o' phosphor,Lampada Fluorescente Perlescente,dɯɐꞀ ɹoɥdsoɥԀ ʇuǝɔsǝꞁɹɐǝԀ,Perlmuetterni Phosphorlampe,Shiny Glowy Boi,,White Phosphor Light
block.minecraft.verdant_froglight,Verdant Phosphor Lamp,Verdant Phosphor Lamp,Verdant Phosphor Lamp,,Verdant Phosphor Lamp,Малахитовая фосфорная лампа,Lampa z nazelenalého fosforu,Junggrüne Phosphorlampe,,Lámpara de fósforo verdosa,Yeşil Fosforlu Lamba,Lámpara de fósforo verde,青翠磷光灯,,Zielona lampa fosforowa,Зеленкава фосфорна лампа,Verdant lanterrrn o' phosphor,Lampada Fluorescente Verdeggiante,dɯɐꞀ ɹoɥdsoɥԀ ʇuɐpɹǝɅ,Junggrüeni Phosphorlampe,Gren Glowy Boi,,Green Phosphor Light
block.minecraft.prismarine,Malachite,Malachite,Malachite,,Malachite,Малахит,Malachit,Malachit,,Malaquita,Malahit,Malaquita,孔雀石,Malakit,Malachit,Малахіт,Malachite,Malachite,ǝʇᴉɥɔɐꞁɐW,Malachit,Gren Shiny Rock,,Malachite
block.minecraft.prismarine_stairs,Malachite Stairs,Malachite Stairs,Malachite Stairs,,Malachite Stairs,Малахитовые ступеньки,Malachitové schody,Malachittreppe,,Escaleras de malaquita,Malahit Merdiveni,Escaleras de malaquita,孔雀石楼梯,Malakittrappe,Malachitowe schody,Малахітові сходи,Stairs o' malachite,Scalini di Malachite,sɹᴉɐʇS ǝʇᴉɥɔɐꞁɐW,Malachitträppe,Gren Shiny Climby,,Malachite Stairs
block.minecraft.prismarine_slab,Malachite Slab,Malachite Slab,Malachite Slab,,Malachite Slab,Малахитовая плита,Malachitový půlblok,Malachitstufe,,Losa de malaquita,Malahit Basamağı,Losa de malaquita,孔雀石台阶,Malakitflise,Malachitowy półpłytek,Малахітова плита,Slab o' malachite,Lastra di Malachite,qɐꞁS ǝʇᴉɥɔɐꞁɐW,Malachitstufe,Gren Shiny Smol Rock,,Malachite Halfclot
block.minecraft.prismarine_wall,Malachite Wall,Malachite Wall,Malachite Wall,,Malachite Wall,Малахитовая ограда,Malachitová zídka,Malachitwand,,Pared de malaquita,Malahit Duvarı,Muro de malaquita,孔雀石墙,Malakitvæg,Malachitowa ściana,Малахітова стіна,Wall o' malachite,Muro di Malachite,ꞁꞁɐM ǝʇᴉɥɔɐꞁɐW,Malachitmuure,Gren Shiny Wol,,Malachite Wall
block.minecraft.prismarine_bricks,Malachite Bricks,Malachite Bricks,Malachite Bricks,,Malachite Bricks,Малахитовые кирпичи,Malachitové cihly,Malachitziegel,,Ladrillos de malaquita,Malahit Tuğlası,Ladrillos de malaquita,孔雀石砖,Malakitmursten,Malachitowe cegły,Малахітова цегла,Bricks o' malachite,Mattoni di Malachite,sʞɔᴉɹᗺ ǝʇᴉɥɔɐꞁɐW,Malachitziegel,Gren Shiny Briks,,Malachite Tiles
block.minecraft.prismarine_brick_stairs,Malachite Brick Stairs,Malachite Brick Stairs,Malachite Brick Stairs,,Malachite Brick Stairs,Малахитовые кирпичные ступеньки,Schody z malachitových cihel,Malachitziegeltreppe,,Escaleras de ladrillos de malaquita,Mahait Tuğla Merdiveni,Escaleras de ladrillos de malaquita,孔雀石砖楼梯,Malakitmurstenstrappe,Malachitowe schody ceglane,Сходи з малахітової цегли,Stairs o' brick o' malachite,Scalini di Mattoni di Malachite,sɹᴉɐʇS ʞɔᴉɹᗺ ǝʇᴉɥɔɐꞁɐW,Malachitziegelträppe,Gren Shiny Brik Climby,,Malachite Tile Stairs
block.minecraft.prismarine_brick_slab,Malachite Brick Slab,Malachite Brick Slab,Malachite Brick Slab,,Malachite Brick Slab,Малахитовая кирпичная плита,Půlblok z malachitových cihel,Malachitziegelstufe,,Losa de ladrillos de malaquita,Malahit Tuğla Basamağı,Losa de ladrillos de malaquita,孔雀石砖台阶,Malakitmurstensflise,Malachitowy półpłytek ceglany,Плита з малахітової цегли,Slab o' brick o' malachite,Lastra di Mattoni di Malachite,qɐꞁS ʞɔᴉɹᗺ ǝʇᴉɥɔɐꞁɐW,Malachitziegelstufe,Gren Shiny Smol Brik,,Malachite Tile Slab
block.minecraft.dark_prismarine,Dark Malachite,Dark Malachite,Dark Malachite,,Dark Malachite,Тёмный малахит,Tmavý malachit,Dunkles Malachit,,Malaquita oscura,Koyu Malahit,Malaquita oscura,暗色孔雀石,Mørk Malakit,Ciemny malachit,Темний малахіт,Dusky malachite,Malachite Scura,ǝʇᴉɥɔɐꞁɐW ʞɹɐᗡ,Dunkles Malachit,DARK GREN SHINY ROK,,Dark Malachite
block.minecraft.dark_prismarine_stairs,Dark Malachite Stairs,Dark Malachite Stairs,Dark Malachite Stairs,,Dark Malachite Stairs,Тёмные малахитовые ступеньки,Schody z tmavého malachitu,Dunkle Malachittreppe,,Escaleras de malaquita oscura,Koyu Malahit Merdiveni,Escaleras de malaquita oscura,暗色孔雀石楼梯,Mørk Malakittrappe,Ciemne malachitowe schody,Сходи з темного малахіту,Stairs o' dusky malachite,Scalini di Malachite Scura,sɹᴉɐʇS ǝʇᴉɥɔɐꞁɐW ʞɹɐᗡ,Dunkli Malachitträppe,dark gren shiny climby,,Dark Malachite Stairs
block.minecraft.dark_prismarine_slab,Dark Malachite Slab,Dark Malachite Slab,Dark Malachite Slab,,Dark Malachite Slab,Тёмная малахитовая плита,Půlblock z tmavého malachitu,Dunkle Malachitstufe,,Losa de malaquita oscura,Koyu Malahit Basamağı,Losa de malaquita oscura,暗色孔雀石台阶,Mørk Malakitflise,Ciemny malachitowy półpłytek,Плита з темного малахіту,Slab o' dusky malachite,Lastra di Malachite Scura,qɐꞁS ǝʇᴉɥɔɐꞁɐW ʞɹɐᗡ,Dunkli Malachitstufe,dark gren smol shiny rok,,Dark Malachite Halfclot
block.minecraft.sea_lantern,Malachite Lantern,Malachite Lantern,Malachite Lantern,,Malachite Lantern,Малахитовый фонарь,Malachitová lucerna,Malachit Laterne,,Linterna de malaquita,Malahit Lambası,Linterna de malaquita,孔雀石灯笼,Malakitlampe,Malachitowa latarnia,Малахітовий ліхтар,Lanterrrn o' malachite,Lanterna di Malachite,uɹǝʇuɐꞀ ǝʇᴉɥɔɐꞁɐW,Malachit Laterne,gren shiny lite boks,,Malachite Lantern
block.minecraft.glowstone,Crystallised Estus,Crystallized Estus,Crystallised Estus,,Crystallized Estus,Кристаллизованный эстус,Zkrystalizovaný estus,Kristallisierter Estus,,Estus cristalizado,Kristalize Estus,Estus cristalizado,结晶原素,krystalliseret Estus,Skrystalizowany ruj,Кристалізований естус,Estus crystal,Estro Cristallizzato,snʇsƎ pǝsᴉꞁꞁɐʇsʎɹƆ,Kristallisierte Estus,CRYSTEL HEALE JUIS,,Crystallised Hellfire
entity.minecraft.villager.leatherworker,Forester,Lumberjack,Forester,,Lumberjack,Лесник,Lesník,Förster,,Silvicultor,Ormancı,Guardabosque,林务员,skovfoged,Leśniczy,Лісник,Forest'r,Forestiero,ɹǝʇsǝɹoℲ,Förschter,tre touchr,,Woodward
entity.minecraft.villager.cartographer,Archaeologist,Archaeologist,Archaeologist,,Archaeologist,Археолог,Archeolog,Archeologe,,Arqueólogo,Arkeolog,Arqueólogo,考古学家,Arkæolog,Archeolog,Мандрівник,Antiquarian,Archeologo,ʇsᴉᵷoꞁoǝɐɥɔɹⱯ,Archeolog,dirt lot goblin,,Archaeologist
entity.minecraft.villager.armorer,Engineer,Engineer,Engineer,,Engineer,Инженер,Inženýr,Ingenieur,,Ingeniero,Mühendis,Ingeniero,工程师,Ingeniør,Inżynier,Інженер,Engineer,Ingegnere,ɹǝǝuᴉᵷuƎ,Ingenieur,redston nerd,,Wright
entity.minecraft.villager.cleric,Chemist,Chemist,Chemist,,Chemist,Химик,Drogista,Chemiker,,Químico,Kimyager,Químico,化学家,Kemist,Chemik,Хімік,Apothecary,Chimico,ʇsᴉɯǝɥƆ,Chemiker,potionz nerd,,Blendloreman
entity.minecraft.villager.toolsmith,Jeweler,Jeweler,Jeweler,,Jeweler,Ювелир,Zlatník,Juwellier,,Joyero,Kuyumcu,Joyero,珠宝匠,Juveler,Jubiler,Ювелір,Smuggler,Orafo,ɹǝꞁǝʍǝՐ,Juwellier,shiny rok injoyr,,Jeweler
entity.minecraft.villager.butcher,Cook,Cook,Cook,,Cook,Повар,Kuchař,Koch,,Cocinero,Aşçı,Cocinero,厨师,Kok,Kucharz,Кухар,Grub-spoiler,Cuoco,ʞooƆ,Koch,fod go brrr,,Cook
entity.minecraft.villager.librarian,Mouthpiece,Mouthpiece,Mouthpiece,,Mouthpiece,Оратор,Orátor,Redner,,Orador,Sözcü,Orador,代言人,Talerør,Ustnik,Глашатай,Parley-master,Portavoce,ǝɔǝᴉdɥʇnoW,Redner,talky bit,,Mouthpiece
block.kleispack.banner.classic_pride,Classic Pride,Classic Pride,Classic Pride,,Classic Pride,Классический прайд,Klasický Pride,Klassischer Pride,,Orgullo clásico,Klasik Onur,Orgullo clásico,经典彩虹骄傲,Klassisk Pride,Klasyczna duma,Класичний прайд,Tried and true pride,Pride Classico,ǝpᴉɹԀ ɔᴉssɐꞁƆ,Klassische Pride,OLD RAINBOW,,
block.kleispack.banner.common_pride,Common Pride,Common Pride,Common Pride,,Common Pride,Обычный прайд,Obyčejný Pride,Gewöhnlicher Pride,,Orgullo común,Yaygın Onur,Orgullo común,通用骄傲,Almindelig Pride,Prosta duma,Загальний прайд,Run-of-the-deck pride,Pride Comune,ǝpᴉɹԀ uoɯɯoƆ,Gewöhnliche Pride,RAINBOW,,
block.kleispack.banner.new_pride,New Pride,New Pride,New Pride,,New Pride,Новый прайд,Nový Pride,Neuer Pride,,Orgullo nuevo,Yeni Onur,Nuevo orgullo,新版骄傲,Ny Pride,Nowa duma,Новий прайд,Fresh pride,Pride Nuovo,ǝpᴉɹԀ ʍǝN,Neue Pride,NEW RAINBOW,,
block.kleispack.banner.trans_pride,Trans Pride,Trans Pride,Trans Pride,,Trans Pride,Транс-прайд,Trans Pride,Trans Pride,,Orgullo trans,Trans Onur,Orgullo trans,跨性别骄傲,Trans Pride,Trans duma,Транс-прайд,Trans pride,Pride Trans,ǝpᴉɹԀ suɐɹ⟘,Trans Pride,TRANZ RAINBOW,,
block.kleispack.banner.actup,Act Up,Act Up,Act Up,,Act Up,ACT UP,Act Up,Act Up,,Act Up,Act Up,ACT UP,ACT UP,,,ACT UP,ACT UP,Act Up,d∩ ʇɔⱯ,Act Up,ACT UP RAINBOW,,
block.kleispack.banner.nb_pride,Non-Binary Pride,Non-Binary Pride,Non-Binary Pride,,Non-Binary Pride,Небинарный прайд,Nebinární Pride,Non-binärer Pride,,Orgullo no binario,İkilik Dışı Onur,Orgullo no binario,非二元性别骄傲,Nonbinær Pride,Nie-binarna duma,Небінарний прайд,Out-o'-the-binary pride,Pride Non-Binari*,ǝpᴉɹԀ ʎɹɐuᴉᗺ-uoN,Non-binäre Pride,NONBINARY RAINBOW,,
block.kleispack.banner.ace_pride,Ace Pride,Ace Pride,Ace Pride,,Ace Pride,Асексуальный прайд,Asexuální Pride,Ace Pride,,Orgullo ace,Aseksüel Onur,Orgullo asexual,无性恋骄傲,Ace Pride,Ace duma,Асексуальний прайд,Pride o' th' aces,Pride Asessuale,ǝpᴉɹԀ ǝɔⱯ,Ace Pride,ACE RAINBOW,,
block.kleispack.banner.bi_pride,Bi Pride,Bi Pride,Bi Pride,,Bi Pride,Би-прайд,Bi Pride,Bi Pride,,Orgullo bi,Biseksüel Onur,Orgullo bisexual,双性恋骄傲,Bi Pride,Bi duma,Бісексуальний прайд,Bi pride,Pride Bisessuale,ǝpᴉɹԀ ᴉᗺ,Bi Pride,BI RAINBOW,,
block.kleispack.banner.lesbian_pride,Lesbian Pride,Lesbian Pride,Lesbian Pride,,Lesbian Pride,Лесби-прайд,Lesbický Pride,Lesbischer Pride,,Orgullo lésbico,Lezbiyen Onur,Orgullo lésbico,女同性恋骄傲,Lesbisk Pride,Lesbian duma,Лесбійський прайд,Lesbian pride,Pride Lesbico,ǝpᴉɹԀ uɐᴉqsǝꞀ,Lesbische Pride,LESBIAN RAINBOW,,
block.kleispack.banner.inclusive_pride,Inclusive Pride,Inclusive Pride,Inclusive Pride,,Inclusive Pride,Инклюзивный прайд,Inklusivní Pride,Inklusiver Pride,,Orgullo inclusivo,Kapsayıcı Onur,Orgullo inclusivo,包容性骄傲,Inklusiv Pride,Inkluzywna duma,Інклюзивний прайд,Pride fer the whole crew,Pride Inclusivo,ǝpᴉɹԀ ǝʌᴉsnꞁɔuI,Inklusive Pride,EVERYBODYS RAINBOW,,
block.kleispack.banner.classic_pride.white,Classic Pride,Classic Pride,Classic Pride,,Classic Pride,Классический прайд,Klasický Pride,Klassischer Pride,,Orgullo clásico,Klasik Onur,Orgullo clásico,经典彩虹骄傲,Klassisk Pride,Klasyczna duma,Класичний прайд,Tried 'n' true pride,Pride Classico,ǝpᴉɹԀ ɔᴉssɐꞁƆ,Klassische Pride,,,
block.kleispack.banner.common_pride.white,Common Pride,Common Pride,Common Pride,,Common Pride,Обычный прайд,Obyčejný Pride,Gewöhnlicher Pride,,Orgullo común,Yaygın Onur,Orgullo común,通用骄傲,Almindelig Pride,Pospolita duma,Загальний прайд,Run-of-the-deck pride,Pride Comune,ǝpᴉɹԀ uoɯɯoƆ,Gewöhnlicher Pride,,,
block.kleispack.banner.new_pride.white,New Pride,New Pride,New Pride,,New Pride,Новый прайд,Nový Pride,Neuer Pride,,Orgullo nuevo,Yeni Onur,Nuevo orgullo,新版骄傲,Ny Pride,Nowa duma,Новий прайд,Fresh pride,Pride Nuovo,ǝpᴉɹԀ ʍǝN,Neue Pride,,,
block.kleispack.banner.trans_pride.white,Trans Pride,Trans Pride,Trans Pride,,Trans Pride,Транс-прайд,Trans Pride,Trans Pride,,Orgullo trans,Trans Onur,Orgullo trans,跨性别骄傲,Trans Pride,Trans duma,Транс-прайд,Trans pride,Pride Trans,ǝpᴉɹԀ suɐɹ⟘,Trans Pride,,,
block.kleispack.banner.actup.white,Act Up,Act Up,Act Up,,Act Up,ACT UP,Act Up,Act Up,,Act Up,Act Up,ACT UP,ACT UP,,ACT UP,ACT UP,ACT UP,Act Up,d∩ ʇɔⱯ,Act Up,,,
block.kleispack.banner.nb_pride.white,Non-Binary Pride,Non-Binary Pride,Non-Binary Pride,,Non-Binary Pride,Небинарный прайд,Nebinární Pride,Non-binärer Pride,,Orgullo no binario,İkilik Dışı Onur,Orgullo no binario,非二元性别骄傲,Nonbinær Pride,Niebinarna duma,Небінарний прайд,Out-o'-the-binary pride,Pride Non-Binari*,ǝpᴉɹԀ ʎɹɐuᴉᗺ-uoN,Non-binäre Pride,,,
block.kleispack.banner.ace_pride.white,Ace Pride,Ace Pride,Ace Pride,,Ace Pride,Асексуальный прайд,Asexuální Pride,Ace Pride,,Orgullo ace,Aseksüel Onur,Orgullo asexual,无性恋骄傲,Ace Pride,Aseksualna duma,Асексуальний прайд,Pride o' th' aces,Pride Asessuale,ǝpᴉɹԀ ǝɔⱯ,Ace Pride,,,
block.kleispack.banner.bi_pride.white,Bi Pride,Bi Pride,Bi Pride,,Bi Pride,Би-прайд,Bi Pride,Bi Pride,,Orgullo bi,Biseksüel Onur,Orgullo bisexual,双性恋骄傲,Bi Pride,Biseksualna duma,Бісексуальний прайд,Bi pride,Pride Bisessuale,ǝpᴉɹԀ ᴉᗺ,Bi Pride,,,
block.kleispack.banner.lesbian_pride.white,Lesbian Pride,Lesbian Pride,Lesbian Pride,,Lesbian Pride,Лесби-прайд,Lesbický Pride,Lesbischer Pride,,Orgullo lésbico,Lezbiyen Onur,Orgullo lésbico,女同性恋骄傲,Lesbisk Pride,Lezbijska duma,Лесбійський прайд,Lesbian pride,Pride Lesbico,ǝpᴉɹԀ uɐᴉqsǝꞀ,Lesbische Pride,,,
block.kleispack.banner.inclusive_pride.white,Inclusive Pride,Inclusive Pride,Inclusive Pride,,Inclusive Pride,Инклюзивный прайд,Inklusivní Pride,Inklusiver Pride,,Orgullo inclusivo,Kapsayıcı Onur,Orgullo inclusivo,包容性骄傲,Inklusiv Pride,Inkluzywna duma,Інклюзивний прайд,Pride fer the whole crew,Pride Inclusivo,ǝpᴉɹԀ ǝʌᴉsnꞁɔuI,Inklusive Pride,,,
block.kleispack.banner.classic_pride.black,Classic Pride Black Wash,Classic Pride Black Wash,Classic Pride Black Wash,,Classic Pride Black Wash,"Классический прайд, чёрный оттенок","Klasický Pride, černý odstín","Klassischer Pride, Schwarz Getönt",,"Orgullo clásico, lavado negro",Siyah Tonlu Klasik Onur,Orgullo clásico con tinte negro,经典彩虹骄傲 黑色罩染,Klassisk Pride vasket sort,,Класичний прайд чорний відтінок,Black-wash'd tried 'n' true pride,,ɥsɐM ʞɔɐꞁᗺ ǝpᴉɹԀ ɔᴉssɐꞁƆ,"Klassische Pride, Schwarz gfärbt",,,
block.kleispack.banner.common_pride.black,Common Pride Black Wash,Common Pride Black Wash,Common Pride Black Wash,,Common Pride Black Wash,"Обычный прайд, чёрный оттенок","Obyčejný Pride, černý odstín","Gewöhnlicher Pride, Schwarz Getönt",,"Orgullo común, lavado negro",Siyah Tonlu Yaygın Onur,Orgullo común con tinte negro,通用骄傲 黑色罩染,Almindelig Pride vasket sort,,Загальний прайд чорний відтінок,Black-wash'd run-of-the-deck pride,,ɥsɐM ʞɔɐꞁᗺ ǝpᴉɹԀ uoɯɯoƆ,"Gewöhnliche Pride, Schwarz gfärbt",,,
block.kleispack.banner.new_pride.black,New Pride Black Wash,New Pride Black Wash,New Pride Black Wash,,New Pride Black Wash,"Новый прайд, чёрный оттенок","Nový Pride, černý odstín","Neuer Pride, Schwarz Getönt",,"Orgullo nuevo, lavado negro",Siyah Tonlu Yeni Onur,Nuevo orgullo con tinte negro,新版骄傲 黑色罩染,Ny Pride vasket sort,,Новий прайд чорний відтінок,Black-wash'd fresh pride,,ɥsɐM ʞɔɐꞁᗺ ǝpᴉɹԀ ʍǝN,"Neue Pride, Schwarz gfärbt",,,
block.kleispack.banner.trans_pride.black,Trans Pride Black Wash,Trans Pride Black Wash,Trans Pride Black Wash,,Trans Pride Black Wash,"Транс-прайд, чёрный оттенок","Trans Pride, černý odstín","Trans Pride, Schwarz Getönt",,"Orgullo trans, lavado negro",Siyah Tonlu Trans Onur,Orgullo trans con tinte negro,跨性别骄傲 黑色罩染,Trans Pride vasket sort,,Транс-прайд чорний відтінок,Black-wash'd trans pride,,ɥsɐM ʞɔɐꞁᗺ ǝpᴉɹԀ suɐɹ⟘,"Trans Pride, Schwarz gfärbt",,,
block.kleispack.banner.actup.black,Act Up Black Wash,Act Up Black Wash,Act Up Black Wash,,Act Up Black Wash,"ACT UP, чёрный оттенок","Act Up, černý odstín","Act Up, Schwarz Getönt",,"Act Up, lavado negro",Siyah Tonlu Act Up,ACT UP con tinte negro,ACT UP 黑色罩染,,,ACT UP чорний відтінок,Black-wash'd ACT UP,,ɥsɐM ʞɔɐꞁᗺ d∩ ʇɔⱯ,"Act Up, Schwarz gfärbt",,,
block.kleispack.banner.nb_pride.black,Non-Binary Pride Black Wash,Non-Binary Pride Black Wash,Non-Binary Pride Black Wash,,Non-Binary Pride Black Wash,"Небинарный прайд, чёрный оттенок","Nebinární Pride, černý odstín","Non-binärer Pride, Schwarz Getönt",,"Orgullo no binario, lavado negro",Siyah Tonlu İkilik Dışı Onur,Orgullo no binario con tinte negro,非二元性别骄傲 黑色罩染,Nonbinær Pride vasket sort,,Небінарний прайд чорний відтінок,Black-wash'd out-o'-the-binary pride,,uoN,"Non-binäre Pride, Schwarz gfärbt",,,
block.kleispack.banner.ace_pride.black,Ace Pride Black Wash,Ace Pride Black Wash,Ace Pride Black Wash,,Ace Pride Black Wash,"Асексуальный прайд, чёрный оттенок","Asexuální Pride, černý odstín","Ace Pride, Schwarz Getönt",,"Orgullo ace, lavado negro",Siyah Tonlu Aseksüel Onur,Orgullo asexual con tinte negro,无性恋骄傲 黑色罩染,Ace Pride vasket sort,,Асексуальний прайд чорний відтінок,Black-wash'd pride o' th' aces,,ɥsɐM ʞɔɐꞁᗺ ǝpᴉɹԀ ǝɔⱯ,"Ace Pride, Schwarz gfärbt",,,
block.kleispack.banner.bi_pride.black,Bi Pride Black Wash,Bi Pride Black Wash,Bi Pride Black Wash,,Bi Pride Black Wash,"Би-прайд, чёрный оттенок","Bi Pride, černý odstín","Bi Pride, Schwarz Getönt",,"Orgullo bi, lavado negro",Siyah Tonlu Biseksüel Onur,Orgullo bisexual con tinte negro,双性恋骄傲 黑色罩染,Bi Pride vasket sort,,Бісексуальний прайд чорний відтінок,Black-wash'd bi pride,,ɥsɐM ʞɔɐꞁᗺ ǝpᴉɹԀ ᴉᗺ,"Bi Pride, Schwarz gfärbt",,,
block.kleispack.banner.lesbian_pride.black,Lesbian Pride Black Wash,Lesbian Pride Black Wash,Lesbian Pride Black Wash,,Lesbian Pride Black Wash,"Лесби-прайд, чёрный оттенок","Lesbický Pride, černý odstín","Lesbischer Pride, Schwarz Getönt",,"Orgullo lésbico, lavado negro",Siyah Tonlu Lezbiyen Onur,Orgullo lésbico con tinte negro,女同性恋骄傲 黑色罩染,Lesbisk Pride vasket sort,,Лесбійський прайд чорний відтінок,Black-wash'd lesbian pride,,ɥsɐM ʞɔɐꞁᗺ ǝpᴉɹԀ uɐᴉqsǝꞀ,"Lesbische Pride, Schwarz gfärbt",,,
block.kleispack.banner.inclusive_pride.black,Inclusive Pride Black Wash,Inclusive Pride Black Wash,Inclusive Pride Black Wash,,Inclusive Pride Black Wash,"Инклюзивный прайд, чёрный оттенок","Inklusivní Pride, černý odstín","Inklusiver Pride, Schwarz Getönt",,"Orgullo inclusivo, lavado negro",Siyah Tonlu Kapsayıcı Onur,Orgullo inclusivo con tinte negro,包容性骄傲 黑色罩染,Inklusiv Pride vasket sort,,Інклюзивний прайд чорний відтінок,Black-wash'd pride fer the whole crew,,ɥsɐM ʞɔɐꞁᗺ ǝpᴉɹԀ ǝʌᴉsnꞁɔuI,"Inklusive Pride, Schwarz gfärbt",,,
block.kleispack.banner.classic_pride.gray,Classic Pride Grey Wash,Classic Pride Gray Wash,Classic Pride Grey Wash,,Classic Pride Grey Wash,"Классический прайд, серый оттенок","Klasický Pride, šedý odstín","Klassischer Pride, Grau Getönt",,"Orgullo clásico, lavado gris",Gri Tonlu Klasik Onur,Orgullo clásico con tinte gris,经典彩虹骄傲 灰色罩染,Klassisk Pride vasket grå,,Класичний прайд сірий відтінок,Grey-wash'd tried 'n' true pride,,ɥsɐM ʎǝɹ⅁ ǝpᴉɹԀ ɔᴉssɐꞁƆ,"Klassische Pride, Grau gfärbt",,,
block.kleispack.banner.common_pride.gray,Common Pride Grey Wash,Common Pride Gray Wash,Common Pride Grey Wash,,Common Pride Grey Wash,"Обычный прайд, серый оттенок","Obyčejný Pride, šedý odstín","Gewöhnlicher Pride, Grau Getönt",,"Orgullo común, lavado gris",Gri Tonlu Yaygın Onur,Orgullo común con tinte gris,通用骄傲 灰色罩染,Almindelig Pride vasket grå,,Загальний прайд сірий відтінок,Grey-wash'd run-of-the-deck pride,,ɥsɐM ʎǝɹ⅁ ǝpᴉɹԀ uoɯɯoƆ,"Gewöhnlicher Pride, Grau gfärbt",,,
block.kleispack.banner.new_pride.gray,New Pride Grey Wash,New Pride Gray Wash,New Pride Grey Wash,,New Pride Grey Wash,"Новый прайд, серый оттенок","Nový Pride, šedý odstín","Neuer Pride, Grau Getönt",,"Orgullo nuevo, lavado gris",Gri Tonlu Yeni Onur,Nuevo orgullo con tinte gris,新版骄傲 灰色罩染,Ny Pride vasket grå,,Новий прайд сірий відтінок,Grey-wash'd fresh pride,,ɥsɐM ʎǝɹ⅁ ǝpᴉɹԀ ʍǝN,"Neue Pride, Grau gfärbt",,,
block.kleispack.banner.trans_pride.gray,Trans Pride Grey Wash,Trans Pride Gray Wash,Trans Pride Grey Wash,,Trans Pride Grey Wash,"Транс-прайд, серый оттенок","Trans Pride, šedý odstín","Trans Pride, Grau Getönt",,"Orgullo trans, lavado gris",Gri Tonlu Trans Onur,Orgullo trans con tinte gris,跨性别骄傲 灰色罩染,Trans Pride vasket grå,,Транс-прайд сірий відтінок,Grey-wash'd trans pride,,ɥsɐM ʎǝɹ⅁ ǝpᴉɹԀ suɐɹ⟘,"Trans Pride, Grau gfärbt",,,
block.kleispack.banner.actup.gray,Act Up Grey Wash,Act Up Gray Wash,Act Up Grey Wash,,Act Up Grey Wash,"ACT UP, серый оттенок","Act Up, šedý odstín","Act Up, Grau Getönt",,"Act Up, lavado gris",Gri Tonlu Act Up,ACT UP con tinte gris,ACT UP 灰色罩染,,,ACT UP сірий відтінок,Grey-wash'd ACT UP,,ɥsɐM ʎǝɹ⅁ d∩ ʇɔⱯ,"Act Up, Grau gfärbt",,,
block.kleispack.banner.nb_pride.gray,Non-Binary Pride Grey Wash,Non-Binary Pride Gray Wash,Non-Binary Pride Grey Wash,,Non-Binary Pride Grey Wash,"Небинарный прайд, серый оттенок","Nebinární Pride, šedý odstín","Non-binärer Pride, Grau Getönt",,"Orgullo no binario, lavado gris",Gri Tonlu İkilik Dışı Onur,Orgullo no binario con tinte gris,非二元性别骄傲 灰色罩染,Nonbinær Pride vasket grå,,Небінарний прайд сірий відтінок,Grey-wash'd out-o'-the-binary pride,,ɥsɐM ʎǝɹ⅁ ǝpᴉɹԀ ʎɹɐuᴉᗺ-uoN,"Non-binäre Pride, Grau gfärbt",,,
block.kleispack.banner.ace_pride.gray,Ace Pride Grey Wash,Ace Pride Gray Wash,Ace Pride Grey Wash,,Ace Pride Grey Wash,"Асексуальный прайд, серый оттенок","Asexuální Pride, šedý odstín","Ace Pride, Grau Getönt",,"Orgullo ace, lavado gris",Gri Tonlu Aseksüel Onur,Orgullo asexual con tinte gris,无性恋骄傲 灰色罩染,Ace Pride vasket grå,,Асексуальний прайд сірий відтінок,Grey-wash'd pride o' th' aces,,ɥsɐM ʎǝɹ⅁ ǝpᴉɹԀ ǝɔⱯ,"Ace Pride, Grau gfärbt",,,
block.kleispack.banner.bi_pride.gray,Bi Pride Grey Wash,Bi Pride Gray Wash,Bi Pride Grey Wash,,Bi Pride Grey Wash,"Би-прайд, серый оттенок","Bi Pride, šedý odstín","Bi Pride, Grau Getönt",,"Orgullo bi, lavado gris",Gri Tonlu Biseksüel Onur,Orgullo bisexual con tinte gris,双性恋骄傲 灰色罩染,Bi Pride vasket grå,,Бісексуальний прайд сірий відтінок,Grey-wash'd bi pride,,ɥsɐM ʎǝɹ⅁ ǝpᴉɹԀ ᴉᗺ,"Bi Pride, Grau gfärbt",,,
block.kleispack.banner.lesbian_pride.gray,Lesbian Pride Grey Wash,Lesbian Pride Gray Wash,Lesbian Pride Grey Wash,,Lesbian Pride Grey Wash,"Лесби-прайд, серый оттенок","Lesbický Pride, šedý odstín","Lesbischer Pride, Grau Getönt",,"Orgullo lésbico, lavado gris",Gri Tonlu Lezbiyen Onur,Orgullo lésbico con tinte gris,女同性恋骄傲 灰色罩染,Lesbisk Pride vasket grå,,Лесбійський прайд сірий відтінок,Grey-wash'd lesbian pride,,ɥsɐM ʎǝɹ⅁ ǝpᴉɹԀ uɐᴉqsǝꞀ,"Lesbische Pride, Grau gfärbt",,,
block.kleispack.banner.inclusive_pride.gray,Inclusive Pride Grey Wash,Inclusive Pride Gray Wash,Inclusive Pride Grey Wash,,Inclusive Pride Grey Wash,"Инклюзивный прайд, серый оттенок","Inklusivní Pride, šedý odstín","Inklusiver Pride, Grau Getönt",,"Orgullo inclusivo, lavado gris",Gri Tonlu Kapsayıcı Onur,Orgullo inclusivo con tinte gris,包容性骄傲 灰色罩染,Inklusiv Pride vasket grå,,Інклюзивний прайд сірий відтінок,Grey-wash'd pride fer the whole crew,,ɥsɐM ʎǝɹ⅁ ǝpᴉɹԀ ǝʌᴉsnꞁɔuI,"Inklusive Pride, Grau gfärbt",,,
block.kleispack.banner.classic_pride.light_gray,Classic Pride Light Grey Wash,Classic Pride Light Gray Wash,Classic Pride Light Grey Wash,,Classic Pride Light Grey Wash,"Классический прайд, светло-серый оттенок","Klasický Pride, světle šedý odstín","Klassischer Pride, Hellgrau Getönt",,"Orgullo clásico, lavado gris claro",Açık Gri Tonlu Klasik Onur,Orgullo clásico con tinte gris claro,经典彩虹骄傲 淡灰色罩染,Klassisk Pride vasket lysegrå,,Класичний прайд світло-сірий відтінок,Light grey-wash'd tried 'n' true pride,,ɥsɐM ʎǝɹ⅁ ʇɥᵷᴉꞀ ǝpᴉɹԀ ɔᴉssɐꞁƆ,"Klassische Pride, Hellgrau gfärbt",,,
block.kleispack.banner.common_pride.light_gray,Common Pride Light Grey Wash,Common Pride Light Gray Wash,Common Pride Light Grey Wash,,Common Pride Light Grey Wash,"Обычный прайд, светло-серый оттенок","Obyčejný Pride, světle šedý odstín","Gewöhnlicher Pride, Hellgrau Getönt",,"Orgullo común, lavado gris claro",Açık Gri Tonlu Yaygın Onur,Orgullo común con tinte gris claro,通用骄傲 淡灰色罩染,Almindelig Pride vasket lysegrå,,Загальний прайд світло-сірий відтінок,Light grey-wash'd run-of-the-deck pride,,ɥsɐM ʎǝɹ⅁ ʇɥᵷᴉꞀ ǝpᴉɹԀ uoɯɯoƆ,"Gewöhnlicher Pride, Hellgrau gfärbt",,,
block.kleispack.banner.new_pride.light_gray,New Pride Light Grey Wash,New Pride Light Gray Wash,New Pride Light Grey Wash,,New Pride Light Grey Wash,"Новый прайд, светло-серый оттенок","Nový Pride, světle šedý odstín","Neuer Pride, Hellgrau Getönt",,"Orgullo nuevo, lavado gris claro",Açık Gri Tonlu Yeni Onur,Nuevo orgullo con tinte gris claro,新版骄傲 淡灰色罩染,Ny Pride vasket lysegrå,,Новий прайд світло-сірий відтінок,Light grey-wash'd fresh pride,,ɥsɐM ʎǝɹ⅁ ʇɥᵷᴉꞀ ǝpᴉɹԀ ʍǝN,"Neue Pride, Hellgrau gfärbt",,,
block.kleispack.banner.trans_pride.light_gray,Trans Pride Light Grey Wash,Trans Pride Light Gray Wash,Trans Pride Light Grey Wash,,Trans Pride Light Grey Wash,"Транс-прайд, светло-серый оттенок","Trans Pride, světle šedý odstín","Trans Pride, Hellgrau Getönt",,"Orgullo trans, lavado gris claro",Açık Gri Tonlu Trans Onur,Orgullo trans con tinte gris claro,跨性别骄傲 淡灰色罩染,Trans Pride vasket lysegrå,,Транс-прайд світло-сірий відтінок,Light grey-wash'd trans pride,,ɥsɐM ʎǝɹ⅁ ʇɥᵷᴉꞀ ǝpᴉɹԀ suɐɹ⟘,"Trans Pride, Hellgrau gfärbt",,,
block.kleispack.banner.actup.light_gray,Act Up Light Grey Wash,Act Up Light Gray Wash,Act Up Light Grey Wash,,Act Up Light Grey Wash,"ACT UP, светло-серый оттенок","Act Up, světle šedý odstín","Act Up, Hellgrau Getönt",,"Act Up, lavado gris claro",Açık Gri Tonlu Act Up,ACT UP con tinte gris claro,ACT UP 淡灰色罩染,,,ACT UP світло-сірий відтінок,Light grey-wash'd ACT UP,,ɥsɐM ʎǝɹ⅁ ʇɥᵷᴉꞀ d∩ ʇɔⱯ,"Act Up, Hellgrau gfärbt",,,
block.kleispack.banner.nb_pride.light_gray,Non-Binary Pride Light Grey Wash,Non-Binary Pride Light Gray Wash,Non-Binary Pride Light Grey Wash,,Non-Binary Pride Light Grey Wash,"Небинарный прайд, светло-серый оттенок","Nebinární Pride, světle šedý odstín","Non-binärer Pride, Hellgrau Getönt",,"Orgullo no binario, lavado gris claro",Açık Gri Tonlu İkilik Dışı Onur,Orgullo no binario con tinte gris claro,非二元性别骄傲 淡灰色罩染,Nonbinær Pride vasket lysegrå,,Небінарний прайд світло-сірий відтінок,Light grey-wash'd out-o'-the-binary pride,,ɥsɐM ʎǝɹ⅁ ʇɥᵷᴉꞀ ǝpᴉɹԀ ʎɹɐuᴉᗺ-uoN,"Non-binäre Pride, Hellgrau gfärbt",,,
block.kleispack.banner.ace_pride.light_gray,Ace Pride Light Grey Wash,Ace Pride Light Gray Wash,Ace Pride Light Grey Wash,,Ace Pride Light Grey Wash,"Асексуальный прайд, светло-серый оттенок","Asexuální Pride, světle šedý odstín","Ace Pride, Hellgrau Getönt",,"Orgullo ace, lavado gris claro",Açık Gri Tonlu Aseksüel Onur,Orgullo asexual con tinte gris claro,无性恋骄傲 淡灰色罩染,Ace Pride vasket lysegrå,,Асексуальний прайд світло-сірий відтінок,Light grey-wash'd pride o' th' aces,,ɥsɐM ʎǝɹ⅁ ʇɥᵷᴉꞀ ǝpᴉɹԀ ǝɔⱯ,"Ace Pride, Hellgrau gfärbt",,,
block.kleispack.banner.bi_pride.light_gray,Bi Pride Light Grey Wash,Bi Pride Light Gray Wash,Bi Pride Light Grey Wash,,Bi Pride Light Grey Wash,"Би-прайд, светло-серый оттенок","Bi Pride, světle šedý odstín","Bi Pride, Hellgrau Getönt",,"Orgullo bi, lavado gris claro",Açık Gri Tonlu Biseksüel Onur,Orgullo bisexual con tinte gris claro,双性恋骄傲 淡灰色罩染,Bi Pride vasket lysegrå,,Бісексуальний прайд світло-сірий відтінок,Light grey-wash'd bi pride,,ɥsɐM ʎǝɹ⅁ ʇɥᵷᴉꞀ ǝpᴉɹԀ ᴉᗺ,"Bi Pride, Hellgrau gfärbt",,,
block.kleispack.banner.lesbian_pride.light_gray,Lesbian Pride Light Grey Wash,Lesbian Pride Light Gray Wash,Lesbian Pride Light Grey Wash,,Lesbian Pride Light Grey Wash,"Лесби-прайд, светло-серый оттенок","Lesbický Pride, světle šedý odstín","Lesbischer Pride, Hellgrau Getönt",,"Orgullo lésbico, lavado gris claro",Açık Gri Tonlu Lezbiyen Onur,Orgullo lésbico con tinte gris claro,女同性恋骄傲 淡灰色罩染,Lesbisk Pride vasket lysegrå,,Лесбійський прайд світло-сірий відтінок,Light grey-wash'd lesbian pride,,ɥsɐM ʎǝɹ⅁ ʇɥᵷᴉꞀ ǝpᴉɹԀ uɐᴉqsǝꞀ,"Lesbische Pride, Hellgrau gfärbt",,,
block.kleispack.banner.inclusive_pride.light_gray,Inclusive Pride Light Grey Wash,Inclusive Pride Light Gray Wash,Inclusive Pride Light Grey Wash,,Inclusive Pride Light Grey Wash,"Инклюзивный прайд, светло-серый оттенок","Inklusivní Pride, světle šedý odstín","Inklusiver Pride, Hellgrau Getönt",,"Orgullo inclusivo, lavado gris claro",Açık Gri Tonlu Kapsayıcı Onur,Orgullo inclusivo con tinte gris claro,包容性骄傲 淡灰色罩染,Inklusiv Pride vasket lysegrå,,Інклюзивний прайд світло-сірий відтінок,Light grey-wash'd pride fer the whole crew,,ɥsɐM ʎǝɹ⅁ ʇɥᵷᴉꞀ ǝpᴉɹԀ ǝʌᴉsnꞁɔuI,"Inklusive Pride, Hellgrau gfärbt",,,
block.kleispack.banner.classic_pride.red,Classic Pride Red Wash,Classic Pride Red Wash,Classic Pride Red Wash,,Classic Pride Red Wash,"Классический прайд, красный оттенок","Klasický Pride, červený odstín","Klassischer Pride, Rot Getönt",,"Orgullo clásico, lavado rojo",Kırmızı Tonlu Klasik Onur,Orgullo clásico con tinte rojo,经典彩虹骄傲 红色罩染,Klassisk Pride vasket rød,,Класичний прайд червоний відтінок,Scarlet-wash'd tried 'n' true pride,,ɥsɐM pǝᴚ ǝpᴉɹԀ ɔᴉssɐꞁƆ,"Klassische Pride, Rot gfärbt",,,
block.kleispack.banner.common_pride.red,Common Pride Red Wash,Common Pride Red Wash,Common Pride Red Wash,,Common Pride Red Wash,"Обычный прайд, красный оттенок","Obyčejný Pride, červený odstín","Gewöhnlicher Pride, Rot Getönt",,"Orgullo común, lavado rojo",Kırmızı Tonlu Yaygın Onur,Orgullo común con tinte rojo,通用骄傲 红色罩染,Almindelig Pride vasket rød,,Загальний прайд червоний відтінок,Scarlet-wash'd run-of-the-deck pride,,ɥsɐM pǝᴚ ǝpᴉɹԀ uoɯɯoƆ,"Gewöhnlicher Pride, Rot gfärbt",,,
block.kleispack.banner.new_pride.red,New Pride Red Wash,New Pride Red Wash,New Pride Red Wash,,New Pride Red Wash,"Новый прайд, красный оттенок","Nový Pride, červený odstín","Neuer Pride, Rot Getönt",,"Orgullo nuevo, lavado rojo",Kırmızı Tonlu Yeni Onur,Nuevo orgullo con tinte rojo,新版骄傲 红色罩染,Ny Pride vasket rød,,Новий прайд червоний відтінок,Scarlet-wash'd fresh pride,,ɥsɐM pǝᴚ ǝpᴉɹԀ ʍǝN,"Neue Pride, Rot gfärbt",,,
block.kleispack.banner.trans_pride.red,Trans Pride Red Wash,Trans Pride Red Wash,Trans Pride Red Wash,,Trans Pride Red Wash,"Транс-прайд, красный оттенок","Trans Pride, červený odstín","Trans Pride, Rot Getönt",,"Orgullo trans, lavado rojo",Kırmızı Tonlu Trans Onur,Orgullo trans con tinte rojo,跨性别骄傲 红色罩染,Trans Pride vasket rød,,Транс-прайд червоний відтінок,Scarlet-wash'd trans pride,,ɥsɐM pǝᴚ ǝpᴉɹԀ suɐɹ⟘,"Trans Pride, Rot gfärbt",,,
block.kleispack.banner.actup.red,Act Up Red Wash,Act Up Red Wash,Act Up Red Wash,,Act Up Red Wash,"ACT UP, красный оттенок","Act Up, červený odstín","Act Up, Rot Getönt",,"Act Up, lavado rojo",Kırmızı Tonlu Act Up,ACT UP con tinte rojo,ACT UP 红色罩染,,,ACT UP червоний відтінок,Scarlet-wash'd ACT UP,,ɥsɐM pǝᴚ d∩ ʇɔⱯ,"Act Up, Rot gfärbt",,,
block.kleispack.banner.nb_pride.red,Non-Binary Pride Red Wash,Non-Binary Pride Red Wash,Non-Binary Pride Red Wash,,Non-Binary Pride Red Wash,"Небинарный прайд, красный оттенок","Nebinární Pride, červený odstín","Non-binärer Pride, Rot Getönt",,"Orgullo no binario, lavado rojo",Kırmızı Tonlu İkilik Dışı Onur,Orgullo no binario con tinte rojo,非二元性别骄傲 红色罩染,Nonbinær Pride vasket rød,,Небінарний прайд червоний відтінок,Scarlet-wash'd out-o'-the-binary pride,,ɥsɐM pǝᴚ ǝpᴉɹԀ ʎɹɐuᴉᗺ-uoN,"Non-binäre Pride, Rot gfärbt",,,
block.kleispack.banner.ace_pride.red,Ace Pride Red Wash,Ace Pride Red Wash,Ace Pride Red Wash,,Ace Pride Red Wash,"Асексуальный прайд, красный оттенок","Asexuální Pride, červený odstín","Ace Pride, Rot Getönt",,"Orgullo ace, lavado rojo",Kırmızı Tonlu Aseksüel Onur,Orgullo asexual con tinte rojo,无性恋骄傲 红色罩染,Ace Pride vasket rød,,Асексуальний прайд червоний відтінок,Scarlet-wash'd pride o' th' aces,,ɥsɐM pǝᴚ ǝpᴉɹԀ ǝɔⱯ,"Ace Pride, Rot gfärbt",,,
block.kleispack.banner.bi_pride.red,Bi Pride Red Wash,Bi Pride Red Wash,Bi Pride Red Wash,,Bi Pride Red Wash,"Би-прайд, красный оттенок","Bi Pride, červený odstín","Bi Pride, Rot Getönt",,"Orgullo bi, lavado rojo",Kırmızı Tonlu Biseksüel Onur,Orgullo bisexual con tinte rojo,双性恋骄傲 红色罩染,Bi Pride vasket rød,,Бісексуальний прайд червоний відтінок,Scarlet-wash'd bi pride,,ɥsɐM pǝᴚ ǝpᴉɹԀ ᴉᗺ,"Bi Pride, Rot gfärbt",,,
block.kleispack.banner.lesbian_pride.red,Lesbian Pride Red Wash,Lesbian Pride Red Wash,Lesbian Pride Red Wash,,Lesbian Pride Red Wash,"Лесби-прайд, красный оттенок","Lesbický Pride, červený odstín","Lesbischer Pride, Rot Getönt",,"Orgullo lésbico, lavado rojo",Kırmızı Tonlu Lezbiyen Onur,Orgullo lésbico con tinte rojo,女同性恋骄傲 红色罩染,Lesbisk Pride vasket rød,,Лесбійський прайд червоний відтінок,Scarlet-wash'd lesbian pride,,ɥsɐM pǝᴚ ǝpᴉɹԀ uɐᴉqsǝꞀ,"Lesbische Pride, Rot gfärbt",,,
block.kleispack.banner.inclusive_pride.red,Inclusive Pride Red Wash,Inclusive Pride Red Wash,Inclusive Pride Red Wash,,Inclusive Pride Red Wash,"Инклюзивный прайд, красный оттенок","Inklusivní Pride, červený odstín","Inklusiver Pride, Rot Getönt",,"Orgullo inclusivo, lavado rojo",Kırmızı Tonlu Kapsayıcı Onur,Orgullo inclusivo con tinte rojo,包容性骄傲 红色罩染,Inklusiv Pride vasket rød,,Інклюзивний прайд червоний відтінок,Scarlet-wash'd pride fer the whole crew,,ɥsɐM pǝᴚ ǝpᴉɹԀ ǝʌᴉsnꞁɔuI,"Inklusive Pride, Rot gfärbt",,,
block.kleispack.banner.classic_pride.orange,Classic Pride Orange Wash,Classic Pride Orange Wash,Classic Pride Orange Wash,,Classic Pride Orange Wash,"Классический прайд, оранжевый оттенок","Klasický Pride, oranžový odstín","Klassischer Pride, Orange Getönt",,"Orgullo clásico, lavado naranja",Turuncu Tonlu Klasik Onur,Orgullo clásico con tinte naranja,经典彩虹骄傲 橙色罩染,Klassisk Pride vasket orange,,Класичний прайд помаранчевий відтінок,Orange-wash'd tried 'n' true pride,,ɥsɐM ǝᵷuɐɹO ǝpᴉɹԀ ɔᴉssɐꞁƆ,"Klassische Pride, Orange gfärbt",,,
block.kleispack.banner.common_pride.orange,Common Pride Orange Wash,Common Pride Orange Wash,Common Pride Orange Wash,,Common Pride Orange Wash,"Обычный прайд, оранжевый оттенок","Obyčejný Pride, oranžový odstín","Gewöhnlicher Pride, Orange Getönt",,"Orgullo común, lavado naranja",Turuncu Tonlu Yaygın Onur,Orgullo común con tinte naranja,通用骄傲 橙色罩染,Almindelig Pride vasket orange,,Загальний прайд помаранчевий відтінок,Orange-wash'd run-of-the-deck pride,,ɥsɐM ǝᵷuɐɹO ǝpᴉɹԀ uoɯɯoƆ,"Gewöhnlicher Pride, Orange gfärbt",,,
block.kleispack.banner.new_pride.orange,New Pride Orange Wash,New Pride Orange Wash,New Pride Orange Wash,,New Pride Orange Wash,"Новый прайд, оранжевый оттенок","Nový Pride, oranžový odstín","Neuer Pride, Orange Getönt",,"Orgullo nuevo, lavado naranja",Turuncu Tonlu Yeni Onur,Nuevo orgullo con tinte naranja,新版骄傲 橙色罩染,Ny Pride vasket orange,,Новий прайд помаранчевий відтінок,Orange-wash'd fresh pride,,ɥsɐM ǝᵷuɐɹO ǝpᴉɹԀ ʍǝN,"Neue Pride, Orange gfärbt",,,
block.kleispack.banner.trans_pride.orange,Trans Pride Orange Wash,Trans Pride Orange Wash,Trans Pride Orange Wash,,Trans Pride Orange Wash,"Транс-прайд, оранжевый оттенок","Trans Pride, oranžový odstín","Trans Pride, Orange Getönt",,"Orgullo trans, lavado naranja",Turuncu Tonlu Trans Onur,Orgullo trans con tinte naranja,跨性别骄傲 橙色罩染,Trans Pride vasket orange,,Транс-прайд помаранчевий відтінок,Orange-wash'd trans pride,,ɥsɐM ǝᵷuɐɹO ǝpᴉɹԀ suɐɹ⟘,"Trans Pride, Orange gfärbt",,,
block.kleispack.banner.actup.orange,Act Up Orange Wash,Act Up Orange Wash,Act Up Orange Wash,,Act Up Orange Wash,"ACT UP, оранжевый оттенок","Act Up, oranžový odstín","Act Up, Orange Getönt",,"Act Up, lavado naranja",Turuncu Tonlu Act Up,ACT UP con tinte naranja,ACT UP 橙色罩染,,,ACT UP помаранчевий відтінок,Orange-wash'd ACT UP,,ɥsɐM ǝᵷuɐɹO d∩ ʇɔⱯ,"Act Up, Orange gfärbt",,,
block.kleispack.banner.nb_pride.orange,Non-Binary Pride Orange Wash,Non-Binary Pride Orange Wash,Non-Binary Pride Orange Wash,,Non-Binary Pride Orange Wash,"Небинарный прайд, оранжевый оттенок","Nebinární Pride, oranžový odstín","Non-binärer Pride, Orange Getönt",,"Orgullo no binario, lavado naranja",Turuncu Tonlu İkilik Dışı Onur,Orgullo no binario con tinte naranja,非二元性别骄傲 橙色罩染,Nonbinær Pride vasket orange,,Небінарний прайд помаранчевий відтінок,Orange-wash'd out-o'-the-binary pride,,ɥsɐM ǝᵷuɐɹO ǝpᴉɹԀ ʎɹɐuᴉᗺ-uoN,"Non-binäre Pride, Orange gfärbt",,,
block.kleispack.banner.ace_pride.orange,Ace Pride Orange Wash,Ace Pride Orange Wash,Ace Pride Orange Wash,,Ace Pride Orange Wash,"Асексуальный прайд, оранжевый оттенок","Asexuální Pride, oranžový odstín","Ace Pride, Orange Getönt",,"Orgullo ace, lavado naranja",Turuncu Tonlu Aseksüel Onur,Orgullo asexual con tinte naranja,无性恋骄傲 橙色罩染,Ace Pride vasket orange,,Асексуальний прайд помаранчевий відтінок,Orange-wash'd pride o' th' aces,,ɥsɐM ǝᵷuɐɹO ǝpᴉɹԀ ǝɔⱯ,"Ace Pride, Orange gfärbt",,,
block.kleispack.banner.bi_pride.orange,Bi Pride Orange Wash,Bi Pride Orange Wash,Bi Pride Orange Wash,,Bi Pride Orange Wash,"Би-прайд, оранжевый оттенок","Bi Pride, oranžový odstín","Bi Pride, Orange Getönt",,"Orgullo bi, lavado naranja",Turuncu Tonlu Biseksüel Onur,Orgullo bisexual con tinte naranja,双性恋骄傲 橙色罩染,Bi Pride vasket orange,,Бісексуальний прайд помаранчевий відтінок,Orange-wash'd bi pride,,ɥsɐM ǝᵷuɐɹO ǝpᴉɹԀ ᴉᗺ,"Bi Pride, Orange gfärbt",,,
block.kleispack.banner.lesbian_pride.orange,Lesbian Pride Orange Wash,Lesbian Pride Orange Wash,Lesbian Pride Orange Wash,,Lesbian Pride Orange Wash,"Лесби-прайд, оранжевый оттенок","Lesbický Pride, oranžový odstín","Lesbischer Pride, Orange Getönt",,"Orgullo lésbico, lavado naranja",Turuncu Tonlu Lezbiyen Onur,Orgullo lésbico con tinte naranja,女同性恋骄傲 橙色罩染,Lesbisk Pride vasket orange,,Лесбійський прайд помаранчевий відтінок,Orange-wash'd lesbian pride,,ɥsɐM ǝᵷuɐɹO ǝpᴉɹԀ uɐᴉqsǝꞀ,"Lesbische Pride, Orange gfärbt",,,
block.kleispack.banner.inclusive_pride.orange,Inclusive Pride Orange Wash,Inclusive Pride Orange Wash,Inclusive Pride Orange Wash,,Inclusive Pride Orange Wash,"Инклюзивный прайд, оранжевый оттенок","Inklusivní Pride, oranžový odstín","Inklusiver Pride, Orange Getönt",,"Orgullo inclusivo, lavado naranja",Turuncu Tonlu Kapsayıcı Onur,Orgullo inclusivo con tinte naranja,包容性骄傲 橙色罩染,Inklusiv Pride vasket orange,,Інклюзивний прайд помаранчевий відтінок,Orange-wash'd pride fer the whole crew,,ɥsɐM ǝᵷuɐɹO ǝpᴉɹԀ ǝʌᴉsnꞁɔuI,"Inklusive Pride, Orange gfärbt",,,
block.kleispack.banner.classic_pride.yellow,Classic Pride Yellow Wash,Classic Pride Yellow Wash,Classic Pride Yellow Wash,,Classic Pride Yellow Wash,"Классический прайд, жёлтый оттенок","Klasický Pride, žlutý odstín","Klassischer Pride, Gelb Getönt",,"Orgullo clásico, lavado amarillo",Sarı Tonlu Klasik Onur,Orgullo clásico con tinte amarillo,经典彩虹骄傲 黄色罩染,Klassisk Pride vasket gul,,Класичний прайд жовтий відтінок,Yellow-wash'd tried 'n' true pride,,ɥsɐM ʍoꞁꞁǝ⅄ ǝpᴉɹԀ ɔᴉssɐꞁƆ,"Klassische Pride, Gälb gfärbt",,,
block.kleispack.banner.common_pride.yellow,Common Pride Yellow Wash,Common Pride Yellow Wash,Common Pride Yellow Wash,,Common Pride Yellow Wash,"Обычный прайд, жёлтый оттенок","Obyčejný Pride, žlutý odstín","Gewöhnlicher Pride, Gelb Getönt",,"Orgullo común, lavado amarillo",Sarı Tonlu Yaygın Onur,Orgullo común con tinte amarillo,通用骄傲 黄色罩染,Almindelig Pride vasket gul,,Загальний прайд жовтий відтінок,Yellow-wash'd run-of-the-deck pride,,ɥsɐM ʍoꞁꞁǝ⅄ ǝpᴉɹԀ uoɯɯoƆ,"Gewöhnlicher Pride, Gälb gfärbt",,,
block.kleispack.banner.new_pride.yellow,New Pride Yellow Wash,New Pride Yellow Wash,New Pride Yellow Wash,,New Pride Yellow Wash,"Новый прайд, жёлтый оттенок","Nový Pride, žlutý odstín","Neuer Pride, Gelb Getönt",,"Orgullo nuevo, lavado amarillo",Sarı Tonlu Yeni Onur,Nuevo orgullo con tinte amarillo,新版骄傲 黄色罩染,Ny Pride vasket gul,,Новий прайд жовтий відтінок,Yellow-wash'd fresh pride,,ɥsɐM ʍoꞁꞁǝ⅄ ǝpᴉɹԀ ʍǝN,"Neue Pride, Gälb gfärbt",,,
block.kleispack.banner.trans_pride.yellow,Trans Pride Yellow Wash,Trans Pride Yellow Wash,Trans Pride Yellow Wash,,Trans Pride Yellow Wash,"Транс-прайд, жёлтый оттенок","Trans Pride, žlutý odstín","Trans Pride, Gelb Getönt",,"Orgullo trans, lavado amarillo",Sarı Tonlu Trans Onur,Orgullo trans con tinte amarillo,跨性别骄傲 黄色罩染,Trans Pride vasket gul,,Транс-прайд жовтий відтінок,Yellow-wash'd trans pride,,ɥsɐM ʍoꞁꞁǝ⅄ ǝpᴉɹԀ suɐɹ⟘,"Trans Pride, Gälb gfärbt",,,
block.kleispack.banner.actup.yellow,Act Up Yellow Wash,Act Up Yellow Wash,Act Up Yellow Wash,,Act Up Yellow Wash,"ACT UP, жёлтый оттенок","Act Up, žlutý odstín","Act Up, Gelb Getönt",,"Act Up, lavado amarillo",Sarı Tonlu Act Up,ACT UP con tinte amarillo,ACT UP 黄色罩染,,,ACT UP жовтий відтінок,Yellow-wash'd ACT UP,,ɥsɐM ʍoꞁꞁǝ⅄ d∩ ʇɔⱯ,"Act Up, Gälb gfärbt",,,
block.kleispack.banner.nb_pride.yellow,Non-Binary Pride Yellow Wash,Non-Binary Pride Yellow Wash,Non-Binary Pride Yellow Wash,,Non-Binary Pride Yellow Wash,"Небинарный прайд, жёлтый оттенок","Nebinární Pride, žlutý odstín","Non-binärer Pride, Gelb Getönt",,"Orgullo no binario, lavado amarillo",Sarı Tonlu İkilik Dışı Onur,Orgullo no binario con tinte amarillo,非二元性别骄傲 黄色罩染,Nonbinær Pride vasket gul,,Небінарний прайд жовтий відтінок,Yellow-wash'd out-o'-the-binary pride,,ɥsɐM ʍoꞁꞁǝ⅄ ǝpᴉɹԀ ʎɹɐuᴉᗺ-uoN,"Non-binäre Pride, Gälb gfärbt",,,
block.kleispack.banner.ace_pride.yellow,Ace Pride Yellow Wash,Ace Pride Yellow Wash,Ace Pride Yellow Wash,,Ace Pride Yellow Wash,"Асексуальный прайд, жёлтый оттенок","Asexuální Pride, žlutý odstín","Ace Pride, Gelb Getönt",,"Orgullo ace, lavado amarillo",Sarı Tonlu Aseksüel Onur,Orgullo asexual con tinte amarillo,无性恋骄傲 黄色罩染,Ace Pride vasket gul,,Асексуальний прайд жовтий відтінок,Yellow-wash'd pride o' th' aces,,ɥsɐM ʍoꞁꞁǝ⅄ ǝpᴉɹԀ ǝɔⱯ,"Ace Pride, Gälb gfärbt",,,
block.kleispack.banner.bi_pride.yellow,Bi Pride Yellow Wash,Bi Pride Yellow Wash,Bi Pride Yellow Wash,,Bi Pride Yellow Wash,"Би-прайд, жёлтый оттенок","Bi Pride, žlutý odstín","Bi Pride, Gelb Getönt",,"Orgullo bi, lavado amarillo",Sarı Tonlu Biseksüel Onur,Orgullo bisexual con tinte amarillo,双性恋骄傲 黄色罩染,Bi Pride vasket gul,,Бісексуальний прайд жовтий відтінок,Yellow-wash'd bi pride,,ɥsɐM ʍoꞁꞁǝ⅄ ǝpᴉɹԀ ᴉᗺ,"Bi Pride, Gälb gfärbt",,,
block.kleispack.banner.lesbian_pride.yellow,Lesbian Pride Yellow Wash,Lesbian Pride Yellow Wash,Lesbian Pride Yellow Wash,,Lesbian Pride Yellow Wash,"Лесби-прайд, жёлтый оттенок","Lesbický Pride, žlutý odstín","Lesbischer Pride, Gelb Getönt",,"Orgullo lésbico, lavado amarillo",Sarı Tonlu Lezbiyen Onur,Orgullo lésbico con tinte amarillo,女同性恋骄傲 黄色罩染,Lesbisk Pride vasket gul,,Лесбійський прайд жовтий відтінок,Yellow-wash'd lesbian pride,,ɥsɐM ʍoꞁꞁǝ⅄ ǝpᴉɹԀ uɐᴉqsǝꞀ,"Lesbische Pride, Gälb gfärbt",,,
block.kleispack.banner.inclusive_pride.yellow,Inclusive Pride Yellow Wash,Inclusive Pride Yellow Wash,Inclusive Pride Yellow Wash,,Inclusive Pride Yellow Wash,"Инклюзивный прайд, жёлтый оттенок","Inklusivní Pride, žlutý odstín","Inklusiver Pride, Gelb Getönt",,"Orgullo inclusivo, lavado amarillo",Sarı Tonlu Kapsayıcı Onur,Orgullo inclusivo con tinte amarillo,包容性骄傲 黄色罩染,Inklusiv Pride vasket gul,,Інклюзивний прайд жовтий відтінок,Yellow-wash'd pride fer the whole crew,,ɥsɐM ʍoꞁꞁǝ⅄ ǝpᴉɹԀ ǝʌᴉsnꞁɔuI,"Inklusive Pride, Gälb gfärbt",,,
block.kleispack.banner.classic_pride.lime,Classic Pride Lime Wash,Classic Pride Lime Wash,Classic Pride Lime Wash,,Classic Pride Lime Wash,"Классический прайд, лаймовый оттенок","Klasický Pride, světle zelený odstín","Klassischer Pride, Hellgrün Getönt",,"Orgullo clásico, lavado verde lima",Açık Yeşil Tonlu Klasik Onur,Orgullo clásico con tinte verde lima,经典彩虹骄傲 黄绿色罩染,Klassisk Pride vasket lime,,Класичний прайд лаймовий відтінок,Light green-wash'd tried 'n' true pride,,ɥsɐM ǝɯᴉꞀ ǝpᴉɹԀ ɔᴉssɐꞁƆ,"Klassische Pride, Hellgrüen gfärbt",,,
block.kleispack.banner.common_pride.lime,Common Pride Lime Wash,Common Pride Lime Wash,Common Pride Lime Wash,,Common Pride Lime Wash,"Обычный прайд, лаймовый оттенок","Obyčejný Pride, světle zelený odstín","Gewöhnlicher Pride, Hellgrün Getönt",,"Orgullo común, lavado verde lima",Açık Yeşil Tonlu Yaygın Onur,Orgullo común con tinte verde lima,通用骄傲 黄绿色罩染,Almindelig Pride vasket lime,,Загальний прайд лаймовий відтінок,Light green-wash'd run-of-the-deck pride,,ɥsɐM ǝɯᴉꞀ ǝpᴉɹԀ uoɯɯoƆ,"Gewöhnlicher Pride, Hellgrüen gfärbt",,,
block.kleispack.banner.new_pride.lime,New Pride Lime Wash,New Pride Lime Wash,New Pride Lime Wash,,New Pride Lime Wash,"Новый прайд, лаймовый оттенок","Nový Pride, světle zelený odstín","Neuer Pride, Hellgrün Getönt",,"Orgullo nuevo, lavado verde lima",Açık Yeşil Tonlu Yeni Onur,Nuevo orgullo con tinte verde lima,新版骄傲 黄绿色罩染,Ny Pride vasket lime,,Новий прайд лаймовий відтінок,Light green-wash'd fresh pride,,ɥsɐM ǝɯᴉꞀ ǝpᴉɹԀ ʍǝN,"Neue Pride, Hellgrüen gfärbt",,,
block.kleispack.banner.trans_pride.lime,Trans Pride Lime Wash,Trans Pride Lime Wash,Trans Pride Lime Wash,,Trans Pride Lime Wash,"Транс-прайд, лаймовый оттенок","Trans Pride, světle zelený odstín","Trans Pride, Hellgrün Getönt",,"Orgullo trans, lavado verde lima",Açık Yeşil Tonlu Trans Onur,Orgullo trans con tinte verde lima,跨性别骄傲 黄绿色罩染,Trans Pride vasket lime,,Транс-прайд лаймовий відтінок,Light green-wash'd trans pride,,ɥsɐM ǝɯᴉꞀ ǝpᴉɹԀ suɐɹ⟘,"Trans Pride, Hellgrüen gfärbt",,,
block.kleispack.banner.actup.lime,Act Up Lime Wash,Act Up Lime Wash,Act Up Lime Wash,,Act Up Lime Wash,"ACT UP, лаймовый оттенок","Act Up, světle zelený odstín","Act Up, Hellgrün Getönt",,"Act Up, lavado verde lima",Açık Yeşil Tonlu Act Up,ACT UP con tinte verde lima,ACT UP 黄绿色罩染,,,ACT UP лаймовий відтінок,Light green-wash'd ACT UP,,ɥsɐM ǝɯᴉꞀ d∩ ʇɔⱯ,"Act Up, Hellgrüen gfärbt",,,
block.kleispack.banner.nb_pride.lime,Non-Binary Pride Lime Wash,Non-Binary Pride Lime Wash,Non-Binary Pride Lime Wash,,Non-Binary Pride Lime Wash,"Небинарный прайд, лаймовый оттенок","Nebinární Pride, světle zelený odstín","Non-binärer Pride, Hellgrün Getönt",,"Orgullo no binario, lavado verde lima",Açık Yeşil Tonlu İkilik Dışı Onur,Orgullo no binario con tinte verde lima,非二元性别骄傲 黄绿色罩染,Nonbinær Pride vasket lime,,Небінарний прайд лаймовий відтінок,Light green-wash'd out-o'-the-binary pride,,ɥsɐM ǝɯᴉꞀ ǝpᴉɹԀ ʎɹɐuᴉᗺ-uoN,"Non-binäre Pride, Hellgrüen gfärbt",,,
block.kleispack.banner.ace_pride.lime,Ace Pride Lime Wash,Ace Pride Lime Wash,Ace Pride Lime Wash,,Ace Pride Lime Wash,"Асексуальный прайд, лаймовый оттенок","Asexuální Pride, světle zelený odstín","Ace Pride, Hellgrün Getönt",,"Orgullo ace, lavado verde lima",Açık Yeşil Tonlu Aseksüel Onur,Orgullo asexual con tinte verde lima,无性恋骄傲 黄绿色罩染,Ace Pride vasket lime,,Асексуальний прайд лаймовий відтінок,Light green-wash'd pride o' th' aces,,ɥsɐM ǝɯᴉꞀ ǝpᴉɹԀ ǝɔⱯ,"Ace Pride, Hellgrüen gfärbt",,,
block.kleispack.banner.bi_pride.lime,Bi Pride Lime Wash,Bi Pride Lime Wash,Bi Pride Lime Wash,,Bi Pride Lime Wash,"Би-прайд, лаймовый оттенок","Bi Pride, světle zelený odstín","Bi Pride, Hellgrün Getönt",,"Orgullo bi, lavado verde lima",Açık Yeşil Tonlu Biseksüel Onur,Orgullo bisexual con tinte verde lima,双性恋骄傲 黄绿色罩染,Bi Pride vasket lime,,Бісексуальний прайд лаймовий відтінок,Light green-wash'd bi pride,,ɥsɐM ǝɯᴉꞀ ǝpᴉɹԀ ᴉᗺ,"Bi Pride, Hellgrüen gfärbt",,,
block.kleispack.banner.lesbian_pride.lime,Lesbian Pride Lime Wash,Lesbian Pride Lime Wash,Lesbian Pride Lime Wash,,Lesbian Pride Lime Wash,"Лесби-прайд, лаймовый оттенок","Lesbický Pride, světle zelený odstín","Lesbischer Pride, Hellgrün Getönt",,"Orgullo lésbico, lavado verde lima",Açık Yeşil Tonlu Lezbiyen Onur,Orgullo lésbico con tinte verde lima,女同性恋骄傲 黄绿色罩染,Lesbisk Pride vasket lime,,Лесбійський прайд лаймовий відтінок,Light green-wash'd lesbian pride,,ɥsɐM ǝɯᴉꞀ ǝpᴉɹԀ uɐᴉqsǝꞀ,"Lesbische Pride, Hellgrüen gfärbt",,,
block.kleispack.banner.inclusive_pride.lime,Inclusive Pride Lime Wash,Inclusive Pride Lime Wash,Inclusive Pride Lime Wash,,Inclusive Pride Lime Wash,"Инклюзивный прайд, лаймовый оттенок","Inklusivní Pride, světle zelený odstín","Inklusiver Pride, Hellgrün Getönt",,"Orgullo inclusivo, lavado verde lima",Açık Yeşil Tonlu Kapsayıcı Onur,Orgullo inclusivo con tinte verde lima,包容性骄傲 黄绿色罩染,Inklusiv Pride vasket lime,,Інклюзивний прайд лаймовий відтінок,Light green-wash'd pride fer the whole crew,,ɥsɐM ǝɯᴉꞀ ǝpᴉɹԀ ǝʌᴉsnꞁɔuI,"Inklusive Pride, Hellgrüen gfärbt",,,
block.kleispack.banner.classic_pride.green,Classic Pride Green Wash,Classic Pride Green Wash,Classic Pride Green Wash,,Classic Pride Green Wash,"Классический прайд, зелёный оттенок","Klasický Pride, zelený odstín","Klassischer Pride, Grün Getönt",,"Orgullo clásico, lavado verde",Yeşil Tonlu Klasik Onur,Orgullo clásico con tinte verde,经典彩虹骄傲 绿色罩染,Klassisk Pride vasket grøn,,Класичний прайд зелений відтінок,Green-wash'd tried 'n' true pride,,ɥsɐM uǝǝɹ⅁ ǝpᴉɹԀ ɔᴉssɐꞁƆ,"Klassische Pride, Grüen gfärbt",,,
block.kleispack.banner.common_pride.green,Common Pride Green Wash,Common Pride Green Wash,Common Pride Green Wash,,Common Pride Green Wash,"Обычный прайд, зелёный оттенок","Obyčejný Pride, zelený odstín","Gewöhnlicher Pride, Grün Getönt",,"Orgullo común, lavado verde",Yeşil Tonlu Yaygın Onur,Orgullo común con tinte verde,通用骄傲 绿色罩染,Almindelig Pride vasket grøn,,Загальний прайд зелений відтінок,Green-wash'd run-of-the-deck pride,,ɥsɐM uǝǝɹ⅁ ǝpᴉɹԀ uoɯɯoƆ,"Gewöhnlicher Pride, Grüen gfärbt",,,
block.kleispack.banner.new_pride.green,New Pride Green Wash,New Pride Green Wash,New Pride Green Wash,,New Pride Green Wash,"Новый прайд, зелёный оттенок","Nový Pride, zelený odstín","Neuer Pride, Grün Getönt",,"Orgullo nuevo, lavado verde",Yeşil Tonlu Yeni Onur,Nuevo orgullo con tinte verde,新版骄傲 绿色罩染,Ny Pride vasket grøn,,Новий прайд зелений відтінок,Green-wash'd fresh pride,,ɥsɐM uǝǝɹ⅁ ǝpᴉɹԀ ʍǝN,"Neue Pride, Grüen gfärbt",,,
block.kleispack.banner.trans_pride.green,Trans Pride Green Wash,Trans Pride Green Wash,Trans Pride Green Wash,,Trans Pride Green Wash,"Транс-прайд, зелёный оттенок","Trans Pride, zelený odstín","Trans Pride, Grün Getönt",,"Orgullo trans, lavado verde",Yeşil Tonlu Trans Onur,Orgullo trans con tinte verde,跨性别骄傲 绿色罩染,Trans Pride vasket grøn,,Транс-прайд зелений відтінок,Green-wash'd trans pride,,ɥsɐM uǝǝɹ⅁ ǝpᴉɹԀ suɐɹ⟘,"Trans Pride, Grüen gfärbt",,,
block.kleispack.banner.actup.green,Act Up Green Wash,Act Up Green Wash,Act Up Green Wash,,Act Up Green Wash,"ACT UP, зелёный оттенок","Act Up, zelený odstín","Act Up, Grün Getönt",,"Act Up, lavado verde",Yeşil Tonlu Act Up,ACT UP con tinte verde,ACT UP 绿色罩染,,,ACT UP зелений відтінок,Green-wash'd ACT UP,,ɥsɐM uǝǝɹ⅁ d∩ ʇɔⱯ,"Act Up, Grüen gfärbt",,,
block.kleispack.banner.nb_pride.green,Non-Binary Pride Green Wash,Non-Binary Pride Green Wash,Non-Binary Pride Green Wash,,Non-Binary Pride Green Wash,"Небинарный прайд, зелёный оттенок","Nebinární Pride, zelený odstín","Non-binärer Pride, Grün Getönt",,"Orgullo no binario, lavado verde",Yeşil Tonlu İkilik Dışı Onur,Orgullo no binario con tinte verde,非二元性别骄傲 绿色罩染,Nonbinær Pride vasket grøn,,Небінарний прайд зелений відтінок,Green-wash'd out-o'-the-binary pride,,ɥsɐM uǝǝɹ⅁ ǝpᴉɹԀ ʎɹɐuᴉᗺ-uoN,"Non-binäre Pride, Grüen gfärbt",,,
block.kleispack.banner.ace_pride.green,Ace Pride Green Wash,Ace Pride Green Wash,Ace Pride Green Wash,,Ace Pride Green Wash,"Асексуальный прайд, зелёный оттенок","Asexuální Pride, zelený odstín","Ace Pride, Grün Getönt",,"Orgullo ace, lavado verde",Yeşil Tonlu Aseksüel Onur,Orgullo asexual con tinte verde,无性恋骄傲 绿色罩染,Ace Pride vasket grøn,,Асексуальний прайд зелений відтінок,Green-wash'd pride o' th' aces,,ɥsɐM uǝǝɹ⅁ ǝpᴉɹԀ ǝɔⱯ,"Ace Pride, Grüen gfärbt",,,
block.kleispack.banner.bi_pride.green,Bi Pride Green Wash,Bi Pride Green Wash,Bi Pride Green Wash,,Bi Pride Green Wash,"Би-прайд, зелёный оттенок","Bi Pride, zelený odstín","Bi Pride, Grün Getönt",,"Orgullo bi, lavado verde",Yeşil Tonlu Biseksüel Onur,Orgullo bisexual con tinte verde,双性恋骄傲 绿色罩染,Bi Pride vasket grøn,,Бісексуальний прайд зелений відтінок,Green-wash'd bi pride,,ɥsɐM uǝǝɹ⅁ ǝpᴉɹԀ ᴉᗺ,"Bi Pride, Grüen gfärbt",,,
block.kleispack.banner.lesbian_pride.green,Lesbian Pride Green Wash,Lesbian Pride Green Wash,Lesbian Pride Green Wash,,Lesbian Pride Green Wash,"Лесби-прайд, зелёный оттенок","Lesbický Pride, zelený odstín","Lesbischer Pride, Grün Getönt",,"Orgullo lésbico, lavado verde",Yeşil Tonlu Lezbiyen Onur,Orgullo lésbico con tinte verde,女同性恋骄傲 绿色罩染,Lesbisk Pride vasket grøn,,Лесбійський прайд зелений відтінок,Green-wash'd lesbian pride,,ɥsɐM uǝǝɹ⅁ ǝpᴉɹԀ uɐᴉqsǝꞀ,"Lesbische Pride, Grüen gfärbt",,,
block.kleispack.banner.inclusive_pride.green,Inclusive Pride Green Wash,Inclusive Pride Green Wash,Inclusive Pride Green Wash,,Inclusive Pride Green Wash,"Инклюзивный прайд, зелёный оттенок","Inklusivní Pride, zelený odstín","Inklusiver Pride, Grün Getönt",,"Orgullo inclusivo, lavado verde",Yeşil Tonlu Kapsayıcı Onur,Orgullo inclusivo con tinte verde,包容性骄傲 绿色罩染,Inklusiv Pride vasket grøn,,Інклюзивний прайд зелений відтінок,Green-wash'd pride fer the whole crew,,ɥsɐM uǝǝɹ⅁ ǝpᴉɹԀ ǝʌᴉsnꞁɔuI,"Inklusive Pride, Grüen gfärbt",,,
block.kleispack.banner.classic_pride.cyan,Classic Pride Cyan Wash,Classic Pride Cyan Wash,Classic Pride Cyan Wash,,Classic Pride Cyan Wash,"Классический прайд, бирюзовый оттенок","Klasický Pride, azurový odstín","Klassischer Pride, Türkis Getönt",,"Orgullo clásico, lavado cian",Camgöbeği Tonlu Klasik Onur,Orgullo clásico con tinte cian,经典彩虹骄傲 青色罩染,Klassisk Pride vasket cyan,,Класичний прайд бірюзовий відтінок,Ocean blue-wash'd tried 'n' true pride,,ɥsɐM uɐʎƆ ǝpᴉɹԀ ɔᴉssɐꞁƆ,"Klassische Pride, Türkis gfärbt",,,
block.kleispack.banner.common_pride.cyan,Common Pride Cyan Wash,Common Pride Cyan Wash,Common Pride Cyan Wash,,Common Pride Cyan Wash,"Обычный прайд, бирюзовый оттенок","Obyčejný Pride, azurový odstín","Gewöhnlicher Pride, Türkis Getönt",,"Orgullo común, lavado cian",Camgöbeği Tonlu Yaygın Onur,Orgullo común con tinte cian,通用骄傲 青色罩染,Almindelig Pride vasket cyan,,Загальний прайд бірюзовий відтінок,Ocean blue-wash'd run-of-the-deck pride,,ɥsɐM uɐʎƆ ǝpᴉɹԀ uoɯɯoƆ,"Gewöhnlicher Pride, Türkis gfärbt",,,
block.kleispack.banner.new_pride.cyan,New Pride Cyan Wash,New Pride Cyan Wash,New Pride Cyan Wash,,New Pride Cyan Wash,"Новый прайд, бирюзовый оттенок","Nový Pride, azurový odstín","Neuer Pride, Türkis Getönt",,"Orgullo nuevo, lavado cian",Camgöbeği Tonlu Yeni Onur,Nuevo orgullo con tinte cian,新版骄傲 青色罩染,Ny Pride vasket cyan,,Новий прайд бірюзовий відтінок,Ocean blue-wash'd fresh pride,,ɥsɐM uɐʎƆ ǝpᴉɹԀ ʍǝN,"Neue Pride, Türkis gfärbt",,,
block.kleispack.banner.trans_pride.cyan,Trans Pride Cyan Wash,Trans Pride Cyan Wash,Trans Pride Cyan Wash,,Trans Pride Cyan Wash,"Транс-прайд, бирюзовый оттенок","Trans Pride, azurový odstín","Trans Pride, Türkis Getönt",,"Orgullo trans, lavado cian",Camgöbeği Tonlu Trans Onur,Orgullo trans con tinte cian,跨性别骄傲 青色罩染,Trans Pride vasket cyan,,Транс-прайд бірюзовий відтінок,Ocean blue-wash'd trans pride,,ɥsɐM uɐʎƆ ǝpᴉɹԀ suɐɹ⟘,"Trans Pride, Türkis gfärbt",,,
block.kleispack.banner.actup.cyan,Act Up Cyan Wash,Act Up Cyan Wash,Act Up Cyan Wash,,Act Up Cyan Wash,"ACT UP, бирюзовый оттенок","Act Up, azurový odstín","Act Up, Türkis Getönt",,"Act Up, lavado cian",Camgöbeği Tonlu Act Up,ACT UP con tinte cian,ACT UP 青色罩染,,,ACT UP бірюзовий відтінок,Ocean blue-wash'd ACT UP,,ɥsɐM uɐʎƆ d∩ ʇɔⱯ,"Act Up, Türkis gfärbt",,,
block.kleispack.banner.nb_pride.cyan,Non-Binary Pride Cyan Wash,Non-Binary Pride Cyan Wash,Non-Binary Pride Cyan Wash,,Non-Binary Pride Cyan Wash,"Небинарный прайд, бирюзовый оттенок","Nebinární Pride, azurový odstín","Non-binärer Pride, Türkis Getönt",,"Orgullo no binario, lavado cian",Camgöbeği Tonlu İkilik Dışı Onur,Orgullo no binario con tinte cian,非二元性别骄傲 青色罩染,Nonbinær Pride vasket cyan,,Небінарний прайд бірюзовий відтінок,Ocean blue-wash'd out-o'-the-binary pride,,ɥsɐM uɐʎƆ ǝpᴉɹԀ ʎɹɐuᴉᗺ-uoN,"Non-binäre Pride, Türkis gfärbt",,,
block.kleispack.banner.ace_pride.cyan,Ace Pride Cyan Wash,Ace Pride Cyan Wash,Ace Pride Cyan Wash,,Ace Pride Cyan Wash,"Асексуальный прайд, бирюзовый оттенок","Asexuální Pride, azurový odstín","Ace Pride, Türkis Getönt",,"Orgullo ace, lavado cian",Camgöbeği Tonlu Aseksüel Onur,Orgullo asexual con tinte cian,无性恋骄傲 青色罩染,Ace Pride vasket cyan,,Асексуальний прайд бірюзовий відтінок,Ocean blue-wash'd pride o' th' aces,,ɥsɐM uɐʎƆ ǝpᴉɹԀ ǝɔⱯ,"Ace Pride, Türkis gfärbt",,,
block.kleispack.banner.bi_pride.cyan,Bi Pride Cyan Wash,Bi Pride Cyan Wash,Bi Pride Cyan Wash,,Bi Pride Cyan Wash,"Би-прайд, бирюзовый оттенок","Bi Pride, azurový odstín","Bi Pride, Türkis Getönt",,"Orgullo bi, lavado cian",Camgöbeği Tonlu Biseksüel Onur,Orgullo bisexual con tinte cian,双性恋骄傲 青色罩染,Bi Pride vasket cyan,,Бісексуальний прайд бірюзовий відтінок,Ocean blue-wash'd bi pride,,ɥsɐM uɐʎƆ ǝpᴉɹԀ ᴉᗺ,"Bi Pride, Türkis gfärbt",,,
block.kleispack.banner.lesbian_pride.cyan,Lesbian Pride Cyan Wash,Lesbian Pride Cyan Wash,Lesbian Pride Cyan Wash,,Lesbian Pride Cyan Wash,"Лесби-прайд, бирюзовый оттенок","Lesbický Pride, azurový odstín","Lesbischer Pride, Türkis Getönt",,"Orgullo lésbico, lavado cian",Camgöbeği Tonlu Lezbiyen Onur,Orgullo lésbico con tinte cian,女同性恋骄傲 青色罩染,Lesbisk Pride vasket cyan,,Лесбійський прайд бірюзовий відтінок,Ocean blue-wash'd lesbian pride,,ɥsɐM uɐʎƆ ǝpᴉɹԀ uɐᴉqsǝꞀ,"Lesbische Pride, Türkis gfärbt",,,
block.kleispack.banner.inclusive_pride.cyan,Inclusive Pride Cyan Wash,Inclusive Pride Cyan Wash,Inclusive Pride Cyan Wash,,Inclusive Pride Cyan Wash,"Инклюзивный прайд, бирюзовый оттенок","Inklusivní Pride, azurový odstín","Inklusiver Pride, Türkis Getönt",,"Orgullo inclusivo, lavado cian",Camgöbeği Tonlu Kapsayıcı Onur,Orgullo inclusivo con tinte cian,包容性骄傲 青色罩染,Inklusiv Pride vasket cyan,,Інклюзивний прайд бірюзовий відтінок,Ocean blue-wash'd pride fer the whole crew,,ɥsɐM uɐʎƆ ǝpᴉɹԀ ǝʌᴉsnꞁɔuI,"Inklusive Pride, Türkis gfärbt",,,
block.kleispack.banner.classic_pride.light_blue,Classic Pride Light Blue Wash,Classic Pride Light Blue Wash,Classic Pride Light Blue Wash,,Classic Pride Light Blue Wash,"Классический прайд, голубой оттенок","Klasický Pride, světle modrý odstín","Klassischer Pride, Hellblau Getönt",,"Orgullo clásico, lavado celeste",Açık Mavi Tonlu Klasik Onur,Orgullo clásico con tinte celeste,经典彩虹骄傲 淡蓝色罩染,Klassisk Pride vasket lyseblå,,Класичний прайд блакитний відтінок,Light blue-wash'd tried 'n' true pride,,ɥsɐM ǝnꞁᗺ ʇɥᵷᴉꞀ ǝpᴉɹԀ ɔᴉssɐꞁƆ,"Klassische Pride, Hellblau gfärbt",,,
block.kleispack.banner.common_pride.light_blue,Common Pride Light Blue Wash,Common Pride Light Blue Wash,Common Pride Light Blue Wash,,Common Pride Light Blue Wash,"Обычный прайд, голубой оттенок","Obyčejný Pride, světle modrý odstín","Gewöhnlicher Pride, Hellblau Getönt",,"Orgullo común, lavado celeste",Açık Mavi Tonlu Yaygın Onur,Orgullo común con tinte celeste,通用骄傲 淡蓝色罩染,Almindelig Pride vasket lyseblå,,Загальний прайд блакитний відтінок,Light blue-wash'd run-of-the-deck pride,,ɥsɐM ǝnꞁᗺ ʇɥᵷᴉꞀ ǝpᴉɹԀ uoɯɯoƆ,"Gewöhnlicher Pride, Hellblau gfärbt",,,
block.kleispack.banner.new_pride.light_blue,New Pride Light Blue Wash,New Pride Light Blue Wash,New Pride Light Blue Wash,,New Pride Light Blue Wash,"Новый прайд, голубой оттенок","Nový Pride, světle modrý odstín","Neuer Pride, Hellblau Getönt",,"Orgullo nuevo, lavado celeste",Açık Mavi Tonlu Yeni Onur,Nuevo orgullo con tinte celeste,新版骄傲 淡蓝色罩染,Ny Pride vasket lyseblå,,Новий прайд блакитний відтінок,Light blue-wash'd fresh pride,,ɥsɐM ǝnꞁᗺ ʇɥᵷᴉꞀ ǝpᴉɹԀ ʍǝN,"Neue Pride, Hellblau gfärbt",,,
block.kleispack.banner.trans_pride.light_blue,Trans Pride Light Blue Wash,Trans Pride Light Blue Wash,Trans Pride Light Blue Wash,,Trans Pride Light Blue Wash,"Транс-прайд, голубой оттенок","Trans Pride, světle modrý odstín","Trans Pride, Hellblau Getönt",,"Orgullo trans, lavado celeste",Açık Mavi Tonlu Trans Onur,Orgullo trans con tinte celeste,跨性别骄傲 淡蓝色罩染,Trans Pride vasket lyseblå,,Транс-прайд блакитний відтінок,Light blue-wash'd trans pride,,ɥsɐM ǝnꞁᗺ ʇɥᵷᴉꞀ ǝpᴉɹԀ suɐɹ⟘,"Trans Pride, Hellblau gfärbt",,,
block.kleispack.banner.actup.light_blue,Act Up Light Blue Wash,Act Up Light Blue Wash,Act Up Light Blue Wash,,Act Up Light Blue Wash,"ACT UP, голубой оттенок","Act Up, světle modrý odstín","Act Up, Hellblau Getönt",,"Act Up, lavado celeste",Açık Mavi Tonlu Act Up,ACT UP con tinte celeste,ACT UP 淡蓝色罩染,,,ACT UP блакитний відтінок,Light blue-wash'd ACT UP,,ɥsɐM ǝnꞁᗺ ʇɥᵷᴉꞀ d∩ ʇɔⱯ,"Act Up, Hellblau gfärbt",,,
block.kleispack.banner.nb_pride.light_blue,Non-Binary Pride Light Blue Wash,Non-Binary Pride Light Blue Wash,Non-Binary Pride Light Blue Wash,,Non-Binary Pride Light Blue Wash,"Небинарный прайд, голубой оттенок","Nebinární Pride, světle modrý odstín","Non-binärer Pride, Hellblau Getönt",,"Orgullo no binario, lavado celeste",Açık Mavi Tonlu İkilik Dışı Onur,Orgullo no binario con tinte celeste,非二元性别骄傲 淡蓝色罩染,Nonbinær Pride vasket lyseblå,,Небінарний прайд блакитний відтінок,Light blue-wash'd out-o'-the-binary pride,,ɥsɐM ǝnꞁᗺ ʇɥᵷᴉꞀ ǝpᴉɹԀ ʎɹɐuᴉᗺ-uoN,"Non-binäre Pride, Hellblau gfärbt",,,
block.kleispack.banner.ace_pride.light_blue,Ace Pride Light Blue Wash,Ace Pride Light Blue Wash,Ace Pride Light Blue Wash,,Ace Pride Light Blue Wash,"Асексуальный прайд, голубой оттенок","Asexuální Pride, světle modrý odstín","Ace Pride, Hellblau Getönt",,"Orgullo ace, lavado celeste",Açık Mavi Tonlu Aseksüel Onur,Orgullo asexual con tinte celeste,无性恋骄傲 淡蓝色罩染,Ace Pride vasket lyseblå,,Асексуальний прайд блакитний відтінок,Light blue-wash'd pride o' th' aces,,ɥsɐM ǝnꞁᗺ ʇɥᵷᴉꞀ ǝpᴉɹԀ ǝɔⱯ,"Ace Pride, Hellblau gfärbt",,,
block.kleispack.banner.bi_pride.light_blue,Bi Pride Light Blue Wash,Bi Pride Light Blue Wash,Bi Pride Light Blue Wash,,Bi Pride Light Blue Wash,"Би-прайд, голубой оттенок","Bi Pride, světle modrý odstín","Bi Pride, Hellblau Getönt",,"Orgullo bi, lavado celeste",Açık Mavi Tonlu Biseksüel Onur,Orgullo bisexual con tinte celeste,双性恋骄傲 淡蓝色罩染,Bi Pride vasket lyseblå,,Бісексуальний прайд блакитний відтінок,Light blue-wash'd bi pride,,ɥsɐM ǝnꞁᗺ ʇɥᵷᴉꞀ ǝpᴉɹԀ ᴉᗺ,"Bi Pride, Hellblau gfärbt",,,
block.kleispack.banner.lesbian_pride.light_blue,Lesbian Pride Light Blue Wash,Lesbian Pride Light Blue Wash,Lesbian Pride Light Blue Wash,,Lesbian Pride Light Blue Wash,"Лесби-прайд, голубой оттенок","Lesbický Pride, světle modrý odstín","Lesbischer Pride, Hellblau Getönt",,"Orgullo lésbico, lavado celeste",Açık Mavi Tonlu Lezbiyen Onur,Orgullo lésbico con tinte celeste,女同性恋骄傲 淡蓝色罩染,Lesbisk Pride vasket lyseblå,,Лесбійський прайд блакитний відтінок,Light blue-wash'd lesbian pride,,ɥsɐM ǝnꞁᗺ ʇɥᵷᴉꞀ ǝpᴉɹԀ uɐᴉqsǝꞀ,"Lesbische Pride, Hellblau gfärbt",,,
block.kleispack.banner.inclusive_pride.light_blue,Inclusive Pride Light Blue Wash,Inclusive Pride Light Blue Wash,Inclusive Pride Light Blue Wash,,Inclusive Pride Light Blue Wash,"Инклюзивный прайд, голубой оттенок","Inklusivní Pride, světle modrý odstín","Inklusiver Pride, Hellblau Getönt",,"Orgullo inclusivo, lavado celeste",Açık Mavi Tonlu Kapsayıcı Onur,Orgullo inclusivo con tinte celeste,包容性骄傲 淡蓝色罩染,Inklusiv Pride vasket lyseblå,,Інклюзивний прайд блакитний відтінок,Light blue-wash'd pride fer the whole crew,,ɥsɐM ǝnꞁᗺ ʇɥᵷᴉꞀ ǝpᴉɹԀ ǝʌᴉsnꞁɔuI,"Inklusive Pride, Hellblau gfärbt",,,
block.kleispack.banner.classic_pride.blue,Classic Pride Blue Wash,Classic Pride Blue Wash,Classic Pride Blue Wash,,Classic Pride Blue Wash,"Классический прайд, синий оттенок","Klasický Pride, modrý odstín","Klassischer Pride, Blau Getönt",,"Orgullo clásico, lavado azul",Mavi Tonlu Klasik Onur,Orgullo clásico con tinte azul,经典彩虹骄傲 蓝色罩染,Klassisk Pride vasket blå,,Класичний прайд синій відтінок,Blue-wash'd tried 'n' true pride,,ɥsɐM ǝnꞁᗺ ǝpᴉɹԀ ɔᴉssɐꞁƆ,"Klassische Pride, Blau gfärbt",,,
block.kleispack.banner.common_pride.blue,Common Pride Blue Wash,Common Pride Blue Wash,Common Pride Blue Wash,,Common Pride Blue Wash,"Обычный прайд, синий оттенок","Obyčejný Pride, modrý odstín","Gewöhnlicher Pride, Blau Getönt",,"Orgullo común, lavado azul",Mavi Tonlu Yaygın Onur,Orgullo común con tinte azul,通用骄傲 蓝色罩染,Almindelig Pride vasket blå,,Загальний прайд синій відтінок,Blue-wash'd run-of-the-deck pride,,ɥsɐM ǝnꞁᗺ ǝpᴉɹԀ uoɯɯoƆ,"Gewöhnlicher Pride, Blau gfärbt",,,
block.kleispack.banner.new_pride.blue,New Pride Blue Wash,New Pride Blue Wash,New Pride Blue Wash,,New Pride Blue Wash,"Новый прайд, синий оттенок","Nový Pride, modrý odstín","Neuer Pride, Blau Getönt",,"Orgullo nuevo, lavado azul",Mavi Tonlu Yeni Onur,Nuevo orgullo con tinte azul,新版骄傲 蓝色罩染,Ny Pride vasket blå,,Новий прайд синій відтінок,Blue-wash'd fresh pride,,ɥsɐM ǝnꞁᗺ ǝpᴉɹԀ ʍǝN,"Neue Pride, Blau gfärbt",,,
block.kleispack.banner.trans_pride.blue,Trans Pride Blue Wash,Trans Pride Blue Wash,Trans Pride Blue Wash,,Trans Pride Blue Wash,"Транс-прайд, синий оттенок","Trans Pride, modrý odstín","Trans Pride, Blau Getönt",,"Orgullo trans, lavado azul",Mavi Tonlu Trans Onur,Orgullo trans con tinte azul,跨性别骄傲 蓝色罩染,Trans Pride vasket blå,,Транс-прайд синій відтінок,Blue-wash'd trans pride,,ɥsɐM ǝnꞁᗺ ǝpᴉɹԀ suɐɹ⟘,"Trans Pride, Blau gfärbt",,,
block.kleispack.banner.actup.blue,Act Up Blue Wash,Act Up Blue Wash,Act Up Blue Wash,,Act Up Blue Wash,"ACT UP, синий оттенок","Act Up, modrý odstín","Act Up, Blau Getönt",,"Act Up, lavado azul",Mavi Tonlu Act Up,ACT UP con tinte azul,ACT UP 蓝色罩染,,,ACT UP синій відтінок,Blue-wash'd ACT UP,,ɥsɐM ǝnꞁᗺ d∩ ʇɔⱯ,"Act Up, Blau gfärbt",,,
block.kleispack.banner.nb_pride.blue,Non-Binary Pride Blue Wash,Non-Binary Pride Blue Wash,Non-Binary Pride Blue Wash,,Non-Binary Pride Blue Wash,"Небинарный прайд, синий оттенок","Nebinární Pride, modrý odstín","Non-binärer Pride, Blau Getönt",,"Orgullo no binario, lavado azul",Mavi Tonlu İkilik Dışı Onur,Orgullo no binario con tinte azul,非二元性别骄傲 蓝色罩染,Nonbinær Pride vasket blå,,Небінарний прайд синій відтінок,Blue-wash'd out-o'-the-binary pride,,ɥsɐM ǝnꞁᗺ ǝpᴉɹԀ ʎɹɐuᴉᗺ-uoN,"Non-binäre Pride, Blau gfärbt",,,
block.kleispack.banner.ace_pride.blue,Ace Pride Blue Wash,Ace Pride Blue Wash,Ace Pride Blue Wash,,Ace Pride Blue Wash,"Асексуальный прайд, синий оттенок","Asexuální Pride, modrý odstín","Ace Pride, Blau Getönt",,"Orgullo ace, lavado azul",Mavi Tonlu Aseksüel Onur,Orgullo asexual con tinte azul,无性恋骄傲 蓝色罩染,Ace Pride vasket blå,,Асексуальний прайд синій відтінок,Blue-wash'd pride o' th' aces,,ɥsɐM ǝnꞁᗺ ǝpᴉɹԀ ǝɔⱯ,"Ace Pride, Blau gfärbt",,,
block.kleispack.banner.bi_pride.blue,Bi Pride Blue Wash,Bi Pride Blue Wash,Bi Pride Blue Wash,,Bi Pride Blue Wash,"Би-прайд, синий оттенок","Bi Pride, modrý odstín","Bi Pride, Blau Getönt",,"Orgullo bi, lavado azul",Mavi Tonlu Biseksüel Onur,Orgullo bisexual con tinte azul,双性恋骄傲 蓝色罩染,Bi Pride vasket blå,,Бісексуальний прайд синій відтінок,Blue-wash'd bi pride,,ɥsɐM ǝnꞁᗺ ǝpᴉɹԀ ᴉᗺ,"Bi Pride, Blau gfärbt",,,
block.kleispack.banner.lesbian_pride.blue,Lesbian Pride Blue Wash,Lesbian Pride Blue Wash,Lesbian Pride Blue Wash,,Lesbian Pride Blue Wash,"Лесби-прайд, синий оттенок","Lesbický Pride, modrý odstín","Lesbischer Pride, Blau Getönt",,"Orgullo lésbico, lavado azul",Mavi Tonlu Lezbiyen Onur,Orgullo lésbico con tinte azul,女同性恋骄傲 蓝色罩染,Lesbisk Pride vasket blå,,Лесбійський прайд синій відтінок,Blue-wash'd lesbian pride,,ɥsɐM ǝnꞁᗺ ǝpᴉɹԀ uɐᴉqsǝꞀ,"Lesbische Pride, Blau gfärbt",,,
block.kleispack.banner.inclusive_pride.blue,Inclusive Pride Blue Wash,Inclusive Pride Blue Wash,Inclusive Pride Blue Wash,,Inclusive Pride Blue Wash,"Инклюзивный прайд, синий оттенок","Inklusivní Pride, modrý odstín","Inklusiver Pride, Blau Getönt",,"Orgullo inclusivo, lavado azul",Mavi Tonlu Kapsayıcı Onur,Orgullo inclusivo con tinte azul,包容性骄傲 蓝色罩染,Inklusiv Pride vasket blå,,Інклюзивний прайд синій відтінок,Blue-wash'd pride fer the whole crew,,ɥsɐM ǝnꞁᗺ ǝpᴉɹԀ ǝʌᴉsnꞁɔuI,"Inklusive Pride, Blau gfärbt",,,
block.kleispack.banner.classic_pride.purple,Classic Pride Purple Wash,Classic Pride Purple Wash,Classic Pride Purple Wash,,Classic Pride Purple Wash,"Классический прайд, фиолетовый оттенок","Klasický Pride, fialový odstín","Klassischer Pride, Violett Getönt",,"Orgullo clásico, lavado morado",Mor Tonlu Klasik Onur,Orgullo clásico con tinte morado,经典彩虹骄傲 紫色罩染,Klassisk Pride vasket lilla,,Класичний прайд фіолетовий відтінок,Purple-wash'd tried 'n' true pride,,ɥsɐM ǝꞁdɹnԀ ǝpᴉɹԀ ɔᴉssɐꞁƆ,"Klassische Pride, Violett gfärbt",,,
block.kleispack.banner.common_pride.purple,Common Pride Purple Wash,Common Pride Purple Wash,Common Pride Purple Wash,,Common Pride Purple Wash,"Обычный прайд, фиолетовый оттенок","Obyčejný Pride, fialový odstín","Gewöhnlicher Pride, Violett Getönt",,"Orgullo común, lavado morado",Mor Tonlu Yaygın Onur,Orgullo común con tinte morado,通用骄傲 紫色罩染,Almindelig Pride vasket lilla,,Загальний прайд фіолетовий відтінок,Purple-wash'd run-of-the-deck pride,,ɥsɐM ǝꞁdɹnԀ ǝpᴉɹԀ uoɯɯoƆ,"Gewöhnlicher Pride, Violett gfärbt",,,
block.kleispack.banner.new_pride.purple,New Pride Purple Wash,New Pride Purple Wash,New Pride Purple Wash,,New Pride Purple Wash,"Новый прайд, фиолетовый оттенок","Nový Pride, fialový odstín","Neuer Pride, Violett Getönt",,"Orgullo nuevo, lavado morado",Mor Tonlu Yeni Onur,Nuevo orgullo con tinte morado,新版骄傲 紫色罩染,Ny Pride vasket lilla,,Новий прайд фіолетовий відтінок,Purple-wash'd fresh pride,,ɥsɐM ǝꞁdɹnԀ ǝpᴉɹԀ ʍǝN,"Neue Pride, Violett gfärbt",,,
block.kleispack.banner.trans_pride.purple,Trans Pride Purple Wash,Trans Pride Purple Wash,Trans Pride Purple Wash,,Trans Pride Purple Wash,"Транс-прайд, фиолетовый оттенок","Trans Pride, fialový odstín","Trans Pride, Violett Getönt",,"Orgullo trans, lavado morado",Mor Tonlu Trans Onur,Orgullo trans con tinte morado,跨性别骄傲 紫色罩染,Trans Pride vasket lilla,,Транс-прайд фіолетовий відтінок,Purple-wash'd trans pride,,ɥsɐM ǝꞁdɹnԀ ǝpᴉɹԀ suɐɹ⟘,"Trans Pride, Violett gfärbt",,,
block.kleispack.banner.actup.purple,Act Up Purple Wash,Act Up Purple Wash,Act Up Purple Wash,,Act Up Purple Wash,"ACT UP, фиолетовый оттенок","Act Up, fialový odstín","Act Up, Violett Getönt",,"Act Up, lavado morado",Mor Tonlu Act Up,ACT UP con tinte morado,ACT UP 紫色罩染,,,ACT UP фіолетовий відтінок,Purple-wash'd ACT UP,,ɥsɐM ǝꞁdɹnԀ d∩ ʇɔⱯ,"Act Up, Violett gfärbt",,,
block.kleispack.banner.nb_pride.purple,Non-Binary Pride Purple Wash,Non-Binary Pride Purple Wash,Non-Binary Pride Purple Wash,,Non-Binary Pride Purple Wash,"Небинарный прайд, фиолетовый оттенок","Nebinární Pride, fialový odstín","Non-binärer Pride, Violett Getönt",,"Orgullo no binario, lavado morado",Mor Tonlu İkilik Dışı Onur,Orgullo no binario con tinte morado,非二元性别骄傲 紫色罩染,Nonbinær Pride vasket lilla,,Небінарний прайд фіолетовий відтінок,Purple-wash'd out-o'-the-binary pride,,ɥsɐM ǝꞁdɹnԀ ǝpᴉɹԀ ʎɹɐuᴉᗺ-uoN,"Non-binäre Pride, Violett gfärbt",,,
block.kleispack.banner.ace_pride.purple,Ace Pride Purple Wash,Ace Pride Purple Wash,Ace Pride Purple Wash,,Ace Pride Purple Wash,"Асексуальный прайд, фиолетовый оттенок","Asexuální Pride, fialový odstín","Ace Pride, Violett Getönt",,"Orgullo ace, lavado morado",Mor Tonlu Aseksüel Onur,Orgullo asexual con tinte morado,无性恋骄傲 紫色罩染,Ace Pride vasket lilla,,Асексуальний прайд фіолетовий відтінок,Purple-wash'd pride o' th' aces,,ɥsɐM ǝꞁdɹnԀ ǝpᴉɹԀ ǝɔⱯ,"Ace Pride, Violett gfärbt",,,
block.kleispack.banner.bi_pride.purple,Bi Pride Purple Wash,Bi Pride Purple Wash,Bi Pride Purple Wash,,Bi Pride Purple Wash,"Би-прайд, фиолетовый оттенок","Bi Pride, fialový odstín","Bi Pride, Violett Getönt",,"Orgullo bi, lavado morado",Mor Tonlu Biseksüel Onur,Orgullo bisexual con tinte morado,双性恋骄傲 紫色罩染,Bi Pride vasket lilla,,Бісексуальний прайд фіолетовий відтінок,Purple-wash'd bi pride,,ɥsɐM ǝꞁdɹnԀ ǝpᴉɹԀ ᴉᗺ,"Bi Pride, Violett gfärbt",,,
block.kleispack.banner.lesbian_pride.purple,Lesbian Pride Purple Wash,Lesbian Pride Purple Wash,Lesbian Pride Purple Wash,,Lesbian Pride Purple Wash,"Лесби-прайд, фиолетовый оттенок","Lesbický Pride, fialový odstín","Lesbischer Pride, Violett Getönt",,"Orgullo lésbico, lavado morado",Mor Tonlu Lezbiyen Onur,Orgullo lésbico con tinte morado,女同性恋骄傲 紫色罩染,Lesbisk Pride vasket lilla,,Лесбійський прайд фіолетовий відтінок,Purple-wash'd lesbian pride,,ɥsɐM ǝꞁdɹnԀ ǝpᴉɹԀ uɐᴉqsǝꞀ,"Lesbische Pride, Violett gfärbt",,,
block.kleispack.banner.inclusive_pride.purple,Inclusive Pride Purple Wash,Inclusive Pride Purple Wash,Inclusive Pride Purple Wash,,Inclusive Pride Purple Wash,"Инклюзивный прайд, фиолетовый оттенок","Inklusivní Pride, fialový odstín","Inklusiver Pride, Violett Getönt",,"Orgullo inclusivo, lavado morado",Mor Tonlu Kapsayıcı Onur,Orgullo inclusivo con tinte morado,包容性骄傲 紫色罩染,Inklusiv Pride vasket lilla,,Інклюзивний прайд фіолетовий відтінок,Purple-wash'd pride fer the whole crew,,ɥsɐM ǝꞁdɹnԀ ǝpᴉɹԀ ǝʌᴉsnꞁɔuI,"Inklusive Pride, Violett gfärbt",,,
block.kleispack.banner.classic_pride.magenta,Classic Pride Magenta Wash,Classic Pride Magenta Wash,Classic Pride Magenta Wash,,Classic Pride Magenta Wash,"Классический прайд, пурпурный оттенок","Klasický Pride, purpurový odstín","Klassischer Pride, Magenta Getönt",,"Orgullo clásico, lavado magenta",Eflatun Tonlu Klasik Onur,Orgullo clásico con tinte magenta,经典彩虹骄傲 品红色罩染,Klassisk Pride vasket Magenta,,Класичний прайд пурпуровий відтінок,Light purple-wash'd tried 'n' true pride,,ɥsɐM ɐʇuǝᵷɐW ǝpᴉɹԀ ɔᴉssɐꞁƆ,"Klassische Pride, Magenta gfärbt",,,
block.kleispack.banner.common_pride.magenta,Common Pride Magenta Wash,Common Pride Magenta Wash,Common Pride Magenta Wash,,Common Pride Magenta Wash,"Обычный прайд, пурпурный оттенок","Obyčejný Pride, purpurový odstín","Gewöhnlicher Pride, Magenta Getönt",,"Orgullo común, lavado magenta",Eflatun Tonlu Yaygın Onur,Orgullo común con tinte magenta,通用骄傲 品红色罩染,Almindelig Pride vasket Magenta,,Загальний прайд пурпуровий відтінок,Light purple-wash'd run-of-the-deck pride,,ɥsɐM ɐʇuǝᵷɐW ǝpᴉɹԀ uoɯɯoƆ,"Gewöhnlicher Pride, Magenta gfärbt",,,
block.kleispack.banner.new_pride.magenta,New Pride Magenta Wash,New Pride Magenta Wash,New Pride Magenta Wash,,New Pride Magenta Wash,"Новый прайд, пурпурный оттенок","Nový Pride, purpurový odstín","Neuer Pride, Magenta Getönt",,"Orgullo nuevo, lavado magenta",Eflatun Tonlu Yeni Onur,Nuevo orgullo con tinte magenta,新版骄傲 品红色罩染,Ny Pride vasket Magenta,,Новий прайд пурпуровий відтінок,Light purple-wash'd fresh pride,,ɥsɐM ɐʇuǝᵷɐW ǝpᴉɹԀ ʍǝN,"Neue Pride, Magenta gfärbt",,,
block.kleispack.banner.trans_pride.magenta,Trans Pride Magenta Wash,Trans Pride Magenta Wash,Trans Pride Magenta Wash,,Trans Pride Magenta Wash,"Транс-прайд, пурпурный оттенок","Trans Pride, purpurový odstín","Trans Pride, Magenta Getönt",,"Orgullo trans, lavado magenta",Eflatun Tonlu Trans Onur,Orgullo trans con tinte magenta,跨性别骄傲 品红色罩染,Trans Pride vasket Magenta,,Транс-прайд пурпуровий відтінок,Light purple-wash'd trans pride,,ɥsɐM ɐʇuǝᵷɐW ǝpᴉɹԀ suɐɹ⟘,"Trans Pride, Magenta gfärbt",,,
block.kleispack.banner.actup.magenta,Act Up Magenta Wash,Act Up Magenta Wash,Act Up Magenta Wash,,Act Up Magenta Wash,"ACT UP, пурпурный оттенок","Act Up, purpurový odstín","Act Up, Magenta Getönt",,"Act Up, lavado magenta",Eflatun Tonlu Act Up,ACT UP con tinte magenta,ACT UP 品红色罩染,,,ACT UP пурпуровий відтінок,Light purple-wash'd ACT UP,,ɥsɐM ɐʇuǝᵷɐW d∩ ʇɔⱯ,"Act Up, Magenta gfärbt",,,
block.kleispack.banner.nb_pride.magenta,Non-Binary Pride Magenta Wash,Non-Binary Pride Magenta Wash,Non-Binary Pride Magenta Wash,,Non-Binary Pride Magenta Wash,"Небинарный прайд, пурпурный оттенок","Nebinární Pride, purpurový odstín","Non-binärer Pride, Magenta Getönt",,"Orgullo no binario, lavado magenta",Eflatun Tonlu İkilik Dışı Onur,Orgullo no binario con tinte magenta,非二元性别骄傲 品红色罩染,Nonbinær Pride vasket Magenta,,Небінарний прайд пурпуровий відтінок,Light purple-wash'd out-o'-the-binary pride,,ɥsɐM ɐʇuǝᵷɐW ǝpᴉɹԀ ʎɹɐuᴉᗺ-uoN,"Non-binäre Pride, Magenta gfärbt",,,
block.kleispack.banner.ace_pride.magenta,Ace Pride Magenta Wash,Ace Pride Magenta Wash,Ace Pride Magenta Wash,,Ace Pride Magenta Wash,"Асексуальный прайд, пурпурный оттенок","Asexuální Pride, purpurový odstín","Ace Pride, Magenta Getönt",,"Orgullo ace, lavado magenta",Eflatun Tonlu Aseksüel Onur,Orgullo asexual con tinte magenta,无性恋骄傲 品红色罩染,Ace Pride vasket Magenta,,Асексуальний прайд пурпуровий відтінок,Light purple-wash'd pride o' th' aces,,ɥsɐM ɐʇuǝᵷɐW ǝpᴉɹԀ ǝɔⱯ,"Ace Pride, Magenta gfärbt",,,
block.kleispack.banner.bi_pride.magenta,Bi Pride Magenta Wash,Bi Pride Magenta Wash,Bi Pride Magenta Wash,,Bi Pride Magenta Wash,"Би-прайд, пурпурный оттенок","Bi Pride, purpurový odstín","Bi Pride, Magenta Getönt",,"Orgullo bi, lavado magenta",Eflatun Tonlu Biseksüel Onur,Orgullo bisexual con tinte magenta,双性恋骄傲 品红色罩染,Bi Pride vasket Magenta,,Бісексуальний прайд пурпуровий відтінок,Light purple-wash'd bi pride,,ɥsɐM ɐʇuǝᵷɐW ǝpᴉɹԀ ᴉᗺ,"Bi Pride, Magenta gfärbt",,,
block.kleispack.banner.lesbian_pride.magenta,Lesbian Pride Magenta Wash,Lesbian Pride Magenta Wash,Lesbian Pride Magenta Wash,,Lesbian Pride Magenta Wash,"Лесби-прайд, пурпурный оттенок","Lesbický Pride, purpurový odstín","Lesbischer Pride, Magenta Getönt",,"Orgullo lésbico, lavado magenta",Eflatun Tonlu Lezbiyen Onur,Orgullo lésbico con tinte magenta,女同性恋骄傲 品红色罩染,Lesbisk Pride vasket Magenta,,Лесбійський прайд пурпуровий відтінок,Light purple-wash'd lesbian pride,,ɥsɐM ɐʇuǝᵷɐW ǝpᴉɹԀ uɐᴉqsǝꞀ,"Lesbische Pride, Magenta gfärbt",,,
block.kleispack.banner.inclusive_pride.magenta,Inclusive Pride Magenta Wash,Inclusive Pride Magenta Wash,Inclusive Pride Magenta Wash,,Inclusive Pride Magenta Wash,"Инклюзивный прайд, пурпурный оттенок","Inklusivní Pride, purpurový odstín","Inklusiver Pride, Magenta Getönt",,"Orgullo inclusivo, lavado magenta",Eflatun Tonlu Kapsayıcı Onur,Orgullo inclusivo con tinte magenta,包容性骄傲 品红色罩染,Inklusiv Pride vasket Magenta,,Інклюзивний прайд пурпуровий відтінок,Light purple-wash'd pride fer the whole crew,,ɥsɐM ɐʇuǝᵷɐW ǝpᴉɹԀ ǝʌᴉsnꞁɔuI,"Inklusive Pride, Magenta gfärbt",,,
block.kleispack.banner.classic_pride.pink,Classic Pride Pink Wash,Classic Pride Pink Wash,Classic Pride Pink Wash,,Classic Pride Pink Wash,"Классический прайд, розовый оттенок","Klasický Pride, růžový odstín","Klassischer Pride, Rosa Getönt",,"Orgullo clásico, lavado rosado",Pembe Tonlu Klasik Onur,Orgullo clásico con tinte rosa,经典彩虹骄傲 粉红色罩染,Klassisk Pride vasket Lyserød,,Класичний прайд рожевий відтінок,Pink-wash'd tried 'n' true pride,,ɥsɐM ʞuᴉԀ ǝpᴉɹԀ ɔᴉssɐꞁƆ,"Klassische Pride, Pink gfärbt",,,
block.kleispack.banner.common_pride.pink,Common Pride Pink Wash,Common Pride Pink Wash,Common Pride Pink Wash,,Common Pride Pink Wash,"Обычный прайд, розовый оттенок","Obyčejný Pride, růžový odstín","Gewöhnlicher Pride, Rosa Getönt",,"Orgullo común, lavado rosado",Pembe Tonlu Yaygın Onur,Orgullo común con tinte rosa,通用骄傲 粉红色罩染,Almindelig Pride vasket Lyserød,,Загальний прайд рожевий відтінок,Pink-wash'd run-of-the-deck pride,,ɥsɐM ʞuᴉԀ ǝpᴉɹԀ uoɯɯoƆ,"Gewöhnlicher Pride, Pink gfärbt",,,
block.kleispack.banner.new_pride.pink,New Pride Pink Wash,New Pride Pink Wash,New Pride Pink Wash,,New Pride Pink Wash,"Новый прайд, розовый оттенок","Nový Pride, růžový odstín","Neuer Pride, Rosa Getönt",,"Orgullo nuevo, lavado rosado",Pembe Tonlu Yeni Onur,Nuevo orgullo con tinte rosa,新版骄傲 粉红色罩染,Ny Pride vasket Lyserød,,Новий прайд рожевий відтінок,Pink-wash'd fresh pride,,ɥsɐM ʞuᴉԀ ǝpᴉɹԀ ʍǝN,"Neue Pride, Pink gfärbt",,,
block.kleispack.banner.trans_pride.pink,Trans Pride Pink Wash,Trans Pride Pink Wash,Trans Pride Pink Wash,,Trans Pride Pink Wash,"Транс-прайд, розовый оттенок","Trans Pride, růžový odstín","Trans Pride, Rosa Getönt",,"Orgullo trans, lavado rosado",Pembe Tonlu Trans Onur,Orgullo trans con tinte rosa,跨性别骄傲 粉红色罩染,Trans Pride vasket Lyserød,,Транс-прайд рожевий відтінок,Pink-wash'd trans pride,,ɥsɐM ʞuᴉԀ ǝpᴉɹԀ suɐɹ⟘,"Trans Pride, Pink gfärbt",,,
block.kleispack.banner.actup.pink,Act Up Pink Wash,Act Up Pink Wash,Act Up Pink Wash,,Act Up Pink Wash,"ACT UP, розовый оттенок","Act Up, růžový odstín","Act Up, Rosa Getönt",,"Act Up, lavado rosado",Pembe Tonlu Act Up,ACT UP con tinte rosa,ACT UP 粉红色罩染,,,ACT UP рожевий відтінок,Pink-wash'd ACT UP,,ɥsɐM ʞuᴉԀ d∩ ʇɔⱯ,"Act Up, Pink gfärbt",,,
block.kleispack.banner.nb_pride.pink,Non-Binary Pride Pink Wash,Non-Binary Pride Pink Wash,Non-Binary Pride Pink Wash,,Non-Binary Pride Pink Wash,"Небинарный прайд, розовый оттенок","Nebinární Pride, růžový odstín","Non-binärer Pride, Rosa Getönt",,"Orgullo no binario, lavado rosado",Pembe Tonlu İkilik Dışı Onur,Orgullo no binario con tinte rosa,非二元性别骄傲 粉红色罩染,Nonbinær Pride vasket Lyserød,,Небінарний прайд рожевий відтінок,Pink-wash'd out-o'-the-binary pride,,ɥsɐM ʞuᴉԀ ǝpᴉɹԀ ʎɹɐuᴉᗺ-uoN,"Non-binäre Pride, Pink gfärbt",,,
block.kleispack.banner.ace_pride.pink,Ace Pride Pink Wash,Ace Pride Pink Wash,Ace Pride Pink Wash,,Ace Pride Pink Wash,"Асексуальный прайд, розовый оттенок","Asexuální Pride, růžový odstín","Ace Pride, Rosa Getönt",,"Orgullo ace, lavado rosado",Pembe Tonlu Aseksüel Onur,Orgullo asexual con tinte rosa,无性恋骄傲 粉红色罩染,Ace Pride vasket Lyserød,,Асексуальний прайд рожевий відтінок,Pink-wash'd pride o' th' aces,,ɥsɐM ʞuᴉԀ ǝpᴉɹԀ ǝɔⱯ,"Ace Pride, Pink gfärbt",,,
block.kleispack.banner.bi_pride.pink,Bi Pride Pink Wash,Bi Pride Pink Wash,Bi Pride Pink Wash,,Bi Pride Pink Wash,"Би-прайд, розовый оттенок","Bi Pride, růžový odstín","Bi Pride, Rosa Getönt",,"Orgullo bi, lavado rosado",Pembe Tonlu Biseksüel Onur,Orgullo bisexual con tinte rosa,双性恋骄傲 粉红色罩染,Bi Pride vasket Lyserød,,Бісексуальний прайд рожевий відтінок,Pink-wash'd bi pride,,ɥsɐM ʞuᴉԀ ǝpᴉɹԀ ᴉᗺ,"Bi Pride, Pink gfärbt",,,
block.kleispack.banner.lesbian_pride.pink,Lesbian Pride Pink Wash,Lesbian Pride Pink Wash,Lesbian Pride Pink Wash,,Lesbian Pride Pink Wash,"Лесби-прайд, розовый оттенок","Lesbický Pride, růžový odstín","Lesbischer Pride, Rosa Getönt",,"Orgullo lésbico, lavado rosado",Pembe Tonlu Lezbiyen Onur,Orgullo lésbico con tinte rosa,女同性恋骄傲 粉红色罩染,Lesbisk Pride vasket Lyserød,,Лесбійський прайд рожевий відтінок,Pink-wash'd lesbian pride,,ɥsɐM ʞuᴉԀ ǝpᴉɹԀ uɐᴉqsǝꞀ,"Lesbische Pride, Pink gfärbt",,,
block.kleispack.banner.inclusive_pride.pink,Inclusive Pride Pink Wash,Inclusive Pride Pink Wash,Inclusive Pride Pink Wash,,Inclusive Pride Pink Wash,"Инклюзивный прайд, розовый оттенок","Inklusivní Pride, růžový odstín","Inklusiver Pride, Rosa Getönt",,"Orgullo inclusivo, lavado rosado",Pembe Tonlu Kapsayıcı Onur,Orgullo inclusivo con tinte rosa,包容性骄傲 粉红色罩染,Inklusiv Pride vasket Lyserød,,Інклюзивний прайд рожевий відтінок,Pink-wash'd pride fer the whole crew,,ɥsɐM ʞuᴉԀ ǝpᴉɹԀ ǝʌᴉsnꞁɔuI,"Inklusive Pride, Pink gfärbt",,,
block.kleispack.banner.classic_pride.brown,Classic Pride Brown Wash,Classic Pride Brown Wash,Classic Pride Brown Wash,,Classic Pride Brown Wash,"Классический прайд, коричневый оттенок","Klasický Pride, hnědý odstín","Klassischer Pride, Braun Getönt",,"Orgullo clásico, lavado café",Kahverengi Tonlu Klasik Onur,Orgullo clásico con tinte marrón,经典彩虹骄傲 棕色罩染,Klassisk Pride vasket Brun,,Класичний прайд коричневий відтінок,Brown-wash'd tried 'n' true pride,,ɥsɐM uʍoɹᗺ ǝpᴉɹԀ ɔᴉssɐꞁƆ,"Klassische Pride, Bruun gfärbt",,,
block.kleispack.banner.common_pride.brown,Common Pride Brown Wash,Common Pride Brown Wash,Common Pride Brown Wash,,Common Pride Brown Wash,"Обычный прайд, коричневый оттенок","Obyčejný Pride, hnědý odstín","Gewöhnlicher Pride, Braun Getönt",,"Orgullo común, lavado café",Kahverengi Tonlu Yaygın Onur,Orgullo común con tinte marrón,通用骄傲 棕色罩染,Almindelig Pride vasket Brun,,Загальний прайд коричневий відтінок,Brown-wash'd run-of-the-deck pride,,ɥsɐM uʍoɹᗺ ǝpᴉɹԀ uoɯɯoƆ,"Gewöhnlicher Pride, Bruun gfärbt",,,
block.kleispack.banner.new_pride.brown,New Pride Brown Wash,New Pride Brown Wash,New Pride Brown Wash,,New Pride Brown Wash,"Новый прайд, коричневый оттенок","Nový Pride, hnědý odstín","Neuer Pride, Braun Getönt",,"Orgullo nuevo, lavado café",Kahverengi Tonlu Yeni Onur,Nuevo orgullo con tinte marrón,新版骄傲 棕色罩染,Ny Pride vasket Brun,,Новий прайд коричневий відтінок,Brown-wash'd fresh pride,,ɥsɐM uʍoɹᗺ ǝpᴉɹԀ ʍǝN,"Neue Pride, Bruun gfärbt",,,
block.kleispack.banner.trans_pride.brown,Trans Pride Brown Wash,Trans Pride Brown Wash,Trans Pride Brown Wash,,Trans Pride Brown Wash,"Транс-прайд, коричневый оттенок","Trans Pride, hnědý odstín","Trans Pride, Braun Getönt",,"Orgullo trans, lavado café",Kahverengi Tonlu Trans Onur,Orgullo trans con tinte marrón,跨性别骄傲 棕色罩染,Trans Pride vasket Brun,,Транс-прайд коричневий відтінок,Brown-wash'd trans pride,,ɥsɐM uʍoɹᗺ ǝpᴉɹԀ suɐɹ⟘,"Trans Pride, Bruun gfärbt",,,
block.kleispack.banner.actup.brown,Act Up Brown Wash,Act Up Brown Wash,Act Up Brown Wash,,Act Up Brown Wash,"ACT UP, коричневый оттенок","Act Up, hnědý odstín","Act Up, Braun Getönt",,"Act Up, lavado café",Kahverengi Tonlu Act Up,ACT UP con tinte marrón,ACT UP 棕色罩染,,,ACT UP коричневий відтінок,Brown-wash'd ACT UP,,ɥsɐM uʍoɹᗺ d∩ ʇɔⱯ,"Act Up, Bruun gfärbt",,,
block.kleispack.banner.nb_pride.brown,Non-Binary Pride Brown Wash,Non-Binary Pride Brown Wash,Non-Binary Pride Brown Wash,,Non-Binary Pride Brown Wash,"Небинарный прайд, коричневый оттенок","Nebinární Pride, hnědý odstín","Non-binärer Pride, Braun Getönt",,"Orgullo no binario, lavado café",Kahverengi Tonlu İkilik Dışı Onur,Orgullo no binario con tinte marrón,非二元性别骄傲 棕色罩染,Nonbinær Pride vasket Brun,,Небінарний прайд коричневий відтінок,Brown-wash'd out-o'-the-binary pride,,ɥsɐM uʍoɹᗺ ǝpᴉɹԀ ʎɹɐuᴉᗺ-uoN,"Non-binäre Pride, Bruun gfärbt",,,
block.kleispack.banner.ace_pride.brown,Ace Pride Brown Wash,Ace Pride Brown Wash,Ace Pride Brown Wash,,Ace Pride Brown Wash,"Асексуальный прайд, коричневый оттенок","Asexuální Pride, hnědý odstín","Ace Pride, Braun Getönt",,"Orgullo ace, lavado café",Kahverengi Tonlu Aseksüel Onur,Orgullo asexual con tinte marrón,无性恋骄傲 棕色罩染,Ace Pride vasket Brun,,Асексуальний прайд коричневий відтінок,Brown-wash'd pride o' th' aces,,ɥsɐM uʍoɹᗺ ǝpᴉɹԀ ǝɔⱯ,"Ace Pride, Bruun gfärbt",,,
block.kleispack.banner.bi_pride.brown,Bi Pride Brown Wash,Bi Pride Brown Wash,Bi Pride Brown Wash,,Bi Pride Brown Wash,"Би-прайд, коричневый оттенок","Bi Pride, hnědý odstín","Bi Pride, Braun Getönt",,"Orgullo bi, lavado café",Kahverengi Tonlu Biseksüel Onur,Orgullo bisexual con tinte marrón,双性恋骄傲 棕色罩染,Bi Pride vasket Brun,,Бісексуальний прайд коричневий відтінок,Brown-wash'd bi pride,,ɥsɐM uʍoɹᗺ ǝpᴉɹԀ ᴉᗺ,"Bi Pride, Bruun gfärbt",,,
block.kleispack.banner.lesbian_pride.brown,Lesbian Pride Brown Wash,Lesbian Pride Brown Wash,Lesbian Pride Brown Wash,,Lesbian Pride Brown Wash,"Лесби-прайд, коричневый оттенок","Lesbický Pride, hnědý odstín","Lesbischer Pride, Braun Getönt",,"Orgullo lésbico, lavado café",Kahverengi Tonlu Lezbiyen Onur,Orgullo lésbico con tinte marrón,女同性恋骄傲 棕色罩染,Lesbisk Pride vasket Brun,,Лесбійський прайд коричневий відтінок,Brown-wash'd lesbian pride,,ɥsɐM uʍoɹᗺ ǝpᴉɹԀ uɐᴉqsǝꞀ,"Lesbische Pride, Bruun gfärbt",,,
block.kleispack.banner.inclusive_pride.brown,Inclusive Pride Brown Wash,Inclusive Pride Brown Wash,Inclusive Pride Brown Wash,,Inclusive Pride Brown Wash,"Инклюзивный прайд, коричневый оттенок","Inklusivní Pride, hnědý odstín","Inklusiver Pride, Braun Getönt",,"Orgullo inclusivo, lavado café",Kahverengi Tonlu Kapsayıcı Onur,Orgullo inclusivo con tinte marrón,包容性骄傲 棕色罩染,Inklusiv Pride vasket Brun,,Інклюзивний прайд коричневий відтінок,Brown-wash'd pride fer the whole crew,,ɥsɐM uʍoɹᗺ ǝpᴉɹԀ ǝʌᴉsnꞁɔuI,"Inklusive Pride, Bruun gfärbt",,,
item.minecraft.tipped_arrow.effect.apotropaic_arrow,Apotropaic Arrow,Apotropaic Arrow,Apotropaic Arrow,,Apotropaic Arrow,Святая стрела,Zlodvracející šíp,Apotropäischer Pfeil,,Flecha apotropaica,Koruyucu Ok,Flecha apotropaica,辟邪箭,Natskygge Pil,,Апотропеїчна стріла,Arrow o' wardin',Freccia Apotropaica,ʍoɹɹⱯ ɔᴉɐdoɹʇodⱯ,"Apotropäischer Pfeil, Bruun gfärbt",spoky bonk arrow,,Arrow of Warding
item.minecraft.tipped_arrow.effect.nightshade_arrow,Nightshade Arrow,Nightshade Arrow,Nightshade Arrow,,Nightshade Arrow,Стрела белладонны,Zlomocný šíp,Nachtschatten-Pfeil,,Flecha de belladona,Güzelavrat Oku,Flecha de belladona,龙葵箭,Galndebær Pil,,Пасльонова стріла,Arrow o' th' nightshades,Freccia di Belladonna,ʍoɹɹⱯ ǝpɐɥsʇɥᵷᴉN,"Nachtschatten-Pfeil, Bruun gfärbt",dark plant stab,,Nightshade Arrow
item.minecraft.glow_ink_sac,Phosphor,Phosphor,Phosphor,,Phosphor,Фосфор,Fosfor,Phosphor,,Fósforo,Fosfor,Fósforo,磷光质,Fosfor,Fosfor,Фосфор,Phosphor,Fosforo,ɹoɥdsoɥԀ,Phosphor,glowy powdr,,Phosphor
block.minecraft.end_rod,Phosphor Rod,Phosphor Rod,Phosphor Rod,,Phosphor Rod,Фосфорный стержень,Fosforová tyč,Phosphorstab,,Barra de fósforo,Fosfor Çubuğu,Vara de fósforo,磷光棒,Fosfor Stang,Fosforowy słupek,Фосфорний стрижень,Rod o' phosphor,Verga di Fosforo,poᴚ ɹoɥdsoɥԀ,Phosphorstab,glowy stik,,Phosphor Rod
item.minecraft.rabbit_hide,Tattered Leather,Tattered Leather,Tattered Leather,,Tattered Leather,Рваная кожа,Potrhaná kůže,Zerissenes Leder,,Cuero rasgado,Yıpranmış Deri,Cuero desgastado,破旧皮革,Laset Læder,Obszarpana skóra,Пошарпана шкіра,Tatter'd leather,Pelle Lacera,ɹǝɥʇɐǝꞀ pǝɹǝʇʇɐ⟘,Zerissenes Leder,sad leethr,,Tattered Leather
item.minecraft.leather_helmet,Leather Hood,Leather Hood,Leather Hood,,Leather Hood,Кожаный капюшон,Kožená kápě,Lederhaube,,Capucha de cuero,Deri Başlık,Capucha de cuero,皮革兜帽,Læder Hætte,Skórzany kaptur,Шкіряна відлога,Hood o' leather,Cappuccio di Pelle,pooH ɹǝɥʇɐǝꞀ,Lederchappe,leethr hed thin,,Leather Hood
item.minecraft.leather_chestplate,Leather Pauldron,Leather Pauldron,Leather Pauldron,,Leather Pauldron,Кожаные наплечники,Kožený chránič,Lederpauldron,,Hombrera de cuero,Deri Omuzluk,Hombrera de cuero,皮革护肩,Læder Skulderplade,Skórzany naramiennik,Шкіряна наплічник,Pauldron o' leather,Spallaccio di Pelle,uoɹpꞁnɐԀ ɹǝɥʇɐǝꞀ,Lederschulterepanzer,leethr shouldr bonk,,Leather Pauldron
item.minecraft.leather,Sturdy Leather,Sturdy Leather,Sturdy Leather,,Sturdy Leather,Прочная кожа,Tvrzená kůže,Robustes Leder,,Cuero robusto,Sağlam Deri,Cuero resistente,结实皮革,Robust Læder,Wytrzymała skóra,Міцна шкіра,Tough leather,Pelle Robusta,ɹǝɥʇɐǝꞀ ʎpɹnʇS,Robustes Leder,STRONK LEETHR,,Sturdy Leather
item.kleispack.sturdy_leather_helmet,Sturdy Leather Helmet,Sturdy Leather Helmet,Sturdy Leather Helmet,,Sturdy Leather Helmet,Прочный кожаный шлем,Helma z tvrzené kůže,Robuster Lederhelm,,Casco de cuero robusto,Sağlam Deri Miğfer,Casco de cuero resistente,结实皮革头盔,Robust Læder Hjelm,Wytrzymały skórzany hełm,Міцний шкіряний шолом,Helmet o' tough leather,Casco di Pelle Robusta,ʇǝɯꞁǝH ɹǝɥʇɐǝꞀ ʎpɹnʇS,Robusti Lederchappe,STRONK LEETHR HED,,Sturdy Leather Helm
item.kleispack.sturdy_leather_chestplate,Sturdy Leather Gambeson,Sturdy Leather Gambeson,Sturdy Leather Gambeson,,Sturdy Leather Gambeson,Прочный кожаный гамбезон,Prošívanice z tvrzené kůže,Robustes Lederwams,,Gambesón de cuero robusto,Sağlam Deri Bağırdak,Peto de cuero resistente,结实皮革绗缝甲,Robust Læder Gambeson,Wytrzymała skórzana przeszywanica,Міцний шкіряний гамберзон,Jacket o' tough leather,Gambesone di Pelle Robusta,uosǝqɯɐ⅁ ɹǝɥʇɐǝꞀ ʎpɹnʇS,Robustes Lederwams,STRONK LEETHR SHIRT,,Sturdy Leather Gambeson
item.kleispack.sturdy_leather_leggings,Sturdy Leather Leggings,Sturdy Leather Leggings,Sturdy Leather Leggings,,Sturdy Leather Leggings,Прочные кожаные поножи,Kalhoty z tvrzené kůže,Robuster Lederbeinschutz,,Pantalones de cuero robusto,Sağlam Deri Tozluk,Pantalones de cuero resistente,结实皮革护腿,Robust Læder Bukser,,Міцні шкіряні наголінники,Greaves o' tough leather,Gambiere di Pelle Robusta,sᵷuᴉᵷᵷǝꞀ ɹǝɥʇɐǝꞀ ʎpɹnʇS,Robuster Lederbeischutz,STRONK LEETHR PANTZ,,Sturdy Leather Leggings
item.kleispack.sturdy_leather_boots,Sturdy Leather Boots,Sturdy Leather Boots,Sturdy Leather Boots,,Sturdy Leather Boots,Прочные кожаные ботинки,Boty z tvrzené kůže,Robuste Lederstiefel,,Botas de cuero robusto,Sağlam Deri Çizme,Botas de cuero resistente,结实皮革靴子,Robust Læder Støvler,,Міцні шкіряні чоботи,Peg-leg o' tough leather,Stivali di Pelle Robusta,sʇooᗺ ɹǝɥʇɐǝꞀ ʎpɹnʇS,Robuste Lederstiefel,STRONK LEETHR FET,,Sturdy Leather Shoes
item.kleispack.copper_mattock,Copper Mattock,Copper Mattock,Copper Mattock,,Copper Mattock,Медный матток,Měděný matok,Kupferbreithacke,,Zapapico de cobre,Bakır Çapa,Azadón de cobre,铜鹤嘴锄,Kobber Ryddehakke,,Мідна мотика-лопата,Mattock o' copper,Zappascure di Rame,ʞɔoʇʇɐW ɹǝddoƆ,Chupferbreithacke,coppr diggy bonk,,Copper Mattock
item.kleispack.copper_dolabra,Copper Dolabra,Copper Dolabra,Copper Dolabra,,Copper Dolabra,Медная долабра,Měděná dolabra,Kupferdolabra,,Dolabra de cobre,Bakır Gedmen,Dolabra de cobre,铜斧镐,Kobber Gravøkse,,Мідна долабра,Dolabra o' copper,Dolabella di Rame,ɐɹqɐꞁoᗡ ɹǝddoƆ,Chupferdolabra,coppr doubl diggy,,Copper Dolabra
item.kleispack.copper_shears,Copper Shears,Copper Shears,Copper Shears,,Copper Shears,Медные ножницы,Měděné nůžky,Kupferschere,,Tijeras de cobre,Bakır Makas,Tijeras de cobre,铜剪刀,Kobbersaks,,Мідні ножиці,Cutters o' copper,Cesoie di Rame,sɹɐǝɥS ɹǝddoƆ,Chupferscher,coppr snippy,,Copper Shears
item.kleispack.copper_compass,Copper Compass,Copper Compass,Copper Compass,,Copper Compass,Медный компас,Měděný kompas,Kupferkompass,,Brújula de cobre,Bakır Pusula,Brújula de cobre,铜指南针,Kobberkompas,,Мідний компас,Compass o' copper,Compasso di Rame,ssɐdɯoƆ ɹǝddoƆ,Chupferkompass,coppr wer iz i,,Copper Northfinder
item.minecraft.shulker_shell,Shakudo Alloy,Shakudo Alloy,Shakudo Alloy,,Shakudo Alloy,Сплав сякудо,Slitina shakudo,Shakudo-Legierung,,Aleación de shakudo,Shakudo Alaşımı,Aleación de shakudo,赤铜合金,Shakudo Legering,,Сплав сякудо,Blacken'd copper alloy,Lega di Shakudo,ʎoꞁꞁⱯ opnʞɐɥS,Shakudo-Legierig,coppr but fancy,,Red Copper Mix
item.kleispack.shakudo_spear,Shakudo Spear,Shakudo Spear,Shakudo Spear,,Shakudo Spear,Копьё из сякудо,Kopí z shakuda,Shakudospeer,,Lanza de shakudo,Shakudo Mızrak,Lanza de shakudo,赤铜矛,Shakudospyd,,Сякудовий спис,Harpoon o' blacken'd copper,Lancia di Shakudo,ɹɐǝdS opnʞɐɥS,Shakudospeer,fancy coppr stabby,,Red Copper Spear
item.kleispack.shakudo_sword,Shakudo Sword,Shakudo Sword,Shakudo Sword,,Shakudo Sword,Меч из сякудо,Meč z shakuda,Shakudoschwert,,Espada de shakudo,Shakudo Kılıç,Espada de shakudo,赤铜剑,Shakudosværd,,Сякудовий меч,Cutlass o' blacken'd copper,Spada di Shakudo,pɹoʍS opnʞɐɥS,Shakudoschwert,fancy coppr swort,,Red Copper Sword
item.kleispack.shakudo_axe,Shakudo Axe,Shakudo Axe,Shakudo Axe,,Shakudo Axe,Топор из сякудо,Sekera z shakuda,Shakudoaxt,,Hacha de shakudo,Shakudo Balta,Hacha de shakudo,赤铜斧,Shakudoøkse,,Сякудова сокира,Hatchet o' blacken'd copper,Ascia di Shakudo,ǝxⱯ opnʞɐɥS,Shakudoaxt,fancy coppr chop,,Red Copper Axe
item.kleispack.shakudo_pickaxe,Shakudo Pickaxe,Shakudo Pickaxe,Shakudo Pickaxe,,Shakudo Pickaxe,Кирка из сякудо,Krumpáč z shakuda,Shakudospitzhacke,,Picota de shakudo,Shakudo Kazma,Pico de shakudo,赤铜镐,Shakudohakke,,Сякудове кайло,Pickaxe o' blacken'd copper,Piccone di Shakudo,ǝxɐʞɔᴉԀ opnʞɐɥS,Shakudospitzhacke,fancy coppr pik,,Red Copper Mattock
item.kleispack.shakudo_shovel,Shakudo Shovel,Shakudo Shovel,Shakudo Shovel,,Shakudo Shovel,Лопата из сякудо,Lopata z shakuda,Shakudoschaufel,,Pala de shakudo,Shakudo Kürek,Pala de shakudo,赤铜锹,Shakudoskovl,,Сякудова лопата,Spade o' blacken'd copper,Pala di Shakudo,ꞁǝʌoɥS opnʞɐɥS,Shakudoschufle,fancy coppr dig,,Red Copper Shovel
item.kleispack.shakudo_hoe,Shakudo Hoe,Shakudo Hoe,Shakudo Hoe,,Shakudo Hoe,Мотыга из сякудо,Motyka z shakuda,Shakudohacke,,Azadón de shakudo,Shakudo Çapa,Azada de shakudo,赤铜锄,Shakudolugejern,,Сякудова мотика,Farmin' stick o' blacken'd copper,Zappa di Shakudo,ǝoH opnʞɐɥS,Shakudohacke,fancy copper farm stik,,Red Copper Tiller
item.kleispack.shakudo_mattock,Shakudo Mattock,Shakudo Mattock,Shakudo Mattock,,Shakudo Mattock,Матток из сякудо,Matok z shakuda,Shakudobreithacke,,Zapapico de shakudo,Shakudo Tirpidin,Azadón de shakudo,赤铜鹤嘴锄,Shakudoryddehakke,,Сякудова мотика-лопата,Mattock o' blacken'd copper,Zappascure di Shakudo,ʞɔoʇʇɐW opnʞɐɥS,Shakudobreithacke,fancy coppr diggy bonk,,Red Copper Cutter Mattock
item.kleispack.shakudo_dolabra,Shakudo Dolabra,Shakudo Dolabra,Shakudo Dolabra,,Shakudo Dolabra,Долабра из сякудо,Dolabra z shakuda,Shakudodolabra,,Dolabra de shakudo,Shakudo Gedmen,Dolabra de shakudo,赤铜斧镐,Shakudogravøkse,,Сякудова долабра,Dolabra o' blacken'd copper,Dolabella di Shakudo,ɐɹqɐꞁoᗡ opnʞɐɥS,Shakudodolabra,fancy coppr doubl diggy,,Red Copper Dolabra
item.kleispack.shakudo_helmet,Shakudo Helmet,Shakudo Helmet,Shakudo Helmet,,Shakudo Helmet,Шлем из сякудо,Helma z shakuda,Shakudohelm,,Casco de shakudo,Shakudo Miğfer,Casco de shakudo,赤铜头盔,Shakudohjelm,,Сякудовий шолом,Helmet o' blacken'd copper,Casco di Shakudo,ʇǝɯꞁǝH opnʞɐɥS,Shakudohelm,fancy coppr hed,,Red Copper Helm
item.kleispack.shakudo_chestplate,Shakudo Chestplate,Shakudo Chestplate,Shakudo Chestplate,,Shakudo Chestplate,Нагрудник из сякудо,Brnění z shakuda,Shakudoharnisch,,Pechera de shakudo,Shakudo Göğüslük,Peto de shakudo,赤铜胸甲,Shakudobrystplade,,Сякудовий нагрудник,Chestplate o' blacken'd copper,Corazza di Shakudo,ǝʇɐꞁdʇsǝɥƆ opnʞɐɥS,Shakudoharnisch,fancy coppr chest,,Red Copper Breastbor
item.kleispack.shakudo_leggings,Shakudo Leggings,Shakudo Leggings,Shakudo Leggings,,Shakudo Leggings,Поножи из сякудо,Kalhoty z shakuda,Shakudobeinschutz,,Pantalones de shakudo,Shakudo Tozluk,Grebas de shakudo,赤铜护腿,Shakudobusker,,Сякудові наголінники,Greaves o' blacken'd copper,Gambiere di Shakudo,sᵷuᴉᵷᵷǝꞀ opnʞɐɥS,Shakudobeischutz,fancy coppr pantz,,Red Copper Leggings
item.kleispack.shakudo_boots,Shakudo Boots,Shakudo Boots,Shakudo Boots,,Shakudo Boots,Ботинки из сякудо,Boty z shakuda,Shakudostiefel,,Botas de shakudo,Shakuzo Çizme,Botas de shakudo,赤铜靴子,Shakudostøvler,,Сякудові чоботи,Peg-leg o' blacken'd copper,Stivali di Shakudo,sʇooᗺ opnʞɐɥS,Shakudostiefel,fancy coppr feetz,,Red Copper Shoes
item.minecraft.phantom_membrane,Hepatizon Alloy,Hepatizon Alloy,Hepatizon Alloy,,Hepatizon Alloy,Гепатизоновый сплав,Slitina hepatizonu,Hepatizon-Legierung,,Aleación de hepatizón,Hepatizon Alaşımı,Aleación de hepatizón,赫帕提松合金,,,Сплав гепатизону,Corinthian brass alloy,Lega di Bronzo Corinzio,ʎoꞁꞁⱯ uozᴉʇɐdǝH,Hepatizon-Legierig,ULTRA COPPR,,Copperbrass Mix
item.kleispack.bronze_spear,Hepatizon Spear,Hepatizon Spear,Hepatizon Spear,,Hepatizon Spear,Гепатизоновое копьё,Hepatizonové kopí,Hepatizonspeer,,Lanza de hepatizón,Hepatizon Mızrak,Lanza de hepatizón,赫帕提宗矛,,,Гепатизоновий спис,Harpoon o' corinthian brass,Lancia di Bronzo Corinzio,ɹɐǝdS uozᴉʇɐdǝH,Hepatizonspeer,fast coppr stabby,,Copperbrass Spear
item.kleispack.bronze_sword,Hepatizon Sword,Hepatizon Sword,Hepatizon Sword,,Hepatizon Sword,Гепатизоновый меч,Hepatizonový meč,Hepatizonschwert,,Espada de hepatizón,Hepatizon Kılıç,Espada de hepatizón,赫帕提宗剑,,,Гепатизоновий меч,Cutlass o' corinthian brass,Spada di Bronzo Corinzio,pɹoʍS uozᴉʇɐdǝH,Hepatizonschwert,fast coppr swort,,Copperbrass Sword
item.kleispack.bronze_axe,Hepatizon Axe,Hepatizon Axe,Hepatizon Axe,,Hepatizon Axe,Гепатизоновый топор,Hepatizonová sekera,Hepatizonaxt,,Hacha de hepatizón,Hepatizon Balta,Hacha de hepatizón,赫帕提宗斧,,,Гепатизонова сокира,Hatchet o' corinthian brass,Ascia di Bronzo Corinzio,ǝxⱯ uozᴉʇɐdǝH,Hepatizonaxt,fast coppr chop,,Copperbrass Axe
item.kleispack.bronze_pickaxe,Hepatizon Pickaxe,Hepatizon Pickaxe,Hepatizon Pickaxe,,Hepatizon Pickaxe,Гепатизоновая кирка,Hepatizonový krumpáč,Hepatizonspitzhacke,,Picota de hepatizón,Hepatizon Kazma,Pico de hepatizón,赫帕提宗镐,,,Гепатизонове кайло,Pickaxe o' corinthian brass,Piccone di Bronzo Corinzio,ǝxɐʞɔᴉԀ uozᴉʇɐdǝH,Hepatizonspitzhacke,fast coppr pik,,Copperbrass Mattock
item.kleispack.bronze_shovel,Hepatizon Shovel,Hepatizon Shovel,Hepatizon Shovel,,Hepatizon Shovel,Гепатизоновая лопата,Hepatizonová lopata,Hepatizonschaufel,,Pala de hepatizón,Hepatizon Kürek,Pala de hepatizón,赫帕提宗锹,,,Гепатизонова лопата,Spade o' corinthian brass,Pala di Bronzo Corinzio,ꞁǝʌoɥS uozᴉʇɐdǝH,Hepatizonschufle,fast coppr dig,,Copperbrass Shovel
item.kleispack.bronze_hoe,Hepatizon Hoe,Hepatizon Hoe,Hepatizon Hoe,,Hepatizon Hoe,Гепатизоновая мотыга,Hepatizonová motyka,Hepatizonhacke,,Azadón de hepatizón,Hepatizon Çapa,Azada de hepatizón,赫帕提宗锄,,,Гепатизонова мотика,Farmin' stick o' corinthian brass,Zappa di Bronzo Corinzio,ǝoH uozᴉʇɐdǝH,Hepatizonhacke,fast coppr farm stik,,Copperbrass Tiller
item.kleispack.bronze_mattock,Hepatizon Mattock,Hepatizon Mattock,Hepatizon Mattock,,Hepatizon Mattock,Гепатизоновый матток,Hepatizonový matok,Hepatizonbreithacke,,Zapapico de hepatizón,Hepatizon Tirpidin,Azadón de hepatizón,赫帕提宗鹤嘴锄,,,Гепатизонова мотика-лопата,Mattock o' corinthian brass,Zappascure di Bronzo Corinzio,ʞɔoʇʇɐW uozᴉʇɐdǝH,Hepatizonbreithacke,fast coppr diggy bonk,,Copperbrass Cutter Mattock
item.kleispack.bronze_dolabra,Hepatizon Dolabra,Hepatizon Dolabra,Hepatizon Dolabra,,Hepatizon Dolabra,Гепатизоновая долабра,Hepatizonová dolabra,Hepatizondolabra,,Dolabra de hepatizón,Hepatizon Gedmen,Dolabra de hepatizón,赫帕提宗斧镐,,,Гепатизонова долабра,Dolabra o' corinthian brass,Dolabella di Bronzo Corinzio,ɐɹqɐꞁoᗡ uozᴉʇɐdǝH,Hepatizondolabra,fast coppr double diggy,,Copperbrass Dolabra
item.kleispack.bronze_helmet,Hepatizon Helmet,Hepatizon Helmet,Hepatizon Helmet,,Hepatizon Helmet,Гепатизоновый шлем,Hepatizonová helma,Hepatizonhelm,,Casco de hepatizón,Hepatizon Miğfer,Casco de hepatizón,赫帕提宗头盔,,,Гепатизоновий шолом,Helmet o' corinthian brass,Casco di Bronzo Corinzio,ʇǝɯꞁǝH uozᴉʇɐdǝH,Hepatizonhelm,fast coppr hed,,Copperbrass Helm
item.kleispack.bronze_chestplate,Hepatizon Chestplate,Hepatizon Chestplate,Hepatizon Chestplate,,Hepatizon Chestplate,Гепатизоновый нагрудник,Hepatizonové brnění,Hepatizonharnisch,,Pechera de hepatizón,Hepatizon Göğüslük,Peto de hepatizón,赫帕提宗胸甲,,,Гепатизоновий нагрудник,Chestplate o' corinthian brass,Corazza di Bronzo Corinzio,ǝʇɐꞁdʇsǝɥƆ uozᴉʇɐdǝH,Hepatizonharnisch,fast coppr chest,,Copperbrass Breastbor
item.kleispack.bronze_leggings,Hepatizon Leggings,Hepatizon Leggings,Hepatizon Leggings,,Hepatizon Leggings,Гепатизоновые поножи,Hepatizonové kalhoty,Hepatizonbeinschutz,,Pantalones de hepatizón,Hepatizon Tozluk,Grebas de hepatizón,赫帕提宗护腿,,,Гепатизонові наголінники,Greaves o' corinthian brass,Gambiere di Bronzo Corinzio,sᵷuᴉᵷᵷǝꞀ uozᴉʇɐdǝH,Hepatizonbeischutz,fast coppr pantz,,Copperbrass Leggings
item.kleispack.bronze_boots,Hepatizon Boots,Hepatizon Boots,Hepatizon Boots,,Hepatizon Boots,Гепатизоновые ботинки,Hepatizonové boty,Hepatizonstiefel,,Botas de hepatizón,Hepatizon Çizme,Botas de hepatizón,赫帕提宗靴子,,,Гепатизонові чоботи,Peg-leg o' corinthian brass,Stivali di Bronzo Corinzio,sʇooᗺ uozᴉʇɐdǝH,Hepatizonstiefel,fast coppr feetz,,Copperbrass Shoes
item.kleispack.bronze_laurel,Hepatizon Laurel,Hepatizon Laurel,Hepatizon Laurel,,Hepatizon Laurel,Гепатизоновый венок,Hepatizonový věnec,Hepatizonskranz,,Laurel de hepatizón,Hepatizon Defne,Laurel de hepatizón,赫帕提宗桂冠,,,Гепатизоновий вінок,Laurel o' corinthian brass,Corona d'Alloro di Bronzo Corinzio,ꞁǝɹnɐꞀ uozᴉʇɐdǝH,Hepatizonskranz,fancy leef hat,,Copperbrass Wreath
item.kleispack.bronze_elytra,Hepatizon Elytra,Hepatizon Elytra,Hepatizon Elytra,,Hepatizon Elytra,Гепатизоновые элитры,Hepatizonové krovky,Hepatizonelytren,,Elytra de hepatizón,Hepatizon Elitra,Élitros de hepatizón,赫帕提宗鞘翅,,,Гепатизонові елітри,Icarus' wings o' corinthian brass,Elitre di Bronzo Corinzio,ɐɹʇʎꞁƎ uozᴉʇɐdǝH,Hepatizonelytre,FAST coppr BIRD WINGZ,,Copperbrass Enderglider
item.kleispack.shakudo_elytra,Shakudo Elytra,Shakudo Elytra,Shakudo Elytra,,Shakudo Elytra,Элитры из сякудо,Krovky z shakuda,Shakudoelytren,,Elytra de shakudo,Shakudo Elitra,Élitros de shakudo,赤铜鞘翅,,,Сякудові елітри,Icarus' wings o' blacken'd copper,Elitre di Shakudo,ɐɹʇʎꞁƎ opnʞɐɥS,Shakudoelytre,fancy coppr Bird Wingz,,Red Copper Enderglider
block.minecraft.iron_ore,Hematite,Hematite,Hematite,,Hematite,Гематит,Krevel,Hämatit,,Hematita,Hematit,Hierro nativo,赤铁矿,,,Гематит,Hematite,Ematite,ǝʇᴉʇɐɯǝH,Hämatit,iwon rok,,Iron Ore
block.minecraft.deepslate_iron_ore,Deepslate Hematite,Deepslate Hematite,Deepslate Hematite,,Deepslate Hematite,Глубинносланцевый гематит,Hlubinné ložisko krevelu,Tiefenschiefer-Hämatit,,Hematita abismal,Derin Kayrak Hematit,Hierro nativo de pizarra profunda,深板岩赤铁矿,,,Глибосланцевий гематит,Tough hematite,Ematite in Ardesia Profonda,ǝʇᴉʇɐɯǝH ǝʇɐꞁsdǝǝᗡ,Tüfeschiefer-Hämatit,deep iron rok,,Deepstone Iron Ore
item.kleispack.iron_mattock,Iron Mattock,Iron Mattock,Iron Mattock,,Iron Mattock,Железный матток,Železný matok,Eisenbreithacke,,Zapapico de hierro,Demir Tirpidin,Azadón de hierro,铁鹤嘴锄,,,Залізна мотика-лопата,Mattock o' steel,Zappascure di Ferro,ʞɔoʇʇɐW uoɹI,Iisebreithacke,iwon diggy bonk,,Iron Cutter Mattock
item.kleispack.iron_dolabra,Iron Dolabra,Iron Dolabra,Iron Dolabra,,Iron Dolabra,Железная долабра,Železná dolabra,Eisendolabra,,Dolabra de hierro,Demir Gedmen,Dolabra de hierro,铁斧镐,,,Залізна долабра,Dolabra o' steel,Dolabella di Ferro,ɐɹqɐꞁoᗡ uoɹI,Iisendolabra,iwon doubl diggy,,Iron Dolabra
item.kleispack.hatchet,Hatchet,Hatchet,Hatchet,,Hatchet,Топорик,Sekerka,Beil,,Hacha de mano,Nacak,Hacha de mano,手斧,Håndøkse,Topór,Топірець,Hatchet,Accetta,ʇǝɥɔʇɐH,Beil,smol chop,,Hatchet
item.minecraft.shears,Iron Shears,Iron Shears,Iron Shears,,Iron Shears,Железные ножницы,Železné nůžky,Eisenschere,,Tijeras de hierro,Demir Makas,Tijeras de hierro,铁剪刀,Jernsaks,,Залізні ножиці,Cutters o' steel,Cesoie di Ferro,sɹɐǝɥS uoɹI,Iisescher,iwon snippy,,Iron Shears
item.minecraft.piglin_brute_spawn_egg,Carbon-Rich Iron,Carbon-Rich Iron,Carbon-Rich Iron,,Carbon-Rich Iron,Чугун,Litina,Kohlenstoffreiches Eisen,,Hierro enriquecido en carbono,Karbonca Zengin Demir,Acero sin refinar,高碳铁,Kulstofrigt jern,,Високовуглецеве залізо,High-carbon steel,Ghisa,uoɹI ɥɔᴉᴚ-uoqɹɐƆ,Kohlenstoffrieches Iise,iwon but wiv xtra koal,,Charked Iron
item.minecraft.resin_brick,Steel Alloy,Steel Alloy,Steel Alloy,,Steel Alloy,Стальной сплав,Slitina oceli,Stahllegierung,,Aleación de acero,Çelik Alaşımı,Aleación de acero,钢合金,Stållegering,,Сплав сталі,Hard steel alloy,Lega di Acciaio,ʎoꞁꞁⱯ ꞁǝǝʇS,Stahllegierig,IWON BUT STRONK,,Steel Mix
item.kleispack.steel_spear,Steel Spear,Steel Spear,Steel Spear,,Steel Spear,Стальное копьё,Ocelové kopí,Stahlspeer,,Lanza de acero,Çelik Mızrak,Lanza de acero,钢矛,Stålspyd,,Сталевий спис,Harpoon o' hard steel,Lancia di Acciaio,ɹɐǝdS ꞁǝǝʇS,Stahlspeer,stronk iwon stabby,,Steel Spear
item.kleispack.steel_sword,Steel Sword,Steel Sword,Steel Sword,,Steel Sword,Стальной меч,Ocelový meč,Stahlschwert,,Espada de acero,Çelik Kılıç,Espada de acero,钢剑,Stålsværd,,Сталевий меч,Cutlass o' hard steel,Spada di Acciaio,pɹoʍS ꞁǝǝʇS,Stahlschwert,stronk irun swort,,Steel Sword
item.kleispack.steel_axe,Steel Axe,Steel Axe,Steel Axe,,Steel Axe,Стальной топор,Ocelová sekera,Stahlaxt,,Hacha de acero,Çelik Balta,Hacha de acero,钢斧,Ståløkse,,Сталева сокира,Hatchet o' hard steel,Ascia di Acciaio,ǝxⱯ ꞁǝǝʇS,Stahlaxt,stronk iron chop,,Steel Axe
item.kleispack.steel_pickaxe,Steel Pickaxe,Steel Pickaxe,Steel Pickaxe,,Steel Pickaxe,Стальная кирка,Ocelový krumpáč,Stahlspitzhacke,,Picota de acero,Çelik Kazma,Pico de acero,钢镐,Stålhakke,,Сталеве кайло,Pickaxe o' hard steel,Piccone di Acciaio,ǝxɐʞɔᴉԀ ꞁǝǝʇS,Stahlspitzhacke,stronk iron pick,,Steel Mattock
item.kleispack.steel_shovel,Steel Shovel,Steel Shovel,Steel Shovel,,Steel Shovel,Стальная лопата,Ocelová lopata,Stahlschaufel,,Pala de acero,Çelik Kürek,Pala de acero,钢锹,Stålskovl,,Сталева лопата,Spade o' hard steel,Pala di Acciaio,ꞁǝʌoɥS ꞁǝǝʇS,Stahlschufle,stronk iron dig,,Steel Shovel
item.kleispack.snow_shovel,Snow Shovel,Snow Shovel,Snow Shovel,,Snow Shovel,Снегоуборочная лопата,Snežná lopata,Schneeschaufel,,Pala para nieve,Kar Küreği,Pala para nieve,雪铲,Sneskovl,,Лопата для снігу,Snow spade,Pala da Neve,ꞁǝʌoɥS ʍouS,Schneeschippi,snow go shuvel,,Snow Shovel
item.kleispack.steel_hoe,Steel Hoe,Steel Hoe,Steel Hoe,,Steel Hoe,Стальная мотыга,Ocelová motyka,Stahlhacke,,Azadón de acero,Çelik Çapa,Azada de acero,钢锄,Stållugejern,,Стальна мотика,Farmin' stick o' hard steel,Zappa di Acciaio,ǝoH ꞁǝǝʇS,Stahlhacke,stronk farm stik,,Steel Tiller
item.kleispack.steel_mattock,Steel Mattock,Steel Mattock,Steel Mattock,,Steel Mattock,Стальной матток,Ocelový matok,Stahlbreithacke,,Zapapico de acero,Çelik Tirpidin,Azadón de acero,钢鹤嘴锄,,,Стальна мотика-лопата,Mattock o' hard steel,Zappascure di Acciaio,ʞɔoʇʇɐW ꞁǝǝʇS,Stahlbreithacke,stronk diggy bonk,,Steel Cutter Mattock
item.kleispack.steel_dolabra,Steel Dolabra,Steel Dolabra,Steel Dolabra,,Steel Dolabra,Стальная долабра,Ocelová dolabra,Stahldolabra,,Dolabra de acero,Çelik Gedmen,Dolabra de acero,钢斧镐,,,Стальна долабра,Dolabra o' hard steel,Dolabella di Acciaio,ɐɹqɐꞁoᗡ ꞁǝǝʇS,Stahldolabra,stronk doubl diggy,,Steel Dolabra
item.kleispack.steel_helmet,Steel Helmet,Steel Helmet,Steel Helmet,,Steel Helmet,Стальной шлем,Ocelová helma,Stahlhelm,,Casco de acero,Çelik Miğfer,Casco de acero,钢头盔,Stålhjelm,,Стальний шолом,Helmet o' hard steel,Casco di Acciaio,ʇǝɯꞁǝH ꞁǝǝʇS,Stahlhelm,stronk irun hed,,Steel Helm
item.kleispack.steel_chestplate,Steel Chestplate,Steel Chestplate,Steel Chestplate,,Steel Chestplate,Стальной нагрудник,Ocelové brnění,Stahlharnisch,,Pechera de acero,Çelik Göğüslük,Peto de acero,钢胸甲,Stålbrystplade,,Стальний нагрудник,Chestplate o' hard steel,Corazza di Acciaio,ǝʇɐꞁdʇsǝɥƆ ꞁǝǝʇS,Stahlharnisch,stronk iron chest,,Steel Breastbor
item.kleispack.steel_leggings,Steel Leggings,Steel Leggings,Steel Leggings,,Steel Leggings,Стальные поножи,Ocelové kalhoty,Stahlbeinschutz,,Pantalones de acero,Çelik Tozluk,Grebas de acero,钢护腿,Stålbukser,,Стальні наголінники,Greaves o' hard steel,Gambiere di Acciaio,sᵷuᴉᵷᵷǝꞀ ꞁǝǝʇS,Stahlbeischutz,stronk iron pantz,,Steel Leggings
item.kleispack.steel_boots,Steel Boots,Steel Boots,Steel Boots,,Steel Boots,Стальные ботинки,Ocelové boty,Stahlstiefel,,Botas de acero,Çelik Çizme,Botas de acero,钢靴子,Stålstøvler,,Стальні чоботи,Peg-leg o' hard steel,Stivali di Acciaio,sʇooᗺ ꞁǝǝʇS,Stahlstiefel,stronk iwon feetz,,Steel Shoes
item.kleispack.steel_shears,Steel Shears,Steel Shears,Steel Shears,,Steel Shears,Стальные ножницы,Ocelové nůžky,Stahlschere,,Tijeras de acero,Çelik Makas,Tijeras de acero,钢剪刀,Stålsaks,,Стальні ножиці,Cutters o' hard steel,Cesoie di Acciaio,sɹɐǝɥS ꞁǝǝʇS,Stahlscher,STRONK SNIPPY,,Steel Shears
item.minecraft.prismarine_shard,Raw Silver,Raw Silver,Raw Silver,,Raw Silver,Сырое серебро,Surové stříbro,Rohes Silber,,Plata en bruto,Çiğ Gümüş,Plata en bruto,粗银,Rå Sølv,,Необроблене срібло,Rough silver,Argento Grezzo,ɹǝʌꞁᴉS ʍɐᴚ,Rohes Silber,silvr goo,,Raw Silver
item.minecraft.prismarine_crystals,Silver Bullion,Silver Bullion,Silver Bullion,,Silver Bullion,Серебряный слиток,Hrouda stříbra,Silberbarren,,Lingote de plata,Çelik Külçe,Lingote de plata,银锭,Sølv Boullion,,Срібні злитки,Bullion o' silver,Lingotto di Argento,uoᴉꞁꞁnᗺ ɹǝʌꞁᴉS,Silberbarre,BIG SILVR,,Silver Ingot
block.minecraft.emerald_ore,Native Silver,Native Silver,Native Silver,,Native Silver,Самородное серебро,Přírodní stříbro,Gediegenes Silber,,Plata nativa,Doğal Gümüş,Plata nativa,自然银,Hjemmehørende Sølv,,Срібна руда,Silver o' th' earth,Argento Nativo,ɹǝʌꞁᴉS ǝʌᴉʇɐN,Gediegenes Silber,silvr rok,,Uncombined Silver
block.minecraft.deepslate_emerald_ore,Native Deepslate Silver,Native Deepslate Silver,Native Deepslate Silver,,Native Deepslate Silver,Глубинносланцевое самородное серебро,Přírodní hlubinné stříbro,Gediegenes Tiefenschiefersilber,,Plata nativa abismal,Doğal Kayrak Taşı Gümüş,Plata nativa de pizarra profunda,深板岩自然银,,,Глибосланцева срібна руда,Tough silver o' th' earth,Argento Nativo in Ardesia Profonda,ɹǝʌꞁᴉS ǝʇɐꞁsdǝǝᗡ ǝʌᴉʇɐN,Gediegenes Tüfeschiefersilber,deep silvr rok,,Uncombined Deepstone Silver
item.minecraft.heart_of_the_sea,Electrum Alloy,Electrum Alloy,Electrum Alloy,,Electrum Alloy,Электрумовый сплав,Slitina elektra,Elektrum-Legierung,,Aleación de electro,Elektrum Alaşımı,Aleación de electrum,琥珀金合金,,,Сплав електруму,Green gold alloy,Lega di Elettro,ʎoꞁꞁⱯ ɯnɹʇɔǝꞁƎ,Elektrum-Legierig,GOLD + SILVR = WOOOO,,Green Gold Mix
item.kleispack.electrum_spear,Electrum Spear,Electrum Spear,Electrum Spear,,Electrum Spear,Электрумовое копьё,Elektrové kopí,Elektrumspeer,,Lanza de electro,Elektrum Mızrak,Lanza de electrum,琥珀金矛,,,Електрумовий спис,Harpoon o' green gold,Lancia di Elettro,ɹɐǝdS ɯnɹʇɔǝꞁƎ,Elektrumspeer,goldy silvery stabby,,Green Gold Spear
item.kleispack.electrum_sword,Electrum Sword,Electrum Sword,Electrum Sword,,Electrum Sword,Электрумовый меч,Elektrový meč,Elektrumschwert,,Espada de electro,Elektrum Kılıç,Espada de electrum,琥珀金剑,,,Електрумовий меч,Cutlass o' green gold,Spada di Elettro,pɹoʍS ɯnɹʇɔǝꞁƎ,Elektrumschwert,goldy silvery swort,,Green Gold Sword
item.kleispack.electrum_axe,Electrum Axe,Electrum Axe,Electrum Axe,,Electrum Axe,Электрумовый топор,Elektrová sekera,Elektrumaxt,,Hacha de electro,Elektrum Balta,Hacha de electrum,琥珀金斧,,,Електрумова сокира,Hatchet o' green gold,Ascia di Elettro,ǝxⱯ ɯnɹʇɔǝꞁƎ,Elektrumaxt,goldy silvery chop,,Green Gold Axe
item.kleispack.electrum_pickaxe,Electrum Pickaxe,Electrum Pickaxe,Electrum Pickaxe,,Electrum Pickaxe,Электрумовая кирка,Elektrový krumpáč,Elektrumspitzhacke,,Picota de electro,Elektrum Kazma,Pico de electrum,琥珀金镐,,,Електрумове кайло,Pickaxe o' green gold,Piccone di Elettro,ǝxɐʞɔᴉԀ ɯnɹʇɔǝꞁƎ,Elektrumspitzhacke,goldy silvery Pik,,Green Gold Mattock
item.kleispack.electrum_shovel,Electrum Shovel,Electrum Shovel,Electrum Shovel,,Electrum Shovel,Электрумовая лопата,Elektrová lopata,Elektrumschaufel,,Pala de electro,Elektrum Kürek,Pala de electrum,琥珀金锹,,,Електрумова лопата,Spade o' green gold,Pala di Elettro,ꞁǝʌoɥS ɯnɹʇɔǝꞁƎ,Elektrumschufle,goldy silvery dig,,Green Gold Shovel
item.kleispack.electrum_hoe,Electrum Hoe,Electrum Hoe,Electrum Hoe,,Electrum Hoe,Электрумовая мотыга,Elektrová motyka,Elektrumhacke,,Azadón de electro,Elektrum Çapa,Azada de electrum,琥珀金锄,,,Електрумова мотика,Farmin' stick o' green gold,Zappa di Elettro,ǝoH ɯnɹʇɔǝꞁƎ,Elektrumhacke,goldy silvery farm stik,,Green Gold Tiller
item.kleispack.electrum_mattock,Electrum Mattock,Electrum Mattock,Electrum Mattock,,Electrum Mattock,Электрумовый матток,Elektrový matok,Elektrumbreithacke,,Zapapico de electro,Elektrum Tirpidin,Azadón de electrum,琥珀金鹤嘴锄,,,Електрумова мотика-лопата,Mattock o' green gold,Zappascure di Elettro,ʞɔoʇʇɐW ɯnɹʇɔǝꞁƎ,Elektrumbreithacke,goldy silvery diggy bonk,,Green Gold Cutter Mattock
item.kleispack.electrum_dolabra,Electrum Dolabra,Electrum Dolabra,Electrum Dolabra,,Electrum Dolabra,Электрумовая долабра,Elektrová dolabra,Elektrumdolabra,,Dolabra de electro,Elektrum Gedmen,Dolabra de electrum,琥珀金斧镐,,,Електрумова долабра,Dolabra o' green gold,Dolabella di Elettro,ɐɹqɐꞁoᗡ ɯnɹʇɔǝꞁƎ,Elektrumdolabra,goldy silvery doubl diggy,,Green Gold Dolabra
item.kleispack.electrum_helmet,Electrum Helmet,Electrum Helmet,Electrum Helmet,,Electrum Helmet,Электрумовый шлем,Elektrová helma,Elektrumhelm,,Casco de electro,Elektrum Miğfer,Casco de electrum,琥珀金头盔,,,Електрумовий шолом,Helmet o' green gold,Casco di Elettro,ʇǝɯꞁǝH ɯnɹʇɔǝꞁƎ,Elektrumhelm,goldy silvery hed,,Green Gold Helm
item.kleispack.electrum_chestplate,Electrum Chestplate,Electrum Chestplate,Electrum Chestplate,,Electrum Chestplate,Электрумовый нагрудник,Elektrové brnění,Elektrumharnisch,,Pechera de electro,Elektrum Göğüslük,Peto de electrum,琥珀金胸甲,,,Електрумовий нагрудник,Chestplate o' green gold,Corazza di Elettro,ǝʇɐꞁdʇsǝɥƆ ɯnɹʇɔǝꞁƎ,Elektrumharnisch,goldy silvery chest,,Green Gold Breastbor
item.kleispack.electrum_leggings,Electrum Leggings,Electrum Leggings,Electrum Leggings,,Electrum Leggings,Электрумовые поножи,Elektrové kalhoty,Elektrumbeinschutz,,Pantalones de electro,Elektrum Tozluk,Grebas de electrum,琥珀金护腿,,,Електрумові наголінники,Greaves o' green gold,Gambiere di Elettro,sᵷuᴉᵷᵷǝꞀ ɯnɹʇɔǝꞁƎ,Elektrumbeischutz,goldy silvery pantz,,Green Gold Leggings
item.kleispack.electrum_boots,Electrum Boots,Electrum Boots,Electrum Boots,,Electrum Boots,Электрумовые ботинки,Elektrové boty,Elektrumstiefel,,Botas de electro,Elektrum Çizme,Botas de electrum,琥珀金靴子,,,Електрумові чоботи,Peg-leg o' green gold,Stivali di Elettro,sʇooᗺ ɯnɹʇɔǝꞁƎ,Elektrumstiefel,goldy silvery feetz,,Green Gold Shoes
item.kleispack.diamond_mattock,Diamond Mattock,Diamond Mattock,Diamond Mattock,,Diamond Mattock,Алмазный матток,Diamantový matok,Diamantbreithacke,,Zapapico de diamante,Elmas Tirpidin,Azadón de diamante,钻石鹤嘴锄,,,Діамантова мотика-лопата,Mattock o' diamond,Zappascure di Diamante,ʞɔoʇʇɐW puoɯɐᴉᗡ,Diamantbreithacke,DIAMON DIGGY BONK,,Diamond Cutter Mattock
item.kleispack.diamond_dolabra,Diamond Dolabra,Diamond Dolabra,Diamond Dolabra,,Diamond Dolabra,Алмазная долабра,Diamantová dolabra,Diamantdolabra,,Dolabra de diamante,Elmas Gedmen,Dolabra de diamante,钻石斧镐,,,Діамантова долабра,Dolabra o' diamond,Dolabella di Diamante,ɐɹqɐꞁoᗡ puoɯɐᴉᗡ,Diamantdolabra,DIAMON DOUBL DIGGY,,Diamond Dolabra
item.minecraft.netherite_ingot,Adamant Alloy,Adamant Alloy,Adamant Alloy,,Adamant Alloy,Адамантовый сплав,Slitina adamantu,Adamant-Legierung,,Aleación de adamanto,Adamantin Alaşımı,Aleación de adamante,精金合金,Ubøjelig legering,,Сплав адаманту,Adamant alloy,Lega di Adamanto,ʎoꞁꞁⱯ ʇuɐɯɐpⱯ,Adamant-Legierig,TEH VERY STRONK METEL,,Toughhurst Mix
item.minecraft.netherite_scrap,Adamant Scrap,Adamant Scrap,Adamant Scrap,,Adamant Scrap,Адамантовый лом,Adamantový plát,Adamant-Platten,,Placas de adamanto,Adamantin Hurdası,Fragmento de adamante,精金碎片,,,Адамантовий уламок,Rough adamant,Scarti di Adamanto,dɐɹɔS ʇuɐɯɐpⱯ,Adamant-Platte,stronk Metel crumbz,,Toughhurst Scrap
item.minecraft.netherite_pickaxe,Adamant Pickaxe,Adamant Pickaxe,Adamant Pickaxe,,Adamant Pickaxe,Адамантовая кирка,Adamantový krumpáč,Adamantspitzhacke,,Picota de adamanto,Adamantin Kazma,Pico de adamante,精金镐,,,Адамантове кайло,Pickaxe o' adamant,Piccone di Adamanto,ǝxɐʞɔᴉԀ ʇuɐɯɐpⱯ,Adamantspitzhacke,ULTRA PIK,,Toughhurst Mattock
item.minecraft.netherite_axe,Adamant Axe,Adamant Axe,Adamant Axe,,Adamant Axe,Адамантовая секира,Adamantová sekera,Adamantaxt,,Hacha de adamanto,Adamantin Balta,Hacha de adamante,精金斧,,,Адамантова сокира,Hatchet o' adamant,Ascia di Adamanto,ǝxⱯ ʇuɐɯɐpⱯ,Adamantaxt,ULTRA CHOP,,Toughhurst Axe
item.minecraft.netherite_shovel,Adamant Shovel,Adamant Shovel,Adamant Shovel,,Adamant Shovel,Адамантовая лопата,Adamantová lopata,Adamantschaufel,,Pala de adamanto,Adamantin Kürek,Pala de adamante,精金锹,,,Адамантова лопата,Spade o' adamant,Pala di Adamanto,ꞁǝʌoɥS ʇuɐɯɐpⱯ,Adamantschufle,ULTRA DIG,,Toughhurst Shovel
item.minecraft.netherite_sword,Adamant Sword,Adamant Sword,Adamant Sword,,Adamant Sword,Адамантовый меч,Adamantový meč,Adamantschwert,,Espada de adamanto,Adamantin Kılıç,Espada de adamante,精金剑,,,Адамантовий меч,Cutlass o' adamant,Spada di Adamanto,pɹoʍS ʇuɐɯɐpⱯ,Adamantschwert,ULTRA SWORT,,Toughhurst Sword
item.minecraft.netherite_spear,Adamant Spear,Adamant Spear,Adamant Spear,,Adamant Spear,Адамантовое копьё,Adamantové kopí,Adamantspeer,,Lanza de adamanto,Adamantin Mızrak,Lanza de adamante,精金矛,,,Адамантовий спис,Harpoon o' adamant,Lancia di Adamanto,ɹɐǝdS ʇuɐɯɐpⱯ,Adamantspeer,ULTRA STABBY,,Toughhurst Spear
item.kleispack.adamant_claymore,Adamant Claymore,Adamant Claymore,Adamant Claymore,,Adamant Claymore,Адамантовый клеймор,Adamantový claymore,Adamantbreitschwert,,Claymore de adamanto,Adamantin Büyük Kılıç,Mandoble de adamante,精金双手大剑,,,Адамантовий клеймор,Claymore o' adamant,Claymore di Adamanto,ǝɹoɯʎɐꞁƆ ʇuɐɯɐpⱯ,Adamantbreitschwert,BIG ULTRA SWORT,,Toughhurst Claymore
item.minecraft.netherite_hoe,Adamant Hoe,Adamant Hoe,Adamant Hoe,,Adamant Hoe,Адамантовая мотыга,Adamantová motyka,Adamanthacke,,Azadón de adamanto,Adamantin Çapa,Azada de adamante,精金锄,,,Адамантова мотика,Farmin' stick o' adamant,Zappa di Adamanto,ǝoH ʇuɐɯɐpⱯ,Adamanthacke,ULTRA FARM STIK,,Toughhurst Tiller
item.minecraft.netherite_helmet,Adamant Helmet,Adamant Helmet,Adamant Helmet,,Adamant Helmet,Адамантовый шлем,Adamantová helma,Adamanthelm,,Casco de adamanto,Adamantin Miğfer,Casco de adamante,精金头盔,,,Адамантовий шолом,Helmet o' adamant,Casco di Adamanto,ʇǝɯꞁǝH ʇuɐɯɐpⱯ,Adamanthelm,ULTRA HED,,Toughhurst Helm
item.minecraft.netherite_chestplate,Adamant Chestplate,Adamant Chestplate,Adamant Chestplate,,Adamant Chestplate,Адамантовый нагрудник,Adamantové brnění,Adamantharnisch,,Pechera de adamanto,Adamantin Göğüslük,Peto de adamante,精金胸甲,,,Адамантовий нагрудник,Chestplate o' adamant,Corazza di Adamanto,ǝʇɐꞁdʇsǝɥƆ ʇuɐɯɐpⱯ,Adamantharnisch,ULTRA CHEST,,Toughhurst Breastbor
item.minecraft.netherite_leggings,Adamant Leggings,Adamant Leggings,Adamant Leggings,,Adamant Leggings,Адамантовые поножи,Adamantové kalhoty,Adamantbeinschutz,,Pantalones de adamanto,Adamantin Tozluk,Grebas de adamante,精金护腿,,,Адамантові наголінники,Greaves o' adamant,Gambiere di Adamanto,sᵷuᴉᵷᵷǝꞀ ʇuɐɯɐpⱯ,Adamantbeischutz,ULTRA PANTZ,,Toughhurst Leggings
item.minecraft.netherite_boots,Adamant Boots,Adamant Boots,Adamant Boots,,Adamant Boots,Адамантовые ботинки,Adamantové boty,Adamantstiefel,,Botas de adamanto,Adamantin Çizme,Botas de adamante,精金靴子,,,Адамантові чоботи,Peg-leg o' adamant,Stivali di Adamanto,sʇooᗺ ʇuɐɯɐpⱯ,Adamantstiefel,ULTRA FEETZ,,Toughhurst Shoes
block.minecraft.netherite_block,Block of Adamant,Block of Adamant,Block of Adamant,,Block of Adamant,Адамантовый блок,Blok adamantu,Adamantblock,,Bloque de adamanto,Adamantin Bloğu,Bloque de adamante,精金块,,,Адамантовий блок,Chunk o' adamant,Blocco di Adamanto,ʇuɐɯɐpⱯ ɟo ʞɔoꞁᗺ,Adamantblock,BIG STRONK BLOK,,Toughhurst Clot
item.kleispack.adamant_mattock,Adamant Mattock,Adamant Mattock,Adamant Mattock,,Adamant Mattock,Адамантовый матток,Adamantový matok,Adamantbreithacke,,Zapapico de adamanto,Adamantin Tirpidin,Azadón de adamante,精金鹤嘴锄,,,Адамантова мотика-лопата,Mattock o' adamant,Zappascure di Adamanto,ʞɔoʇʇɐW ʇuɐɯɐpⱯ,Adamantbreithacke,ULTRA DIGGY BONK,,Toughhurst Cutter Mattock
item.kleispack.adamant_dolabra,Adamant Dolabra,Adamant Dolabra,Adamant Dolabra,,Adamant Dolabra,Адамантовая долабра,Adamantová dolabra,Adamantdolabra,,Dolabra de adamanto,Adamantin Gedmen,Dolabra de adamante,精金斧镐,,,Адамантова долабра,Dolabra o' adamant,Dolabella di Adamanto,ɐɹqɐꞁoᗡ ʇuɐɯɐpⱯ,Adamantdolabra,ULTRA DOUBL DIGGY,,Toughhurst Dolabra
block.minecraft.gold_ore,Native Gold,Native Gold,Native Gold,,Native Gold,Самородное золото,Přírodní zlato,Gediegenes Gold,,Oro nativo,Doğal Altın,Oro nativo,自然金,,,Золота руда,Gold o' the earth,Oro Nativo,pꞁo⅁ ǝʌᴉʇɐN,Gediegenes Gold,gold rok,,Uncombined Gold
block.minecraft.deepslate_gold_ore,Native Deepslate Gold,Native Deepslate Gold,Native Deepslate Gold,,Native Deepslate Gold,Глубинносланцевое самородное золото,Přírodní hlubinné zlato,Gediegenes Tiefenschiefer-Gold,,Oro nativo abismal,Doğal Kayrak Taşı Altın,Oro nativo de pizarra profunda,深板岩自然金,,,Глибосланцева золота руда,Tough gold o' the earth,Oro Nativo in Ardesia Profonda,pꞁo⅁ ǝʇɐꞁsdǝǝᗡ ǝʌᴉʇɐN,Gediegenes Tüfeschiefer-Gold,deep guld rok,,Uncombined Deepstone Gold
item.minecraft.golden_helmet,Golden Crown,Golden Crown,Golden Crown,,Golden Crown,Золотая корона,Zlatá koruna,Goldene Krone,,Corona de oro,Altın Taç,Corona de oro,金冠,Gyldent Krone,,Золота корона,Crown o' gold,Corona d'Oro,uʍoɹƆ uǝpꞁo⅁,Goldeni Krone,fancy hed rin,,Golden Kinehelm
item.kleispack.golden_compass,Golden Compass,Golden Compass,Golden Compass,,Golden Compass,Золотой компас,Zlatý kompas,Goldener Kompass,,Brújula de oro,Altın Pusula,Brújula de oro,金指南针,Gyldent Kompas,,Золотий компас,Compass o' gold,Compasso d'Oro,ssɐdɯoƆ uǝpꞁo⅁,Goldene Kompass,shiny wer iz i,,Golden Northfinder
item.kleispack.titanium_compass,Titanium Compass,Titanium Compass,Titanium Compass,,Titanium Compass,Титановый компас,Titanový kompas,Titan-Kompass,,Brújula de titanio,Titanyum Pusula,Brújula de titanio,钛指南针,Titanium Kompas,,Титановий компас,Compass o' titanium,Compasso di Titanio,ssɐdɯoƆ ɯnᴉuɐʇᴉ⟘,Titan-Kompass,STRONK WER IZ I,,Titanium Northfinder
item.kleispack.wooden_cross,Wooden Cross,Wooden Cross,Wooden Cross,,Wooden Cross,Деревянный крест,Dřevěný kříž,Hölzernes Kreuz,,Cruz de madera,Ahşap Haç,Cruz de madera,木十字架,Trækors,,Дерев'яний хрест,Cross o' wood,Croce di Legno,ssoɹƆ uǝpooM,Hölzernes Krüuz,Wodin +,,Wooden Cross
item.kleispack.sulfur_goo,Sulfur Goo,Sulfur Goo,Sulphur Goo,,Sulfur Goo,Серная масса,Sirný sliz,Schwefel-Schleim,,Bola de azufre,Kükürtlü Macun,Bola de azufre,硫磺黏液,Svovlslim,,Сірчаний слиз,Sulphurous goo,Viscidume di Zolfo,oo⅁ ɹnɟꞁnS,Schwefel-Schleim,STINKY GOO,,Brimstone Goo
item.minecraft.cooked_salmon,Cooked Large Fish,Cooked Large Fish,Cooked Large Fish,,Cooked Large Fish,Жареная крупная рыба,Pečená velká ryba,Großer gebratener Fisch,,Pez grande asado,Pişmiş Büyük Balık,Pescado grande cocinado,熟大鱼,Stor Tilberedt Fisk,,Приготована велика риба,Big smoked fish,Pesce Grande Cotto,ɥsᴉℲ ǝᵷɹɐꞀ pǝʞooƆ,Grosse gebratene Fisch,BIG COOKD FIH,,Cooked Big Fish
item.minecraft.cooked_cod,Cooked Fish,Cooked Fish,Cooked Fish,,Cooked Fish,Жареная рыба,Pečená ryba,Gebratener Fisch,,Pez asado,Pişmiş Balık,Pescado cocinado,熟鱼,Tilberedt Fisk,,Приготована риба,Smoked fish,Pesce Cotto,ɥsᴉℲ pǝʞooƆ,Gebratene Fisch,Cookd Fish,,Cooked Fish
item.minecraft.cooked_rabbit,Cooked Flesh,Cooked Flesh,Cooked Flesh,,Cooked Flesh,Жареное мясо,Pečené maso,Gebratenes Fleisch,,Carne asada,Pişmiş Et,Carne asada,熟肉,Tilberedt Kød,,Смажена плоть,Cooked flesh,Carne Cotta,ɥsǝꞁℲ pǝʞooƆ,Gebratenes Fleisch,Cookd Meatz,,Cooked Flesh
item.kleispack.cheese_pizza,Cheese Pizza,Cheese Pizza,Cheese Pizza,,Cheese Pizza,Сырная пицца,Sýrová pizza,Käsepizza,,Pizza de queso,Peynirli Pizza,Pizza de queso,奶酪披萨,Oste Pizza,,Сирна піца,Tomarrrto-topped hard tack o' cheese,Pizza al Formaggio,ɐzzᴉԀ ǝsǝǝɥƆ,Kääspizza,CHEEZZA,,Cheese Flatcake
item.kleispack.mushroom_pizza,Mushroom Pizza,Mushroom Pizza,Mushroom Pizza,,Mushroom Pizza,Грибная пицца,Pizza s houbami,Pilzpizza,,Pizza de callampas,Mantarlı Pizza,Pizza de champiñones,蘑菇披萨,Svampe Pizza,,Грибна піца,Tomarrrto-topped hard tack o' shrooms,Pizza ai Funghi,ɐzzᴉԀ ɯooɹɥsnW,Pilzpizza,FUNGUS PIZZA,,Mushroom Flatcake
item.kleispack.meat_pizza,Meat Pizza,Meat Pizza,Meat Pizza,,Meat Pizza,Мясная пицца,Pizza s masem,Fleischpizza,,Pizza de carne,Etli Pizza,Pizza de carne,肉食披萨,Kød Pizza,,М'ясна піца,Tomarrrto-topped hard tack o' meat,,ɐzzᴉԀ ʇɐǝW,Fleischpizza,MEATZA,,Meat Flatcake
item.kleispack.warped_pizza,Warped Pizza,Warped Pizza,Warped Pizza,,Warped Pizza,Искажённая пицца,Přízračná pizza,Wirrpizza,,Pizza distorsionada,Çarpık Pizza,Pizza distorsionada,诡异菌披萨,,,Химерна піца,Tomarrrto-topped hard tack o' twistin',Pizza Corrotta,ɐzzᴉԀ pǝdɹɐM,Wirrpizza,CURSED PIZZA,,Warped Flatcake
item.minecraft.rabbit,Raw Flesh,Raw Flesh,Raw Flesh,,Raw Flesh,Сырое мясо,Syrové maso,Rohes Fleisch,,Carne cruda,Çiğ Et,Carne cruda,生肉,Råt Kød,,Сира плоть,Raw flesh,Carne Cruda,ɥsǝꞁℲ ʍɐᴚ,Rohes Fleisch,Uncookd Meatz,,Raw Flesh
item.minecraft.breeze_rod,Baked Pumpkin,Baked Pumpkin,Baked Pumpkin,,Baked Pumpkin,Запечённая тыква,Pečená dýně,Gebackener Kürbis,,Calabaza asada,Pişmiş Bal Kabak,Calabaza horneada,烤南瓜,Bagt Græskar,,Запечений гарбуз,Baked gourd squash,,uᴉʞdɯnԀ pǝʞɐᗺ,Gebackene Kürbis,Hot Orange Orb,,Baked Harvestovet
item.kleispack.pumpkin_jam,Pumpkin Jam,Pumpkin Jam,Pumpkin Jam,,Pumpkin Jam,Тыквенный джем,Dýňový džem,Kürbismarmelade,,Mermelada de calabaza,Bal Kabak Reçeli,Mermelada de calabaza,南瓜果酱,Græskarmarmelade,,Гарбузове варення,Preserve o' gourd squash,,ɯɐՐ uᴉʞdɯnԀ,Kürbiskonfi,Pumpkin Goop,,Harvestovet Sweetspread
item.kleispack.pumpkin_empanada,Pumpkin Empanada,Pumpkin Empanada,Pumpkin Empanada,,Pumpkin Empanada,Тыквенная эмпанда,Dýňová empanada,Kürbisempanada,,Empanada de calabaza,Bal Kabaklı Empanada,Empanada de calabaza,南瓜馅饼,Græskar Empanada,,Гарбузова емпанада,Gourd squash pasty,,ɐpɐuɐdɯƎ uᴉʞdɯnԀ,Kürbisempanada,Pumpky Pocket,,Harvestovet Turnover
item.kleispack.pickled_potatoes,Pickled Potatoes,Pickled Potatoes,Pickled Potatoes,,Pickled Potatoes,Квашеная картошка,Nakládané brambory,Eingelegte Kartoffeln,,Papas en escabeche,Patates Turşusu,Papas encurtidas,腌土豆,Syltede Kartofler,,Маринована картопля,Pickled taters,,sǝoʇɐʇoԀ pǝꞁʞɔᴉԀ,Ihglegti Herdöpfel,SOUR POTATO,,Pickled Earthapples
item.kleispack.latke,Latke,Latke,Latke,,Latke,Латкес,Bramborák,Latkes,,Latkes,Mücver,Latkes,拉特卡土豆饼,,,Деруни,Tater cake,,ǝʞʇɐꞀ,Latkes,Potato Pancak,,Earthapple Pancake
item.kleispack.charred_potato,Charred Potato,Charred Potato,Charred Potato,,Charred Potato,Обугленная картошка,Spálená brambora,Schwarzgeröstete Kartoffel,,Papa chamuscada,Közlenmiş Patates,Papa carbonizada,焦烤土豆,Grillede kartofler,,Обвуглена картопля,Charred tater,,oʇɐʇoԀ pǝɹɹɐɥƆ,Ahkohlti Herdöpfel,Burnt Tater,,Charred Earthapple
item.kleispack.gnocchi,Gnocchi,Gnocchi,Gnocchi,,Gnocchi,Ньокки,Noky,Nocken,,Ñoquis,Mantı,Ñoquis,意式土豆团子,Gnocchi,,Ньокі,Doughboys,,ᴉɥɔɔou⅁,Gnocchi,Smol Potato Dumblins,,Earthapple Dumplings
item.kleispack.steamed_carrots,Steamed Carrots,Steamed Carrots,Steamed Carrots,,Steamed Carrots,Морковь на пару,Pařené mrkve,Gedünstete Karotten,,Zanahorias al vapor,Buharlanmış Havuç,Zanahorias al vapor,蒸胡萝卜,Dampede Gullerøder,,Морква на парі,Steamed orange veggies,,sʇoɹɹɐƆ pǝɯɐǝʇS,Dünsteti Rüebli,Steamy Orange Sticks,,Steamed Walmores
item.kleispack.stroganoff,Stroganoff,Stroganoff,Stroganoff,,Stroganoff,Бефстроганов,Stroganoff,Stroganoff,,Stroganoff,Stroganof,Stroganoff,斯特罗加诺夫炖菜,,,Бефстоганов,Creamy stew o' beef,,ɟɟouɐᵷoɹʇS,Stroganoff,Creamy Meat Goop,,Creamed Beef Stew
item.kleispack.pickled_carrots,Pickled Carrots,Pickled Carrots,Pickled Carrots,,Pickled Carrots,Квашеная морковь,Nakládané mrkve,Eingelegte Karotten,,Zanahorias en escabeche,Havuç Turşusu,Zanahorias encurtidas,腌胡萝卜,Syltede Gulerødder ,,Маринована морква,Pickled orange veggies,,sʇoɹɹɐƆ pǝꞁʞɔᴉԀ,Ihglegti Rüebli,Sour Orange Sticks,,Pickled Walmores
item.kleispack.pickled_crimson_fungus,Pickled Crimson Fungus,Pickled Crimson Fungus,Pickled Crimson Fungus,,Pickled Crimson Fungus,Квашеные багровые грибы,Nakládaná karmínová houba,Eingelegte Karmesinpilze,,Hongo carmesí en escabeche,Kızıl Mantar Turşusu,Hongo carmesí encurtido,腌绯红菌,,,Маринований багряний гриб,Pickled fungus o' ichor,,snᵷunℲ uosɯᴉɹƆ pǝꞁʞɔᴉԀ,Ihglegti Karmesinpilz,Sour Red Fungus,,Pickled Baze Swamb
item.kleispack.pickled_mushrooms,Pickled Mushrooms,Pickled Mushrooms,Pickled Mushrooms,,Pickled Mushrooms,Квашеные грибы,Nakládané houby,Eingelegte Pilze,,Callampas en escabeche,Mantar Turşusu,Champiñones encurtidos,腌蘑菇,Syltede Svampe,,Мариновані гриби,Pickled shrooms,,sɯooɹɥsnW pǝꞁʞɔᴉԀ,Ihglegti Pilz,Sour Shrooms,,Pickled Mushrooms
item.kleispack.pickled_red_mushrooms,Pickled Toadstools,Pickled Toadstools,Pickled Toadstools,,Pickled Toadstools,Квашеные мухоморы,Nakládané muchomůrky,Eingelegte Fliegenpilze,,Callampas venenosas en escabeche,Şapkalı Mantar Turşusu,Champiñones venenosos encurtidos,腌毒蘑菇,Syltede Flugesvampe,,Мариновані поганки,Pickled scarlet shrooms,,sꞁooʇspɐo⟘ pǝꞁʞɔᴉԀ,Ihglegti Fliegepilz,Sour Funny Shrooms,,Pickled Toadstools
item.kleispack.pickled_warped_fungus,Pickled Warped Fungus,Pickled Warped Fungus,Pickled Warped Fungus,,Pickled Warped Fungus,Квашеные искажённые грибы,Nakládaná přízračná houba,Eingelegte Wirrpilze,,Hongo distorsionado en escabeche,Çarpık Mantar Turşusu,Hongo distorsionado encurtido,腌诡异菌,,,Маринований химерний гриб,Pickled fungus o' twistin',,snᵷunℲ pǝdɹɐM pǝꞁʞɔᴉԀ,Ihglegti Wirrpilz,Sour Cursed Fungus,,Pickled Warped Swamb
item.kleispack.puerquito,Puerquito,Puerquito,Puerquito,,Puerquito,Марранитос,Puerqito,Puerquito,,Puerquito,Puerkito,Puerquito,小猪饼干,,,Пуеркіто,Little pigs o' sugarrr,,oʇᴉnbɹǝnԀ,Puerquito,Smol Piggy,,Sweet Pigbread
item.kleispack.pupusa,Pupusa,Pupusa,Pupusa,,Pupusa,Пупуса,Pupusa,Pupusa,,Pupusa,Pupusa,Pupusa,普普萨,,,Пупуса,Cheese 'n' meat flatbread,,ɐsndnԀ,Pupusa,Stuffed Corn Disk,,Stuffed Flatbread
item.kleispack.carrot_cupcake,Carrot Cupcake,Carrot Cupcake,Carrot Cupcake,,Carrot Cupcake,Морковный кекс,Mrkvový cupcake,Karottenmuffin,,Cupcake de zanahoria,Havuçlu Kapkek,Cupcake de zanahoria,胡萝卜纸杯蛋糕,Gullerods Cupcake,,Морквяний капкейк,Molar breaker o' orange veggy,,ǝʞɐɔdnƆ ʇoɹɹɐƆ,Rüeblimuffin,Orange Cakey,,Walmore Cupcake
item.kleispack.grilled_tomatoes,Grilled Tomatoes,Grilled Tomatoes,Grilled Tomatoes,,Grilled Tomatoes,Жареные томаты,Grilované rajčata,Gegrillte Tomaten,,Tomates asados,Izgaralanmış Domates,Tomates a la parrilla,烤番茄,,,Помідори на грилі,Grilled tomarrrtoes,,sǝoʇɐɯo⟘ pǝꞁꞁᴉɹ⅁,Grillierti Tomate,Hot Red Orbz,,Roasted Loveapples
item.kleispack.pickled_tomatoes,Sundried Tomatotes,Sun-dried Tomatotes,Sundried Tomatotes,,Sun-dried Tomatotes,Квашеные томаты,Sušené rajčata,Sonnengetrocknete Tomaten,,Tomates secos en conserva,Kurutulmuş Domates,Tomates secos encurtidos,晒干番茄,Soltørrede Tomater,,В'ялені помідори,Tomarrrtoes dried by th' sun,,sǝʇoʇɐɯo⟘ pǝᴉɹpunS,Sunnetröchniti Tomate,Crispy Red Orbz,,Sundried Loveapples
item.kleispack.bruschetta,Bruschetta,Bruschetta,Bruschetta,,Bruschetta,Брускетта,Bruschetta,Bruschetta,,Bruschetta,Bruschetta,Bruschetta,意式烤面包,,,Брускета,Hard tack o' tomarrrto,,ɐʇʇǝɥɔsnɹᗺ,Bruschetta,Fancy Tomato Toast,,Loveapple Toast
item.minecraft.rabbit_foot,Braised Mushroom,Braised Mushroom,Braised Mushroom,,Braised Mushroom,Обжаренные грибы,Dušené houby,Geschmorter Pilz,,Callampa guisada,Buğulanmış Mantar,Champiñón ahumado,烩蘑菇,Brasede Svampe,,Тушкований гриб,Braised shroom,,ɯooɹɥsnW pǝsᴉɐɹᗺ,Geschmorte Pilz,Soft Shroom,,Braised Mushroom
item.kleispack.braised_crimson_fungus,Braised Crimson Fungus,Braised Crimson Fungus,Braised Crimson Fungus,,Braised Crimson Fungus,Обжаренные багровые грибы,Dušená karmínová houba,Geschmorter Karmesinpilz,,Hongo carmesí guisado,Buğulanmış Kızıl Mantar,Hongo carmesí ahumado,烩绯红菌,,,Тушкований багряний гриб,Braised fungus o' ichor,,snᵷunℲ uosɯᴉɹƆ pǝsᴉɐɹᗺ,Geschmorte Karmesinpilz,Soft Red Fungus,,Braised Crimson Swamb
item.kleispack.braised_red_mushroom,Braised Toadstool,Braised Toadstool,Braised Toadstool,,Braised Toadstool,Обжаренные мухоморы,Dušená muchomůrka,Geschmorter Fliegenpilz,,Callampa venenosa guisada,Buğulanmış Şapkalı Mantar,Champiñón venenoso ahumado,烩毒蘑菇,Brasede Flugesvampe,,Тушкована поганка,Braised scarlet shroom,,ꞁooʇspɐo⟘ pǝsᴉɐɹᗺ,Geschmorte Fliegepilz,Soft Funny Shroom,,Braised Toadstool
item.kleispack.braised_warped_fungus,Braised Warped Fungus,Braised Warped Fungus,Braised Warped Fungus,,Braised Warped Fungus,Обжаренные искажённые грибы,Dušená přízračná houba,Geschmorter Wirrpilz,,Hongo distorsionado guisado,Buğulanmış Çarpık Mantar,Hongo distorsionado ahumado,烩诡异菌,,,Тушкований химерний гриб,Braised fungus o' twistin',,snᵷunℲ pǝdɹɐM pǝsᴉɐɹᗺ,Geschmorte Wirrpilz,Soft Cursed Fungus,,Braised Warped Swamb
item.minecraft.fermented_spider_eye,Baked Apple,Baked Apple,Baked Apple,,Baked Apple,Запечённое яблоко,Pečené jablko,Gebackener Apfel,,Manzana asada,Pişmiş Elma,Manzana horneada,烤苹果,Bagt Æble,,Печене яблуко,Baked apple,,ǝꞁddⱯ pǝʞɐᗺ,Gebackene Öpfel,Hot Apple,,Baked Apple
item.kleispack.canned_apples,Canned Apples,Canned Apples,Canned Apples,,Canned Apples,Консервированные яблоки,Zavařené jablka,Konservierte Äpfel,,Manzanas en conserva,Konserve Elma,Manzanas en conserva,苹果罐头,Æbler På Dåse,,Консервовані яблука,Canned apples,,sǝꞁddⱯ pǝuuɐƆ,Konservierte Öpfel,Apple In Jail,,Canned Apples
item.kleispack.apple_empanada,Apple Empanada,Apple Empanada,Apple Empanada,,Apple Empanada,Яблочная эмпанда,Jablečná empanada,Apfelempanada,,Empanada de manzana,Elmalı Empanada,Empanada de manzana,苹果馅饼,Æble Empanada,,Яблучна емпанада,Apple turnover,,ɐpɐuɐdɯƎ ǝꞁddⱯ,Öpfelempanada,Apple Pocket,,Apple Turnover
item.kleispack.grilled_melon,Grilled Melon,Grilled Melon,Grilled Melon,,Grilled Melon,Жареный арбуз,Grilovaný meloun,Gegrillte Melone,,Sandía asada,Izgara Karpuz,Sandía a la parrilla,烤西瓜,Grillet Melon,,Кавун на грилі,Grilled melon,,uoꞁǝW pǝꞁꞁᴉɹ⅁,Grillierti Melone,Hot Green Fruit,,Roasted Entapple
item.kleispack.rind_jam,Rind Jam,Rind Jam,Rind Jam,,Rind Jam,Джем из арбузов,Džem z melounové kůry,Melonenschalenmarmelade,,Mermelada de cáscara de sandía,Kabuk Reçeli,Mermelada de cáscara de sandía,瓜皮果酱,,,Джем з кавунових шкірок,Preserve o' melon rind,,ɯɐՐ puᴉᴚ,Meloneschalekonfi,Fruit Skin Goop,,Rind Sweetspread
item.kleispack.melon_sorbet,Melon Sorbet,Melon Sorbet,Melon Sorbet,,Melon Sorbet,Сорбет из арбуза,Melounový sorbet,Melonen Sorbet,,Sorbete de sandía,Karpuz Sorbe,Helado de sandía,西瓜雪葩,Melon Sorbet,,Кавуновий сорбет,Snow'd melon,,ʇǝqɹoS uoꞁǝW,Melone Glace,Cold Melon,,Entapple Foam Ices
item.minecraft.rotten_flesh,Glow Berry Mash,Glow Berry Mash,Glow Berry Mash,,Glow Berry Mash,Пюре из светящихся ягод,Zářinkové pyré,Leuchtbeerenmus,,Puré de bayas brillantes,Işıldayan Meyve Ezmesi,Puré de bayas luminosas,发光浆果泥,,,Пюре із сяйних ягід,Mash o' glowin' capers,,ɥsɐW ʎɹɹǝᗺ ʍoꞁ⅁,Lüchtbeerimues,Shinie Berri Mush,,Glow Berry Mash
item.kleispack.glow_berry_jam,Glow Berry Jam,Glow Berry Jam,Glow Berry Jam,,Glow Berry Jam,Джем из светящихся ягод,Zářinkový džem,Leuchtbeerenmarmelade,,Mermelada de bayas brillantes,Işıldayan Meyve Reçeli,Mermelada de bayas luminosas,发光浆果酱,,,Джем із сяйних ягід,Preserve o' glowin' capers,,ɯɐՐ ʎɹɹǝᗺ ʍoꞁ⅁,Lüchtbeerekonfi,Glowey Berry Goop,,Glow Berry Sweetspread
item.kleispack.glow_berry_crumble,Glow Berry Crumble,Glow Berry Crumble,Glow Berry Crumble,,Glow Berry Crumble,Крамбл из светящихся ягод,Zářinkový crumble,Leuchtbeeren-Crumble,,Crumble de bayas brillantes,Işıldayan Meyve Kıtırı,Crumble de bayas luminosas,发光浆果酥,,,Крамбл із сяйних ягодами,Crumble o' glowin' capers,,ǝꞁqɯnɹƆ ʎɹɹǝᗺ ʍoꞁ⅁,Lüchtbeere-Crumble,Glow Burry Crumbs,,Glow Berry Crumble
item.minecraft.magma_cream,Sweet Berry Mash,Sweet Berry Mash,Sweet Berry Mash,,Sweet Berry Mash,Пюре из сладких ягод,Pyré ze sladkých bobulí,Süßbeerenmus,,Puré de bayas dulces,Tatlı Orman Meyvesi Ezmesi,Puré de bayas dulces,甜浆果泥,Sødbærsmos,,Пюре із солодких ягід,Mash o' land capers,,ɥsɐW ʎɹɹǝᗺ ʇǝǝʍS,Süesbeerimues,Sweet Berry Mush,,Sweet Berry Mash
item.kleispack.sweet_berry_jam,Sweet Berry Jam,Sweet Berry Jam,Sweet Berry Jam,,Sweet Berry Jam,Джем из сладких ягод,Džem ze sladkých bobulí,Süßbeerenmarmelade,,Mermelada de bayas dulces,Tatlı Orman Meyvesi Reçeli,Mermelada de bayas dulces,甜浆果酱,Sødbærsmarmelade,,Джем із солодких ягід,Preserve o' land capers,,ɯɐՐ ʎɹɹǝᗺ ʇǝǝʍS,Süesbeerekonfi,Switzy Beriy Goop,,Sweet Berry Sweetspread
item.kleispack.sweet_berry_danish,Sweet Berry Danish,Sweet Berry Danish,Sweet Berry Danish,,Sweet Berry Danish,Сладкий ягодный пирог,Danish ze sladkých bobulí,Süßbeerenplunder,,Pan danés de bayas dulces,Tatlı Orman Meyvesi Çöreği,Pastel danés de bayas dulces,甜浆果丹麦酥,Sødbærswienerbrød,,Данська слойка із солодкими ягодами,Wienerbrød o' land capers,,ɥsᴉuɐᗡ ʎɹɹǝᗺ ʇǝǝʍS,Süesbeereplunder,Fancy Berry Bread,,Sweet Berry Bake
item.kleispack.sweet_berry_toast,Sweet Berry Toast,Sweet Berry Toast,Sweet Berry Toast,,Sweet Berry Toast,Тост со сладкими ягодами,Toast se sladkými bobulemi,Süßbeeren-Toast,,Tostada de bayas dulces,Tatlı Orman Meyvesi Tostu,Tostada con bayas dulces,甜浆果吐司,Sødbærstoast,,Тост із солодкими ягодами,Hard tack o' land capers,,ʇsɐo⟘ ʎɹɹǝᗺ ʇǝǝʍS,Süesbeere-Toast,Berry Toast,,Sweet Berry Toast
item.minecraft.mushroom_stew,Chocolate,Chocolate,Chocolate,,Chocolate,Шоколад,Čokoláda,Schokolade,,Chocolate,Çikolata,Chocolate,巧克力,Chocolade,Czekolada,Шоколад,Chocolate,,ǝʇɐꞁoɔoɥƆ,Schoki,CHOCY,,Cocoafood
item.kleispack.brownie,Brownie,Brownie,Brownie,,Brownie,Брауни,Brownie,Brownie,,Brownie,Dilim Kek,Brownie,布朗尼,Brownie,Brownie,Брауні,Chocolate molar breaker,,ǝᴉuʍoɹᗺ,Brownie,Chocy Brik,,Brown Sweet Cake
item.kleispack.chocolate_chip_cookie,Chocolate Chip Cookie,Chocolate Chip Cookie,Chocolate Chip Cookie,,Chocolate Chip Cookie,Печенье с шоколадной крошкой,Čokoládová sušenka,Keks mit Schokoladenstückchen,,Galletón con chispas de chocolate,Çikolata Parçacıklı Kurabiye,Galleta con chispas de chocolate,巧克力曲奇,Chocolade Cookie,,Печиво зі шматочками шоколаду,Biscuit o' chocolate chunks,,ǝᴉʞooƆ dᴉɥƆ ǝʇɐꞁoɔoɥƆ,Gutzi mit Schockistückli,Dont poizin rainbow brrd no more,,Cookie with Cocoa Chunks
item.kleispack.gimmari,Gimmari,Gimmari,Gimmari,,Gimmari,Киммари,Gimmari,Gimmari,,Gimmari,Gimmari,Gimmari,韩式炸紫菜卷,,,Кіммарі,Seaweed roll,,ᴉɹɐɯɯᴉ⅁,Gimmari,rolly sea leeves wiv stuf in,,Filled Kelp Wrap
item.kleispack.bokguk,Bokguk,Bokguk,Bokguk,,Bokguk,Бокгук,Bokguk,Bokguk,,Bokguk,Bokguk,Bokguk,河豚汤,,,Бокґук,Soup o' blowfish,,ʞnᵷʞoᗺ,Bokguk,yucky fish supe,,Pufferfish Broth
item.kleispack.honey_ginger_tea,Honey Ginger Tea,Honey Ginger Tea,Honey Ginger Tea,,Honey Ginger Tea,Медово-имбирный чай,Zázvorový čaj s medem,Honig-Ingwer-Tee,,Té de miel y jengibre,Ballı Zencefilli Çay,Té de jengibre con miel,蜂蜜姜茶,Honing Ingefær Te,,Імбирний чай з медом,Tea o' bee nectar 'n' ginger,,ɐǝ⟘ ɹǝᵷuᴉ⅁ ʎǝuoH,Honig-Ingwer-Tee,Hoonei Joose for Relaz,,Honey Ginger Wort Water
item.kleispack.mead,Mead,Mead,Mead,,Mead,Медовуха,Medovina,Met,,Aguamiel,Bal Likörü,Hidromiel,蜂蜜酒,Mjød,,Медовуха,Mead,,pɐǝW,Met,Funni Honie Juice,,Mead
item.kleispack.honied_french_toast,Honied French Toast,Honied French Toast,Honied French Toast,,Honied French Toast,Сладкий тост по-французски,Francouzský toast s medem,Arme Ritter mit Honig,,Tostada francesa con miel,Ballı Yumurtalı Ekmek,Tostada francesa con miel,蜂蜜法式吐司,Arme ridder med honing,,Французький тост з медом,Pain perdu 'n' bee nectar,,ʇsɐo⟘ ɥɔuǝɹℲ pǝᴉuoH,Armi Ritter mit Honig,Hunyified Eccy bred,,Honeyed Eggy Toast
item.kleispack.golden_steamed_carrots,Steamed Golden Carrots,Steamed Golden Carrots,Steamed Golden Carrots,,Steamed Golden Carrots,Золотая морковь на пару,Pařené zlaté mrkve,Gedämpfte goldene Karotten,,Zanahorias doradas al vapor,Buharlanmış Altın Havuç,Zanahorias doradas al vapor,蒸金胡萝卜,Dampede gyldne gulerødder,,Золота морква на парі,Steamed orange veggies o' gold,,sʇoɹɹɐƆ uǝpꞁo⅁ pǝɯɐǝʇS,Gedämpfti goldeni Rüebli,,,Steamed Golden Walmores
item.kleispack.golden_pickled_carrots,Golden Pickled Carrots,Golden Pickled Carrots,Golden Pickled Carrots,,Golden Pickled Carrots,Квашеная золотая морковь,Nakládané zlaté mrkve,Eingelegte goldene Karotten,,Zanahorias doradas en escabeche,Altın Havuç Turşusu,Zanahorias doradas encurtidas,腌金胡萝卜,Syltede gyldne gulerødder,,Маринована золота морква,Pickled orange veggies o' gold,,sʇoɹɹɐƆ pǝꞁʞɔᴉԀ uǝpꞁo⅁,Ihglegti goldeni Rüebli,,,Pickled Golden Walmores
item.kleispack.golden_carrot_cupcake,Golden Carrot Cupcake,Golden Carrot Cupcake,Golden Carrot Cupcake,,Golden Carrot Cupcake,Золотой морковный кекс,Cupcake ze zlatých mrkví,Goldene-Karroten-Muffin,,Cupcake de zanahoria dorada,Altın Havuçlu Kapkek,Cupcake de zanahoria dorada,金胡萝卜纸杯蛋糕,Gylden gullerod cupcake,,Капкейк із золотої моркви,Molar breaker o' orange veggy o' gold,,ǝʞɐɔdnƆ ʇoɹɹɐƆ uǝpꞁo⅁,Goldeni Rüebli Muffin,,,Golden Walmore Cupcake
item.kleispack.baked_golden_apple,Baked Golden Apple,Baked Golden Apple,Baked Golden Apple,,Baked Golden Apple,Запечённое золотое яблоко,Pečené zlaté jablko,Gebackener goldener Apfel,,Manzana dorada asada,Pişmiş Altın Elma,Manzana dorada horneada,烤金苹果,Bagt gyldent æble,,Печене золоте яблуко,Baked apple o' Eden,,ǝꞁddⱯ uǝpꞁo⅁ pǝʞɐᗺ,Backene goldene Öpfel,,,Baked Golden Apple
item.kleispack.canned_golden_apples,Canned Golden Apples,Canned Golden Apples,Canned Golden Apples,,Canned Golden Apples,Консервированные золотые яблоки,Zavařené zlaté jablka,Konservierte goldene Äpfel,,Manzanas doradas en conserva,Konserve Altın Elma,Manzanas doradas en conserva,金苹果罐头,Gyldent æble på dåse,,Консервовані золоті яблука,Canned apples o' Eden,,sǝꞁddⱯ uǝpꞁo⅁ pǝuuɐƆ,Konservierte goldene Öpfel,,,Canned Golden Apples
item.kleispack.golden_empanada,Gilded Empanada,Gilded Empanada,Gilded Empanada,,Gilded Empanada,Золотая эмпанада,Zlatistá empanada,Vergoldeter Empanada,,Empanada dorada,Yaldızlanmış Empanada,Empanada dorada,镀金馅饼,,,Позолочена емпанада,Pasty o' Eden apple,,ɐpuɐuɐdɯƎ pǝpꞁᴉ⅁,Vergoldete Empanada,,,Gilded Turnover
item.kleispack.chorus_mochi,Chorus Mochi,Chorus Mochi,Chorus Mochi,,Chorus Mochi,Хорус-моти,Chorusové moči,Chorus Mochi,,Mochi de chorus,Koro Mochi,Mochi de chorus,紫颂麻薯,,,Моті з плодів хорусу,Mochi o' tall one's fruit,,ᴉɥɔoW snɹoɥƆ,Chorus Mochi,,,Chorovet Snow Dough
item.kleispack.naan,Naan,Naan,Naan,,Naan,Наан,Naan,Naan,,Naan,Naan,Naan,馕,Naan,Naan,Наан,Naarrrn,,uɐɐN,Naan,,,Flatbread
item.kleispack.crimson_stroganoff,Crimson Stroganoff,Crimson Stroganoff,Crimson Stroganoff,,Crimson Stroganoff,Багровый бефстроганов,Karmínový stroganoff,Karmesin-Stroganoff,,Stroganoff carmesí,Kızıl Stroganof,Stroganoff carmesí,绯红菌斯特罗加诺夫炖菜,,,Багряний бефстроганов,Stroganoff o' ichor,,ɟɟouɐᵷoɹʇS uosɯᴉɹƆ,Karmesin-Stroganoff,,,Creamed Crimson Stew
item.kleispack.french_toast,French Toast,French Toast,French Toast,,French Toast,Тост по-французски,Francouzský toast s medem,Arme Ritter,,Tostada francesa,Yumurtalı Ekmek,Tostada francesa,法式吐司,Arme Riddere,Tost francuski,Французький тост,Pain perdu,,ʇsɐo⟘ ɥɔuǝɹℲ,Armi Ritter,,,Eggy Toast
item.kleispack.fried_egg,Fried Egg,Fried Egg,Fried Egg,,Fried Egg,Жареное яйцо,Volské oko,Spiegelei,,Huevo frito,Kızarmış Yumurta,Huevo frito,煎蛋,,Jajko smażone,Оката яєчня,Fried cackle fruit,,ᵷᵷƎ pǝᴉɹℲ,Spiegelei,,,Roasted Egg
item.kleispack.red_mushroom_stroganoff,Toadstool Stroganoff,Toadstool Stroganoff,Toadstool Stroganoff,,Toadstool Stroganoff,Мухоморный бефстроганов,Stroganoff s muchomůrkami,Fliegenpilz-Stroganoff,,Stroganoff de callampa venenosa,Şapka Mantarlı Stroganof,Stroganoff de champiñones venenosos,毒蘑菇斯特罗加诺夫炖菜,,,Бефстроганов із поганками,Stroganoff o' scarlet shroom,,ɟɟouɐᵷoɹʇS ꞁooʇspɐo⟘,Fliegepilz-Stroganoff,,,Creamed Toadstool Stew
item.kleispack.raw_paneer_makhani,Uncooked Paneer Makhani,Uncooked Paneer Makhani,Uncooked Paneer Makhani,,Uncooked Paneer Makhani,Неготовый панир махани,Syrové paneer makhani,Ungekochtes Paneer Makhani,,Paneer makhani sin cocinar,Pişmemiş Paneer Makhani,Paneer Makhani sin cocinar,生奶豆腐咖喱,,,Сирий панір махані,Raw cheesy spiced sauce,,ᴉuɐɥʞɐW ɹǝǝuɐԀ pǝʞooɔu∩,Ungekochtes Paneer Makhani,,,Uncooked Milkcurd Pepper Broth
item.kleispack.raw_ramen,Uncooked Ramen,Uncooked Ramen,Uncooked Ramen,,Uncooked Ramen,Неготовый рамэн,Syrový ramen,Ungekochte Ramen,,Ramen sin cocinar,Pişmemiş Ramen,Ramen Tonkotsu sin cocinar,生拉面,,Nieugotowany ramen,Сирий рамен,Raw noodle soup,,uǝɯɐᴚ pǝʞooɔu∩,Ungekochti Ramen,,,Uncooked Spiced Flour String Soup
item.kleispack.raw_curry,Uncooked Curry,Uncooked Curry,Uncooked Curry,,Uncooked Curry,Неготовое карри,Syrové kari,Ungekochtes Curry,,Curry sin cocinar,Pişmemiş Köri,Curry japonés sin cocinar,生咖喱,,Nieugotowane curry,Сире карі,Raw spiced sauce,,ʎɹɹnƆ pǝʞooɔu∩,Ungekochtes Curry,,,Uncooked Pepper Broth
item.kleispack.raw_green_curry,Uncooked Fish Curry,Uncooked Fish Curry,Uncooked Fish Curry,,Uncooked Fish Curry,Неготовое рыбное карри,Neuvařené rybí kari,Ungekochtes Fischcurry,,Curry verde sin cocinar,Pişmemiş Balık Körisi,Curry verde sin cocinar,生鱼咖喱,,,Сире рибне карі,Raw fishy spiced sauce,,ʎɹɹnƆ ɥsᴉℲ pǝʞooɔu∩,Ungekochtes Fischcurry,,,Uncooked Fish Pepper Broth
item.kleispack.paneer_makhani,Paneer Makhani,Paneer Makhani,Paneer Makhani,,Paneer Makhani,Панир махани,Paneer makhani,Paneer makhani,,Paneer makhani,Paneer Makhani,Paneer Makhani,玛卡尼奶豆腐,,,Панір махані,Cheesy spiced sauce,,ᴉuɐɥʞɐW ɹǝǝuɐԀ,Paneer makhani,,,Milkcurd Pepper Broth
item.kleispack.ramen,Tonkotsu Ramen,Tonkotsu Ramen,Tonkotsu Ramen,,Tonkotsu Ramen,Тонкоцу рамэн,Tonkotsu ramen,Tonkotsu Ramen,,Ramen tonkotsu,Tonkotsu Ramen,Ramen Tonkotsu,豚骨拉面,,Ramen tonkotsu,Рамен тонкоцу,Special noodle soup,,uǝɯɐᴚ nsʇoʞuo⟘,Tonkotsu Ramen,,,Spiced Flour String Soup
item.kleispack.japanese_curry,Japanese Curry,Japanese Curry,Japanese Curry,,Japanese Curry,Японское карри,Japonské kari,Japanisches Curry,,Curry japonés,Japon Körisi,Curry japonés,日式咖喱,Japansk Karry,Japońskie curry,Японське карі,Spiced sauce from o'er seas,,ʎɹɹnƆ ǝsǝuɐdɐՐ,Japanisches Curry,,,Pepper Broth
item.kleispack.warped_stroganoff,Warped Stroganoff,Warped Stroganoff,Warped Stroganoff,,Warped Stroganoff,Искажённый бефстроганов,Přízračný stroganoff,Wirr-Stroganoff,,Stroganoff distorsionado,Çarpık Stroganoff,Stroganoff distorsionado,诡异菌斯特罗加诺夫炖菜,,,Химерний Бефстроганов,Stroganoff o' twistin',,ɟɟouɐᵷoɹʇS pǝdɹɐM,Wirr-Stroganoff,,,Fish Pepper Broth
item.kleispack.green_curry,Green Curry,Green Curry,Green Curry,,Green Curry,Зелёное карри,Zelené kari,Grünes Curry,,Curry verde,Yeşil Köri,Curry verde,绿咖喱,Grøn Karry,Zielone curry,Зелене рибне карі,Spiced sauce o' green,,ʎɹɹnƆ uǝǝɹ⅁,Grünes Curry,,,Green Pepper Broth
item.kleispack.kontomire_stew,Kontomire-Dandelion Stew,Kontomire-Dandelion Stew,Kontomire-Dandelion Stew,,Kontomire-Dandelion Stew,Рагу из контомире и одуванчиков,Polévka kontomire s pampeliškami,Kontomire-Löwenzahn-Eintopf,,Estofado de kontomire y diente de león,Kontomire ve Karahindiba Yahnisi,Estofado de kontomire y diente de león,孔托米尔蒲公英炖菜,,,Тушковані контоміре та кульбаби,Stew o' kontomire 'n' dandelion,,ʍǝʇS uoᴉꞁǝpuɐᗡ-ǝɹᴉɯoʇuoꞰ,Kontomire-Löwezahn-Ihtopf,,,Earthknob and Monkshead Stew
item.kleispack.pad_thai,Pad Thai,Pad Thai,Pad Thai,,Pad Thai,Пад-тай,Pad thai,Pad Thai,,Pad thai,Pad Thai,Pad Thai,泰式炒河粉,Pad Thai,,Пад тай,Pad Thai,,ᴉɐɥ⟘ pɐԀ,Pad Thai,,,Spiced Fish Stew
item.kleispack.charred_meat,Charred Meat,Charred Meat,Charred Meat,,Charred Meat,Сгоревшое мясо,Spálené maso,Schwarzgeröstetes Fleisch,,Carne chamuscada,Közlenmiş Et,Carne carbonizada,焦烤肉,,,Обвуглене м'ясо,Charred meat,,ʇɐǝW pǝɹɹɐɥƆ,Ahkohltes Fleisch,,,Charred Meat
item.kleispack.charred_fish,Charred Fish,Charred Fish,Charred Fish,,Charred Fish,Сгоревшая рыба,Spálená ryba,Schwarzgerösteter Fisch,,Pez chamuscado,Közlenmiş Balık,Pescado carbonizado,焦烤鱼,,,Обвуглена риба,Charred fish,,ɥsᴉℲ pǝɹɹɐɥƆ,Ahkohlte Fisch,,,Charred Fish
item.kleispack.char,Char,Char,Char,,Char,Угольки,Siven,Kohle,,Residuo chamuscado,Köz,Residuo carbonizado,焦碳渣,,,Обвуглений залишок,Char,,ɹɐɥƆ,Kohle,,,Char
item.kleispack.axolotl,Axolotl,Axolotl,Axolotl,,Axolotl,Аксолотль,Axolotl,Axolotl,,Ajolote,Aksolotl,Ajolote,美西螈,Axolotl,,Аксолотль,Sea lizard,,ꞁʇoꞁoxⱯ,Axolotl,,,Waterhelper
item.minecraft.salmon,Salmon,Salmon,Salmon,,Salmon,Лосось,Losos,Lachs,,Salmón,Somon,Salmón,鲑鱼,Laks,,Лосось,Salmon,,uoɯꞁɐS,Lachs,,,Lax
item.minecraft.cod,Cod,Cod,Cod,,Cod,Треска,Treska,Kabeljau,,Bacalao,Morina,Bacalao,鳕鱼,Torsk,,Тріска,Codfish,,poƆ,Kabeljau,,,Cod
item.kleispack.fish.fish_bones,Fish Bones,Fish Bones,Fish Bones,,Fish Bones,Рыбьи кости,Rybí kosti,Fischgräten,,Huesos de pez,Kılçık,Espinas de pescado,鱼骨,Fiskeben,,Риб'ячі кістки,Bones o' fish,,sǝuoᗺ ɥsᴉℲ,Fischgrätte,,,Fish Bones
item.kleispack.fish.alaska_blackfish,Alaska Blackfish,Alaska Blackfish,Alaska Blackfish,,Alaska Blackfish,Даллия,Dálie Aljašská,Alaska-Schwarzfisch,,Pez negro de Alaska,Alaska Siyah Balığı,Pez negro de Alaska,阿拉斯加黑鱼,,,Далія,Alaska Blackfish,,ɥsᴉɟʞɔɐꞁᗺ ɐʞsɐꞁⱯ,Alaska-Schwarzfisch,,,
item.kleispack.fish.anchovy,Anchovy,Anchovy,Anchovy,,Anchovy,Анчоус,Ančovička,Sardelle,,Anchoa,Hamsi,Anchoa,凤尾鱼,Ansjos,,Анчоус,Anchovy,,ʎʌoɥɔuⱯ,Sardelle,,,
item.kleispack.fish.arapaima,Arapaima,Arapaima,Arapaima,,Arapaima,Арапайма,Arapaima,Arapaima,,Arapaima,Arapaima,Arapaima,巨骨舌鱼,,,Арапайма,Arapaima,,ɐɯᴉɐdɐɹⱯ,Arapaima,,,
item.kleispack.fish.armoured_catfish,Armoured Catfish,Armored Catfish,Armoured Catfish,,Armoured Catfish,Кольчужный сом,Ancistrus,Panzerwels,,Bagre acorazado,Zırhlı Yayın Balığı,Bagre acorazado,甲鲶,,,Панцирний сом,Armoured Catfish,,ɥsᴉɟʇɐƆ pǝɹnoɯɹⱯ,Panzerwels,,,
item.kleispack.fish.bass,Bass,Bass,Bass,,Bass,Окунь,Okounek pstruhový,Barsch,,Perca,Levrek,Perca,鲈鱼,Bas,,Окунь,Bass,,ssɐᗺ,Barsch,,,
item.kleispack.fish.black_seabass,Black Seabass,Black Seabass,Black Seabass,,Black Seabass,Чёрный морской окунь,Kanic žíhaný,Schwarzer Sägebarsch,,Lubina negra,Siyah Deniz Levreği,Lubina negra,黑海鲈,Sort Havaborre,,Чорний морський окунь,Black Seabass,,ssɐqɐǝS ʞɔɐꞁᗺ,Schwarze Sägebarsch,,,
item.kleispack.fish.bluegill,Bluegill,Bluegill,Bluegill,,Bluegill,Синежаберный солнечник,Slunečnice velkoploutvá,Blauer Sonnenbarsch,,Pez sol,Güneş Balığı,Pez sol,蓝鳃太阳鱼,,,Сонячний окунь,Bluegill,,ꞁꞁᴉᵷǝnꞁᗺ,Blaue Sunnebarsch,,,
item.kleispack.fish.bujurqui,Bujurqui,Bujurqui,Bujurqui,,Bujurqui,Бужуркина,Akara,Bujurquina,,Bujurquina,Bujurqui,Bujurquina,布胡尔基鱼,,,Бужуркі,Bujurqui,,ᴉnbɹnՐnᗺ,Bujurquina,,,
item.kleispack.fish.carp,Carp,Carp,Carp,,Carp,Карп,Kapr,Karpfen,,Carpa,Sazan,Carpa,鲤鱼,,,Короп,Carp,,dɹɐƆ,Karpfe,,,
item.kleispack.fish.catfish,Catfish,Catfish,Catfish,,Catfish,Сом,Sumec,Wels,,Bagre,Yayın,Bagre,鲶鱼,Havkat,,Сом,Catfish,,ɥsᴉɟʇɐƆ,Wels,,,
item.kleispack.fish.crappie,Crappie,Crappie,Crappie,,Crappie,Краппи,Okounek,Crappie,,Mojarra americana,Crappie,Mojarra americana,莓鲈,,,Крапі,Crappie,,ǝᴉddɐɹƆ,Crappie,,,
item.kleispack.fish.european_eel,European Eel,European Eel,European Eel,,European Eel,Речной угорь,Úhoř říční,Europäischer Aal,,Anguila europea,Avrupa Yılan Balığı,Anguila europea,欧洲鳗鲡,,,Європейський вугорь,European Eel,,ꞁǝƎ uɐǝdoɹnƎ,Europäische Aal,,,
item.kleispack.fish.flounder,Flounder,Flounder,Flounder,,Flounder,Камбал,Platýs,Flunder,,Lenguado,Pisi Balığı,Lenguado,比目鱼,Skrubbe,,Камбала,Flounder,,ɹǝpunoꞁℲ,Flunder,,,
item.kleispack.fish.flying_fish,Flying Fish,Flying Fish,Flying Fish,,Flying Fish,Летучая рыба,Létající ryba,Fliegender Fisch,,Pez volador,Uçan Balık,Pez volador,飞鱼,Flyvefisk,,Летюча риба,Flying Fish,,ɥsᴉℲ ᵷuᴉʎꞁℲ,Fliegender Fisch,,,
item.kleispack.fish.freshwater_pufferfish,Freshwater Puffer,Freshwater Puffer,Freshwater Puffer,,Freshwater Puffer,Фахака,Sladkovodní čtverzubec,Süsswasserkugelfisch,,Pez globo de agua dulce,Tatlı Su Balon Balığı,Pez globo de agua dulce,淡水河豚,,,Прісноводна риба-скелезуб,Freshwater Blowfish,,ɹǝɟɟnԀ ɹǝʇɐʍɥsǝɹℲ,Süesswasserkugelfisch,,,
item.kleispack.fish.cooked_pufferfish,Cooked Pufferfish,Cooked Pufferfish,Cooked Pufferfish,,Cooked Pufferfish,Жареный иглобрюх,Vařený čtverzubec,Gekochter Kugelfisch,,Pez globo asado,Pişmiş Balon Balığı,Pez globo cocinado,熟河豚,,,Приготована риба-скелезуб,Cooked Blowfish,,ɥsᴉɟɹǝɟɟnԀ pǝʞooƆ,Gekochte Kugelfisch,,,
item.kleispack.fish.gar,Gar,Gar,Gar,,Gar,Панцирник,Kostlín,Knochenhecht,,Pejelagarto,Zargana,Pejelagarto,雀鳝,,,Панцирник,Gar,,ɹɐ⅁,Knochehecht,,,
item.kleispack.fish.guppy,Guppy,Guppy,Guppy,,Guppy,Гуппи,Paví oko,Guppy,,Guppy,Lepistes,Guppy,孔雀鱼,,,Гупі,Guppy,,ʎddn⅁,Guppy,,,
item.kleispack.fish.gurnard,Gurnard,Gurnard,Gurnard,,Gurnard,Тригла,Štítník,Knurrhahn,,Rubio,Kırlangıç,Rubio,鲂鮄,,,Морський півень,Gurnard,,pɹɐuɹn⅁,Knurrhahn,,,
item.kleispack.fish.herring,Herring,Herring,Herring,,Herring,Сельдь,Sleď,Hering,,Arenque,Ringa,Arenque,鲱鱼,,,Оселедець,Herring,,ᵷuᴉɹɹǝH,Hering,,,
item.kleispack.fish.humpback_whitefish,Humpback Whitefish,Humpback Whitefish,Humpback Whitefish,,Humpback Whitefish,Пыжьян,Síh arktický,Kleine Bodenrenke,,Corégono jorobado,Horgaçlı Akgöz,Coregono jorobado,驼背白鲑,,,Сиг-горбач,Humpback Whitefish,,ɥsᴉɟǝʇᴉɥM ʞɔɐqdɯnH,Klini Boderänke,,,
item.kleispack.fish.lamprey,Lamprey,Lamprey,Lamprey,,Lamprey,Миногообразный,Mihule,Neunauge,,Lamprea,Taşemen,Lamprea,七鳃鳗,,,Мінога,Lamprey,,ʎǝɹdɯɐꞀ,Nüünaug,,,
item.kleispack.fish.mahi_mahi,Mahi mahi,Mahi mahi,Mahi mahi,,Mahi mahi,Большая корифена,Doráda,Gemeine Goldmakrele,,Mahi mahi,Mahi mahi,Mahi mahi,鲯鳅,,,Махі-махі,Mahi mahi,,ᴉɥɐɯ ᴉɥɐW,Gemeini Goldmakrele,,,
item.kleispack.fish.mediterranean_killifish,Mediterranean Killifish,Mediterranean Killifish,Mediterranean Killifish,,Mediterranean Killifish,Полосатый афаниус,Halančík,Zebrakärpfling,,Killi mediterraneo,Dişli Sazancık,Killi mediterráneo,地中海鳉,,,Середземноморський афаніус,Mediterranean Killifish,,ɥsᴉɟᴉꞁꞁᴉꞰ uɐǝuɐɹɹǝʇᴉpǝW,Zebrakärpfling,,,
item.kleispack.fish.monkfish,Monkfish,Monkfish,Monkfish,,Monkfish,Удильщик,Ďas mořský,Seeteufel,,Rape,Fener Balığı,Rape,鮟鱇鱼,,,Морський чорт,Monkfish,,ɥsᴉɟʞuoW,Seetüüfel,Ugly Fish,,
item.kleispack.fish.muskellunge,Muskellunge,Muskellunge,Muskellunge,,Muskellunge,Щука-маскинонг,Štika muskalunga,Muskellunge,,Lucio almizclero,Muskellunge,Lucio almizclero,北美狗鱼,,,Маскінонг,Muskellunge,,ǝᵷunꞁꞁǝʞsnW,Muskellunge,BIG BITEY FISH,,
item.kleispack.fish.northern_pike,Northern Pike,Northern Pike,Northern Pike,,Northern Pike,Щука,Štika obecná,Hecht,,Lucio del norte,Kuzey Turna Balığı,Lucio del norte,白斑狗鱼,,,Щука,Northern Pike,,ǝʞᴉԀ uɹǝɥʇɹoN,Hecht,,,
item.kleispack.fish.oarfish,Oarfish,Oarfish,Oarfish,,Oarfish,Сельдяной король,Hlístoun,Riemenfisch,,Pez remo,Kürek Balığı,Pez remo,皇带鱼,,,Оселедцевий король,Oarfish,,ɥsᴉɟɹɐO,Riemefisch,LONG LONG FISH,,
item.kleispack.fish.opah,Opah,Opah,Opah,,Opah,Опах,Leskyně,Gotteslachs,,Pez luna,Opah,Pez luna,月鱼,,,Опах,Opah,,ɥɐdO,Gotteslachs,,,
item.kleispack.fish.painted_moray,Painted Moray,Painted Moray,Painted Moray,,Painted Moray,Расписная мурена,Muréna,Tüpfelmuräne,,Morena pintada,Boyalı Müren,Morena pintada,彩绘海鳝,,,Мурена сітчаста,Painted Moray,,ʎɐɹoW pǝʇuᴉɐԀ,Düpfelmuräne,Painted Danger Noodle,,
item.kleispack.fish.piranha,Piranha,Piranha,Piranha,,Piranha,Пиранья,Piraňa,Piranha,,Piraña,Pirana,Piraña,食人鱼,,Pirania,Піранья,Piranha,,ɐɥuɐɹᴉԀ,Piranha,BITEY FISH,,
item.kleispack.fish.rainbow_wrasse,Rainbow Wrasse,Rainbow Wrasse,Rainbow Wrasse,,Rainbow Wrasse,Морской юнкер,Kněžík duhový,Meerjunker,,Doncella,Gelin Balığı,Doncella,彩虹隆头鱼,,,Райдужна зеленушка,Rainbow Wrasse,,ǝssɐɹM ʍoquᴉɐᴚ,Meerjunker,RAINBOW FISH,,
item.kleispack.fish.shad,Shad,Shad,Shad,,Shad,Шэд,Placka pomořanská,Maifisch,,Sábalo,Tirsi,Sábalo,鲥鱼,,,Пузанок,Shad,,pɐɥS,Maifisch,,,
item.kleispack.fish.siberian_sturgeon,Siberian Sturgeon,Siberian Sturgeon,Siberian Sturgeon,,Siberian Sturgeon,Сибирский осётр,Jeseter Sibiřský,Sibirischer Stör,,Esturión siberiano,Sibirya Mersin Balığı,Esturión siberiano,西伯利亚鲟,,,Сибірський осетр,Siberian Sturgeon,,uoǝᵷɹnʇS uɐᴉɹǝqᴉS,Sibirische Stör,COLD BIG FISH,,
item.kleispack.fish.skate,Skate,Skate,Skate,,Skate,Скат,Rejnok,Rochen,,Raya,Vatoz,Raya,鳐鱼,,,Скат,Skate,,ǝʇɐʞS,Roche,Flat Sea Boi,,
item.kleispack.fish.spoonhead_sculpin,Spoonhead Sculpin,Spoonhead Sculpin,Spoonhead Sculpin,,Spoonhead Sculpin,Бычок,Vranka,Reis-Groppe,,Coto de cabeza plana,Kaşıkbaş Kaya Balığı,Coto de cabeza plana,匙首杜父鱼,,,Ложкоголовий бабець,Spoonhead Sculpin,,uᴉdꞁnɔS pɐǝɥuoodS,Reis-Groppe,,,
item.kleispack.fish.striped_perch,Striped Perch,Striped Perch,Striped Perch,,Striped Perch,Полосатый окунь,Okoun Žlutý,Gelbbarsch,,Perca rayada,Çizgili Levrek,Perca rayada,条纹鲈,,,Смугастий окунь,Striped Perch,,ɥɔɹǝԀ pǝdᴉɹʇS,Gälbbarsch,,,
item.kleispack.fish.sturgeon,Sturgeon,Sturgeon,Sturgeon,,Sturgeon,Осётр,Jeseter,Stör,,Esturión,Mersin Balığı,Esturión,鲟鱼,,,Осетер,Sturgeon,,uoǝᵷɹnʇS,Stör,BIG FISH,,
item.kleispack.fish.tunisian_barb,Tunisian Barb,Tunisian Barb,Tunisian Barb,,Tunisian Barb,Тунисский барбус,Parma Tuniská,Tunesische Barbe,,Barbo tunecino,Tunus Barbı,Barbo tunecino,突尼斯鲃,,,Туніський вусач,Tunisian Barb,,qɹɐᗺ uɐᴉsᴉun⟘,Tunesischi Barbe,,,
item.kleispack.fish.walleye,Walleye,Walleye,Walleye,,Walleye,Светлопёрый судак,Candát,Glassaugenbarsch,,Lucioperca,Sudak,Lucioperca,大眼梭鲈,,,Світлоперий судак,Walleye,,ǝʎǝꞁꞁɐM,Glassaugebarsch,Fish With 👁️,,
item.kleispack.fish.wolffish,Wolffish,Wolffish,Wolffish,,Wolffish,Зубатка,Vlkouš obecný,Seewolf,,Pez lobo,Kurt Balığı,Pez lobo,狼鱼,,,Зубатка,Wolffish,,ɥsᴉɟɟꞁoM,Seewolf,WOLF FISH,,
item.kleispack.fish.swordfish,Blue Marlin,Blue Marlin,Blue Marlin,,Blue Marlin,Голубой марлин,Marlin Modrý,Blauer Marlin,,Marlín azul,Mavi Marlin,Marlín azul,蓝枪鱼,,,Синій марлін,Blue Marlin,,uᴉꞁɹɐW ǝnꞁᗺ,Blaue Marlin,BLU BIG FISH,,
item.kleispack.fish.pale_fish,Creaking Fish,Creaking Fish,Creaking Fish,,Creaking Fish,Скрипучая рыба,Skřiba,Knurrender Gurami,,Pez crepitante,Gıcırdayan Balık,Pez crepitante,嘎枝鱼,,,Риба-скрипень,Creaking Fish,,ɥsᴉℲ ᵷuᴉʞɐǝɹƆ,Knurrende Gurami,Creaky Fish,,
item.kleispack.fish.echo_fish,Echo Eel,Echo Eel,Echo Eel,,Echo Eel,Эхо-угорь,Ozvěnice,Echo-Aal,,Anguila eco,Yankılayan Yılan Balığı,Anguila eco,回声鳗,,,Ехо-вугор,Echo Eel,,ꞁǝƎ oɥɔƎ,Echo-Aal,Echo Noodle,,
enchantment.kleispack.anemos,Anemos,Anemos,Anemos,,Anemos,Анемос,Anemos,Anemos,,Ánemos,Anemos,Ánemos,风刃,,,Анемос,Anemos,,soɯǝuⱯ,Anemos,Wind Go Brrrr,,
enchantment.kleispack.bloodrage,Bloodrage,Bloodrage,Bloodrage,,Bloodrage,Ярость,Krvelačnost,Blutwallung,,Furia sangrienta,Kan Öfkesi,Furia sangrienta,血怒,Blodrus,,Кривава лють,Bloodrage,,ǝᵷɐɹpooꞁᗺ,Bluetwallige,,,
enchantment.kleispack.cleanses_head,\uE007 Cleanses: Blindness Darkness,"\uE007 Cleanses: Blindness, Darkness","\uE007 Cleanses: Blindness, Darkness",,"\uE007 Cleanses: Blindness, Darkness","\uE007 Очищает: Слепоту, Тьму",,"\uE007 Reinigt: Blindheit, Dunkelheit",,"\uE007 Purifica: Ceguera, Oscuridad",\uE007 Arındırır: Körlük Karanlık,"\uE007 Purifica: Ceguera, Oscuridad",\uE007 净化：失明、黑暗,,,"\uE007 Очищає: Сліпота, Темрява","\uE007 Purges: Blindness, Blackness",\uE007 Purifica: Cecità Oscurità,ssǝuʞɹɐᗡ ssǝupuᴉꞁᗺ :sǝsuɐǝꞁƆ \uE007,"\uE007 Reinigt: Blindheit, Dunkelheit",\uE007 Cleanse: No-See + Dark,,"\uE007 Cleanses: Blindness, Darkness"
enchantment.kleispack.cleanses_chest,\uE007 Cleanses: Poison Wither,"\uE007 Cleanses: Poison, Wither","\uE007 Cleanses: Poison, Wither",,"\uE007 Cleanses: Poison, Wither","\uE007 Очищает: Отравление, Иссушение",,"\uE007 Reinigt: Gift, Verdorrung",,"\uE007 Purifica: Veneno, Wither",\uE007 Arındırır: Zehir Wither,"\uE007 Purifica: Veneno, Descomposición",\uE007 净化：中毒、凋零,,,"\uE007 Очищає: Отруєння, Висушування","\uE007 Purges: Toxin, Wither",\uE007 Purifica: Veleno di Wither,ɹǝɥʇᴉM uosᴉoԀ :sǝsuɐǝꞁƆ \uE007,"\uE007 Reinigt: Gift, Verdörrig",\uE007 Cleanse: Ouch + Wither,,"\uE007 Cleanses: Atter, Wither"
enchantment.kleispack.cleanses_legs,\uE007 Cleanses: Levitation,\uE007 Cleanses: Levitation,\uE007 Cleanses: Levitation,,\uE007 Cleanses: Levitation,\uE007 Очищает: Левитацию,,\uE007 Reinigt: Schwebekraft,,\uE007 Purifica: Levitación,\uE007 Arındırır: Havaya Yükselme,\uE007 Purifica: Levitación,\uE007 净化：缓慢,,,\uE007 Очищає: Левітація,\uE007 Purges: Flyin',\uE007 Purifica: Levitazione,uoᴉʇɐʇᴉʌǝꞀ :sǝsuɐǝꞁƆ \uE007,\uE007 Reinigt: Schwebekraft,\uE007 Cleanse: Fly Away,,\uE007 Cleanses: Hovering
enchantment.kleispack.cleanses_feet,\uE007 Cleanses: Slowness,\uE007 Cleanses: Slowness,\uE007 Cleanses: Slowness,,\uE007 Cleanses: Slowness,\uE007 Очищает: Замедление,,\uE007 Reinigt: Langsamkeit,,\uE007 Purifica: Lentitud,\uE007 Arındırır: Yavaşlık,\uE007 Purifica: Lentitud,\uE007 净化：飘浮,,,\uE007 Очищає: Повільність,\uE007 Purges: Sloth,\uE007 Purifica: Lentezza,ssǝuʍoꞁS :sǝsuɐǝꞁƆ \uE007,\uE007 Reinigt: Langsamkeit,\uE007 Cleanse: Slow Poke,,\uE007 Cleanses: Slowness
desc.kleispack.cleanses_maleffect,\uE007 Cleanse Maleffect,\uE007 Cleanse Maleffect,\uE007 Cleanse Maleffect,,\uE007 Cleanse Maleffect,\uE007 Очищает негативные эффекты,,\uE007 Reinigt negative Effekte,,\uE007 Purificación de efectos negativos,\uE007 Kötücül Etki Arındırma,\uE007 Purificación de efectos negativos,\uE007 净化负面效果,,,\uE007 Очищення негативних ефектів,\uE007 Purge yer illnesses,\uE007 Purifica Maleficenze,ʇɔǝɟɟǝꞁɐW ǝsuɐǝꞁƆ \uE007,\uE007 Reinigt negativi Effekt,\uE007 Cleanse Bad Stuff,,\uE007 Cleanse Illness
desc.kleispack.cleanse,\uE007 Cleanse,\uE007 Cleanse,\uE007 Cleanse,,\uE007 Cleanse,\uE007 Очищение,,\uE007 Reinigung,,\uE007 Purificación,\uE007 Arındır,\uE007 Purificación,\uE007 净化,,,\uE007 Очищення,\uE007 Dispel,\uE007 Purificazione,ǝsuɐǝꞁƆ \uE007,\uE007 Reinigung,\uE007 Baff time? Eeek,,\uE007 Cleanse
enchantment.kleispack.magic_protection,🛡\uE007 8,🛡\uE007 8,🛡\uE007 8,,🛡\uE007 8,🛡\uE007 8,🛡\uE007 8,🛡\uE007 8,,🛡\uE007 8,🛡\uE007 8,🛡\uE007 8,🛡\uE007 8,,,🛡\uE007 8,🛡\uE007 8,🛡\uE007 8,8 \uE007🛡,🛡\uE007 8,🛡\uE007 8,,🛡\uE007 8
enchantment.kleispack.max_magic_protection,🛡\uE007 20,🛡\uE007 20,🛡\uE007 20,,🛡\uE007 20,🛡\uE007 20,🛡\uE007 20,🛡\uE007 20,,🛡\uE007 20,🛡\uE007 20,🛡\uE007 20,🛡\uE007 20,,,🛡\uE007 20,🛡\uE007 20,🛡\uE007 20,0ᘔ \uE007🛡,🛡\uE007 20,🛡\uE007 20,,🛡\uE007 20
enchantment.kleispack.conduit_power,\uE001 ∞,\uE001 ∞,\uE001 ∞,,\uE001 ∞,\uE001 ∞,\uE001 ∞,\uE001 ∞,,\uE001 ∞,\uE001 ∞,\uE001 ∞,\uE001 ∞,,,\uE001 ∞,\uE001 ∞,\uE001 ∞,∞ \uE001,\uE001 ∞,\uE001 ∞,,\uE001 ∞
enchantment.kleispack.divinity,❤❤ \uE004 (00:30),❤❤ \uE004 (00:30),❤❤ \uE004 (00:30),,❤❤ \uE004 (00:30),❤❤ \uE004 (00:30),❤❤ \uE004 (00:30),❤❤ \uE004 (00:30),,❤❤ \uE004 (00:30),❤❤ \uE004 (00:30),❤❤ \uE004 (00:30),❤❤ \uE004 (00:30),,,❤❤ \uE004 (00:30),❤❤ \uE004 (00:30),❤❤ \uE004 (00:30),(0Ɛ:00) \uE004 ❤❤,❤❤ \uE004 (00:30),❤❤ \uE004 (00:30),,❤❤ \uE004 (00:30)
enchantment.kleispack.divinity.set_bonus,  \uE004 (00:30) → \uE004 (00:20),  \uE004 (00:30) → \uE004 (00:20),  \uE004 (00:30) → \uE004 (00:20),,  \uE004 (00:30) → \uE004 (00:20),  \uE004 (00:30) → \uE004 (00:20),  \uE004 (00:30) → \uE004 (00:20),  \uE004 (00:30) → \uE004 (00:20),,  \uE004 (00:30) → \uE004 (00:20),  \uE004 (00:30) → \uE004 (00:20),  \uE004 (00:30) → \uE004 (00:20),\uE004 (00:30) → \uE004 (00:20),,,  \uE004 (00:30) → \uE004 (00:20),  \uE004 (00:30) → \uE004 (00:20),  \uE004 (00:30) → \uE004 (00:20),(0ᘔ:00) \uE004 ← (0Ɛ:00) \uE004,  \uE004 (00:30) → \uE004 (00:20),  \uE004 (00:30) → \uE004 (00:20),,  \uE004 (00:30) → \uE004 (00:20)
enchantment.kleispack.fire_proof,🔥🛡 ∞,🔥🛡 ∞,🔥🛡 ∞,,🔥🛡 ∞,🔥🛡 ∞,🔥🛡 ∞,🔥🛡 ∞,,🔥🛡 ∞,🔥🛡 ∞,🔥🛡 ∞,🔥🛡 ∞,,,🔥🛡 ∞,🔥🛡 ∞,🔥🛡 ∞,∞ 🛡🔥,🔥🛡 ∞,🔥🛡 ∞,,🔥🛡 ∞
enchantment.kleispack.freezing_protection,Frost Protection,Frost Protection,Frost Protection,,Frost Protection,Защита от мороза,Ochrana před zamrznutím,Frostschutz,,Protección contra el frío,Buz Koruması,Protección contra el frío,冰霜防护,Frost Beskyttelse,,Захист від холоду,Blockade o' frost,Protezione dal Gelo,uoᴉʇɔǝʇoɹԀ ʇsoɹℲ,Frostschutz,Ice Shield,,Frost Shielding
enchantment.kleispack.haste,⛏ ∞,⛏ ∞,⛏ ∞,,⛏ ∞,⛏ ∞,⛏ ∞,⛏ ∞,,⛏ ∞,⛏ ∞,⛏ ∞,⛏ ∞,,,⛏ ∞,⛏ ∞,⛏ ∞,∞ ⛏,⛏ ∞,⛏ ∞,,⛏ ∞
enchantment.kleispack.reach,Reach,Reach,Reach,,Reach,Дальность,Dosah,Reichweite,,Alcance,Reach,Alcance,延伸,,,Досяжність,Reach,Portata,ɥɔɐǝᴚ,Riechwiti,Long Arms,,
enchantment.kleispack.regeneration,❤ ∞,❤ ∞,❤ ∞,,❤ ∞,❤ ∞,❤ ∞,❤ ∞,,❤ ∞,❤ ∞,❤ ∞,❤ ∞,,,❤ ∞,❤ ∞,❤ ∞,∞ ❤,❤ ∞,❤ ∞,,
enchantment.kleispack.riposte,Riposte,Riposte,Riposte,,Riposte,Ответный удар,Odveta,Konter,,Contraataque,Riposte,Finta,还击,,,Котнратака,Riposte,Risposta,ǝʇsodᴉᴚ,Konter,Block & Hit,,
enchantment.kleispack.sanguine,❤🗡,❤🗡,❤🗡,,❤🗡,❤🗡,❤🗡,❤🗡,,❤🗡,❤🗡,❤🗡,❤🗡,,,❤🗡,❤🗡,❤🗡,🗡❤,❤🗡,❤🗡,,
enchantment.kleispack.slaughter,Slaughter,Slaughter,Slaughter,,Slaughter,Убой,Masakr,Abschlachtung,,Matanza,Katliam,Matanza,屠宰,Slagtning,,Різанина,Slaughter,Massacro,ɹǝʇɥᵷnɐꞁS,Abschlachtig,Big Kill,,
enchantment.kleispack.traversal,Trailblaze,Trailblaze,Trailblaze,,Trailblaze,Первопроходец,Průkopnictví,Wegbereiter,,Recorre-senderos,Öncü,Movilidad,开路,,,Першопрохідник,Trailblaze,,ǝzɐꞁqꞁᴉɐɹ⟘,Wägbereiter,Zoom Zoom,,
enchantment.kleispack.warding_armour,\uE003 +1,\uE003 +1,\uE003 +1,,\uE003 +1,\uE003 +1,\uE003 +1,\uE003 +1,,\uE003 +1,\uE003 +1,\uE003 +1,\uE003 +1,,,\uE003 +1,\uE003 +1,\uE003 +1,⥝+ \uE003,\uE003 +1,\uE003 +1,,
enchantment.kleispack.warding0,\uE002 1,\uE002 1,\uE002 1,,\uE002 1,\uE002 1,\uE002 1,\uE002 1,,\uE002 1,\uE002 1,\uE002 1,\uE002 1,,,\uE002 1,\uE002 1,\uE002 1,⥝ \uE002,\uE002 1,\uE002 1,,
enchantment.kleispack.warding1,\uE002 2,\uE002 2,\uE002 2,,\uE002 2,\uE002 2,\uE002 2,\uE002 2,,\uE002 2,\uE002 2,\uE002 2,\uE002 2,,,\uE002 2,\uE002 2,\uE002 2,ᘔ \uE002,\uE002 2,\uE002 2,,
enchantment.kleispack.warding2,\uE002 3,\uE002 3,\uE002 3,,\uE002 3,\uE002 3,\uE002 3,\uE002 3,,\uE002 3,\uE002 3,\uE002 3,\uE002 3,,,\uE002 3,\uE002 3,\uE002 3,Ɛ \uE002,\uE002 3,\uE002 3,,
enchantment.kleispack.warding3,\uE002 4,\uE002 4,\uE002 4,,\uE002 4,\uE002 4,\uE002 4,\uE002 4,,\uE002 4,\uE002 4,\uE002 4,\uE002 4,,,\uE002 4,\uE002 4,\uE002 4,߈ \uE002,\uE002 4,\uE002 4,,
enchantment.kleispack.warding3.set_bonus_apotropaic,  \uE005 Max,  \uE005 Max,  \uE005 Max,,  \uE005 Max,  \uE005 Max,  \uE005 Max,  \uE005 Max,,  \uE005 Max,  \uE005 Max,  \uE005 Max,\uE005 最大,,,  \uE005 Max,  \uE005 Max,  \uE005 Max,  xɐW \uE005,  \uE005 Max,  \uE005 Max,,
enchantment.kleispack.warding3.set_bonus_divinity,  ❤❤❤❤ \uE004 (00:30),  ❤❤❤❤ \uE004 (00:30),  ❤❤❤❤ \uE004 (00:30),,  ❤❤❤❤ \uE004 (00:30),  ❤❤❤❤ \uE004 (00:30),  ❤❤❤❤ \uE004 (00:30),  ❤❤❤❤ \uE004 (00:30),,  ❤❤❤❤ \uE004 (00:30),  ❤❤❤❤ \uE004 (00:30),  ❤❤❤❤ \uE004 (00:30),  ❤❤❤❤ \uE004 (00:30),,,  ❤❤❤❤ \uE004 (00:30),  ❤❤❤❤ \uE004 (00:30),  ❤❤❤❤ \uE004 (00:30),  (0Ɛ:00) \uE004 ❤❤❤❤,  ❤❤❤❤ \uE004 (00:30),  ❤❤❤❤ \uE004 (00:30),,
enchantment.kleispack.shakudo_regen,❣ \uE004 (00:30),❣ \uE004 (00:30),❣ \uE004 (00:30),,❣ \uE004 (00:30),❣ \uE004 (00:30),❣ \uE004 (00:30),❣ \uE004 (00:30),,❣ \uE004 (00:30),❣ \uE004 (00:30),❣ \uE004 (00:30),❣ \uE004 (00:30),,,❣ \uE004 (00:30),❣ \uE004 (00:30),❣ \uE004 (00:30),(0Ɛ:00) \uE004 ❣,❣ \uE004 (00:30),❣ \uE004 (00:30),,
enchantment.kleispack.shakudo_regen_bonus,  ❣ \uE004 (00:04),  ❣ \uE004 (00:04),  ❣ \uE004 (00:04),,  ❣ \uE004 (00:04),  ❣ \uE004 (00:04),  ❣ \uE004 (00:04),  ❣ \uE004 (00:04),,  ❣ \uE004 (00:04),  ❣ \uE004 (00:04),  ❣ \uE004 -(00:04),  ❣ \uE004 (00:04),,,  ❣ \uE004 (00:04),  ❣ \uE004 (00:04),  ❣ \uE004 (00:04),  (߈0:00) \uE004 ❣,  ❣ \uE004 (00:04),  ❣ \uE004 (00:04),,
enchantment.kleispack.shakudo_elytra_regen_bonus,  ❤ \uE004 (00:10),  ❤ \uE004 (00:10),  ❤ \uE004 (00:10),,  ❤ \uE004 (00:10),  ❤ \uE004 (00:10),  ❤ \uE004 (00:10),  ❤ \uE004 (00:10),,  ❤ \uE004 (00:10),  ❤ \uE004 (00:10),  ❤ \uE004 -(00:10),  ❤ \uE004 (00:10),,,  ❤ \uE004 (00:10),  ❤ \uE004 (00:10),  ❤ \uE004 (00:10),  (0⥝:00) \uE004 ❤,  ❤ \uE004 (00:10),  ❤ \uE004 (00:10),,
enchantment.kleispack.zephyr,Zephyr,Zephyr,Zephyr,,Zephyr,Дуновение,Vánek,Zephyr,,Céfiro,Esinti,Céfiro,扶摇,,,Вітерець,Zephyr,Zefiro,ɹʎɥdǝZ,Zephyr,Ickle Wind,,
item.kleispack.blessing,Blessing,Blessing,Blessing,,Blessing,Благословение,Požehnání,Segen,,Bendición,Nimet,Bendición,祝福,Velsignelse,,Благословення,Blessin',Benedizione,ᵷuᴉssǝꞁᗺ,Segen,God Buff,,
item.kleispack.blessing.demeter,Prayer of Demeter,Prayer of Demeter,Prayer of Demeter,,Prayer of Demeter,Молитва Деметры,Modlitba k Demeter,Demeters Gebet,,Plegaria de Deméter,Demeter'in Duası,Plegaria de Deméter,德墨忒尔祷文,,Modlitwa Demeter,Молитва Деметра,Pray'r o' Demeter,Preghiera a Demetra,ɹǝʇǝɯǝᗡ ɟo ɹǝʎɐɹԀ,Demeters Gebet,PLS GIVE FARM FOOD,,
item.kleispack.blessing.yama,Prayer of Yama,Prayer of Yama,Prayer of Yama,,Prayer of Yama,Молитва Ямы,Modlitba k Yamovi,Yamas Gebet,,Plegaria de Yama,Yama'nın Duası,Plegaria de Yama,阎摩祷文,,Modlitwa Yamy,Молитва Ями,Pray'r o' Yama,Preghiera a Yama,ɐɯɐ⅄ ɟo ɹǝʎɐɹԀ,Yamas Gebet,PLS DO SPOOKY,,
item.kleispack.blessing.icarus,Elegy of Icarus,Elegy of Icarus,Elegy of Icarus,,Elegy of Icarus,Элегия Икара,Ikarova elegie,Klagelied von Icarus,,Elegía de Ícaro,İkaros'un Ağıtı,Elegía de Ícaro,伊卡洛斯挽歌,,Elegia Ikara,Елегія Ікара,Elegy o' Icarus,Elegia di Icaro,snɹɐɔI ɟo ʎᵷǝꞁƎ,Klagelied vo Icarus,ICARUS SAD SONG,,
item.kleispack.blessing.daedalus,Prayer of Daedalus,Prayer of Daedalus,Prayer of Daedalus,,Prayer of Daedalus,Молитва Дедала,Modlitba k Daidalovi,Daedalus' Gebet,,Plegaria de Dédalo,Daidalos'un Duası,Plegaria de Dédalo,代达罗斯祷文,,Modlitwa Dedala,Молитва Дедала,Pray'r o' Daedalus,Preghiera a Dedalo,snꞁɐpǝɐᗡ ɟo ɹǝʎɐɹԀ,Daedalus' Gebet,DAEDALUS PLS,,
item.kleispack.blessing.yamm,Prayer of Yamm,Prayer of Yamm,Prayer of Yamm,,Prayer of Yamm,Молитва Ямма,Modlitba k Yammovi,Yamms Gebet,,Plegaria de Yamm,Yam'ın Duası,Plegaria de Yamm,雅姆祷文,,Modlitwa Yamm,Молитва Ямми,Pray'r o' Yamm,Preghiera a Yamm,ɯɯɐ⅄ ɟo ɹǝʎɐɹԀ,Yamms Gebet,SEA GOD PLS,,
item.kleispack.blessing.talos,Prayer of Talos,Prayer of Talos,Prayer of Talos,,Prayer of Talos,Молитва Талоса,Modlitba k Talovi,Talos' Gebet,,Plegaria de Talos,Talos'un Duası,Plegaria de Talos,塔罗斯祷文,,Modlitwa Talosa,Молитва Талоса,Pray'r o' Talos,Preghiera a Talo,soꞁɐ⟘ ɟo ɹǝʎɐɹԀ,Talos' Gebet,BIG STATUE PLS,,
item.kleispack.blessing.god_king,Prayer of The Light,Prayer of The Light,Prayer of The Light,,Prayer of The Light,Молитва Света,Modlitba Světla,Gebet des Lichts,,Plegaria de la Luz,Işığın Duası,Plegaria de la Luz,光明祷文,,Modlitwa Światła,Молитва Світла,Pray'r o' The Light,Preghiera alla Luce,ʇɥᵷᴉꞀ ǝɥ⟘ ɟo ɹǝʎɐɹԀ,Gebet vom Liecht,LIGHT PLS,,
item.kleispack.blessing.arachnae,Elegy of Arachnae,Elegy of Arachnae,Elegy of Arachnae,,Elegy of Arachnae,Элегия Арахны,Elegie Arachné,Klagelied der Arachnae,,Elegía de Aracne,Arakhne'nin Ağıtı,Elegía de Aracne,阿拉克涅挽歌,,Elegia Arachny,Елегія Арахни,Elegy o' Arachnae,Elegia di Aracne,ǝɐuɥɔɐɹⱯ ɟo ʎᵷǝꞁƎ,Klagelied vo de Arachnae,SPIDER SAD SONG,,
item.kleispack.blessing.hyacinthus,Elegy of Hyacinthus,Elegy of Hyacinthus,Elegy of Hyacinthus,,Elegy of Hyacinthus,Элегия Гиацинта,Hyakinthova elegie,Klagelied des Hyakinthos,,Elegía de Jacinto,Hyakinthos'un Ağıtı,Elegía de Jacinto,雅辛托斯挽歌,,Elegia Hiacynta,Елегія Гіацинта,Elegy o' Hyacinthus,Elegia di Giacinto,snɥʇuᴉɔɐʎH ɟo ʎᵷǝꞁƎ,Klagelied vom Hyakinthos,FLOWER SAD SONG,,
item.kleispack.blessing.aeolus,Prayer of Aeolus,Prayer of Aeolus,Prayer of Aeolus,,Prayer of Aeolus,Молитва Эола,Modlitba k Aiolovi,Aeolus' Gebet,,Plegaria de Eolo,Aiolos'un Duası,Plegaria de Eolo,埃俄罗斯祷文,,Modlitwa Eola,Молитва Еола,Pray'r o' Aeolus,Preghiera a Eolo,snꞁoǝⱯ ɟo ɹǝʎɐɹԀ,Aeolus' Gebet,WIND PLS,,
item.kleispack.blessing.man,Prayer of Man,Prayer of Man,Prayer of Man,,Prayer of Man,Молитва человека,Modlitba Muže,Mannes Gebet,,Plegaria del hombre,Adem'in Duası,Plegaria del Hombre,人类祷文,,Modlitwa Człowieka,Молитва людини,Pray'r o' Man,Preghiera all'Uomo,uɐW ɟo ɹǝʎɐɹԀ,Mannes Gebet,HUMAN PLS,,
item.kleispack.blessing.prometheus,Prayer of Prometheus,Prayer of Prometheus,Prayer of Prometheus,,Prayer of Prometheus,Молитва Прометея,Modlitba k Prométheovi,Prometheus' Gebet,,Plegaria de Prometeo,Prometheus'un Duası,Plegaria de Prometeo,普罗米修斯祷文,,Modlitwa Prometeusza,Молитва Прометея,Pray'r o' Prometheus,Preghiera a Prometeo,snǝɥʇǝɯoɹԀ ɟo ɹǝʎɐɹԀ,Prometheus' Gebet,FIRE GUY PLS,,
item.kleispack.blessing.clement,Prayer of St. Clement,Prayer of St. Clement,Prayer of St. Clement,,Prayer of St. Clement,Молитва святого Климента,Modlitba k svatému Klementovi,St. Clements Gebet,,Plegaria de San Clemente,Aziz Clemens'in Duası,Plegaria de San Clemente,圣克莱门特祷文,,,Молитва Св. Климента,Pray'r o' St. Clement,Preghiera a San. Clemente,ʇuǝɯǝꞁƆ ˙ʇS ɟo ɹǝʎɐɹԀ,St. Clements Gebet,HOLY GUY PLS,,
item.kleispack.blessing.cronus,Prayer of Cronus,Prayer of Cronus,Prayer of Cronus,,Prayer of Cronus,Молитва Кроноса,Modlitba ke Kronovi,Cronus' Gebet,,Plegaria de Crono,Kronos'un Duası,Plegaria de Crono,克洛诺斯祷文,,,Молитва Кроноса,Pray'r o' Cronus,Preghiera a Crono,snuoɹƆ ɟo ɹǝʎɐɹԀ,Cronus' Gebet,TIME GUY PLS,,
item.kleispack.blessing.eros,Prayer of Eros,Prayer of Eros,Prayer of Eros,,Prayer of Eros,Молитва Эроса,Modlitba k Eróvi,Eros' Gebet,,Plegaria de Eros,Eros'un Duası,Plegaria de Eros,厄洛斯祷文,,,Молитва Ероса,Pray'r o' Eros,Preghiera a Eros,soɹƎ ɟo ɹǝʎɐɹԀ,Eros' Gebet,LOVE GUY PLS,,
item.kleispack.blessing.will,Prayer of Will,Prayer of Will,Prayer of Will,,Prayer of Will,Молитва воли,Modlitba Vůle,Gebet des Willens,,Plegaria de la voluntad,İrade'nin Duası,Plegaria de la Voluntad,意志祷文,,,Молитва волі,Pray'r o' Will,Preghiera alla Volontà,ꞁꞁᴉM ɟo ɹǝʎɐɹԀ,Gebet vom Willens,WILL PLS,,
item.kleispack.blessing.artemis,Prayer of Artemis,Prayer of Artemis,Prayer of Artemis,,Prayer of Artemis,Молитва Артемиды,Modlitba k Artemis,Artemis' Gebet,,Plegaria de Artemisa,Artemis'in Duası,Plegaria de Artemisa,阿耳忒弥斯祷文,,Modlitwa Artemidy,Молатва Артеміди,Pray'r o' Artemis,Preghiera ad Artemide,sᴉɯǝʇɹⱯ ɟo ɹǝʎɐɹԀ,Artemis' Gebet,HUNTY GOD PLS,,
item.kleispack.blessing.apollo,Prayer of Apollo,Prayer of Apollo,Prayer of Apollo,,Prayer of Apollo,Молитва Аполлона,Modlitba k Apollónovi,Apollos Gebet,,Plegaria de Apolo,Apollon'un Duası,Plegaria de Apolo,阿波罗祷文,,Modlitwa Apolla,Молитва Аполлона,Pray'r o' Apollo,Preghiera ad Apollo,oꞁꞁodⱯ ɟo ɹǝʎɐɹԀ,Apollos Gebet,SUN GUY PLS,,
item.kleispack.blessing.lu_ban,Prayer of Lu Ban,Prayer of Lu Ban,Prayer of Lu Ban,,Prayer of Lu Ban,Молитва Лу Баня,Modlitba k Lu Banovi,Lu Bans Gebet,,Plegaria de Lu Ban,Lu Ban'nın Duası,Plegaria de Lu Ban,鲁班祷文,,,Молитва Лу Баня,Pray'r o' Lu Ban,Preghiera a Lu Ban,uɐᗺ nꞀ ɟo ɹǝʎɐɹԀ,Lu Bans Gebet,BUILDY GUY PLS,,
item.kleispack.blessing.glaucus,Prayer of Glaucus,Prayer of Glaucus,Prayer of Glaucus,,Prayer of Glaucus,Молитва Главка,Modlitba ke Glaukusovi,Glaucus' Gebet,,Plegaria de Glauco,Glaukos'un Duası,Plegaria de Glauco,格劳科斯祷文,,,Молитва Главка,Pray'r o' Glaucus,Preghiera a Glauco,snɔnɐꞁ⅁ ɟo ɹǝʎɐɹԀ,Glaucus' Gebet,FISH GUY PLS,,
item.kleispack.blessing.ares,Prayer of Ares,Prayer of Ares,Prayer of Ares,,Prayer of Ares,Молитва Ареса,Modlitba k Arésovi,Ares' Gebet,,Plegaria de Ares,Ares'in Duası,Plegaria de Ares,阿瑞斯祷文,,Modlitwa Aresa,Молитва Ареса,Pray'r o' Ares,Preghiera ad Ares,sǝɹⱯ ɟo ɹǝʎɐɹԀ,Ares' Gebet,BONK GOD PLS,,
item.kleispack.blessing.paris,Prayer of Paris,Prayer of Paris,Prayer of Paris,,Prayer of Paris,Молитва Париса,Modlitba k Paridovi,Gebet von Paris,,Plegaria de Paris,Paris'in Duası,Plegaria de Paris,帕里斯祷文,,,Молитва Париса,Pray'r o' Paris,Preghiera a Paride,sᴉɹɐԀ ɟo ɹǝʎɐɹԀ,Gebet vo Paris,PARIS PLS,,
item.kleispack.ofuda,Ofuda,Ofuda,Ofuda,,Ofuda,Офуда,Ofuda,Ofuda,,Ofuda,Ofuda,Ofuda,御札,,,Офуда,Ofuda,Ofuda,ɐpnɟO,Ofuda,Spooky Paper,,
item.kleispack.blessing.muhammad,Prayer of The Prophet,Prayer of The Prophet,Prayer of The Prophet,,Prayer of The Prophet,Молитва Пророка,Modlitba Proroka,Gebet des Propheten,,Plegaria del Profeta,Peygamber'in Duası,Plegaria del Profeta,先知祷文,,,Молитва Пророка,Pray'r o' The Prophet,Preghiera al Profeta,ʇǝɥdoɹԀ ǝɥ⟘ ɟo ɹǝʎɐɹԀ,Gebet vom Prophet,PROPHET PLS,,
item.kleispack.blessing.moshe,Prayer of Exodus,Prayer of Exodus,Prayer of Exodus,,Prayer of Exodus,Молитва Исхода,Modlitba Exodu,Gebet des Exodos,,Plegaria del Éxodo,Eksodos Duası,Plegaria del Éxodo,出埃及祷文,,,Молитва Виходу,Pray'r o' Exodus,Preghiera all'Esodo,snpoxƎ ɟo ɹǝʎɐɹԀ,Gebet vom Exodos,LEAVE NOW,,
item.kleispack.blessing.ahura_mazda,Prayer of The God-King,Prayer of The God-King,Prayer of The God-King,,Prayer of The God-King,Молитва Царя-Бога,Modlitba ke Králi Bohů,Gebet des Gottkönig,,Plegaria del Dios Rey,Tanrı-Kral'ın Duası,Plegaria del Dios Rey,神王祷文,,,Молитва Бога-Царя,Pray'r o' The God-King,Preghiera al Dio-Re,ᵷuᴉꞰ-po⅁ ǝɥ⟘ ɟo ɹǝʎɐɹԀ,Gebet vom Gottkönig,BIG GOD PLS,,
item.kleispack.blessing.samyaza,Prayer of Samyaza,Prayer of Samyaza,Prayer of Samyaza,,Prayer of Samyaza,Молитва Шамхазая,Modlitba k Samyazovi,Samyazas Gebet,,Plegaria de Samyaza,Semyaza'nın Duası,Plegaria de Samyaza,沙姆哈扎祷文,,,Молитва Сам'Язи,Pray'r o' Samyaza,Preghiera al Semeyaza,ɐzɐʎɯɐS ɟo ɹǝʎɐɹԀ,Samyazas Gebet,FORBIDDEN GUY PLS,,
item.kleispack.blessing.belial,Prayer of Belial,Prayer of Belial,Prayer of Belial,,Prayer of Belial,Молитва Велиала,Modlikba k Beliášovi,Belials Gebet,,Plegaria de Belial,Belial'in Duası,Plegaria de Belial,彼列祷文,,,Молитва Беліала,Pray'r o' Belial,Preghiera a Belial,ꞁɐᴉꞁǝᗺ ɟo ɹǝʎɐɹԀ,Belials Gebet,EVIL GUY PLS,,
item.kleispack.cheerful_clay_statue,Clay Fetish,Clay Fetish,Clay Fetish,,Clay Fetish,Глиняный идол,Hliněná modla,Tonidol,,Ídolo de arcilla,Kil Put,Ídolo de arcilla,陶土灵偶,,,Глинянний ідол,Idol o' clay,Feticcio di Argilla,ɥsᴉʇǝℲ ʎɐꞁƆ,Tonmännli,Clay Lil Guy,,
item.kleispack.cheerful_clay_statue.desc,Rejoice,Rejoice,Rejoice,,Rejoice,Торжество,Jásot,Frohlocken,,Júbilo,Neşe,Alégrate,欣喜,,,Радість,Jubilation,Esultanza,ǝɔᴉoՐǝᴚ,Glücklich sieh,YIPPEE,,
item.kleispack.mournful_clay_statue,Clay Fetish,Clay Fetish,Clay Fetish,,Clay Fetish,Глиняный идол,Hliněná modla,Tonidol,,Ídolo de arcilla,Kil Put,Ídolo de arcilla,陶土灵偶,,,Глинянний ідол,Idol o' clay,Feticcio di Argilla,ɥsᴉʇǝℲ ʎɐꞁƆ,Tonmännli,Clay Lil Guy,,
item.kleispack.mournful_clay_statue.desc,Lament,Lament,Lament,,Lament,Скорбь,Nářek,Wehklagen,,Lamento,Yas,Lamenta,哀恸,,,Журба,Mullygrubs,Lamento,ʇuǝɯɐꞀ,Truurig sieh,BIG SAD,,
item.kleispack.quran,The Quran,The Quran,The Quran,,The Quran,Коран,Korán,Der Koran,,El Corán,Kur'an,El Corán,《古兰经》,Koranen,,Коран,Th' Quran,Il Corano,uɐɹnꝹ ǝɥ⟘,De Koran,Very Important Book,,
item.kleispack.quran.desc,القرآن,القرآن,القرآن,,القرآن,القرآن,القرآن,القرآن,,القرآن,القرآن,القرآن,القرآن,,,القرآن,القرآن,القرآن,القرآن,القرآن,القرآن,,
item.kleispack.tanakh,The Tanakh,The Tanakh,The Tanakh,,The Tanakh,Танах,Tanach,Der Tanach,,El Tanaj,Tanah,El Tanaj,《塔纳赫》,,,Танах,Th' Tanakh,Il Tanakh,ɥʞɐuɐ⟘ ǝɥ⟘,De Tanach,Very Old Book,,
item.kleispack.tanakh.desc,התנך,התנך,התנך,,התנך,התנך,התנך,התנך,,התנך,התנך,התנך,התנך,,,התנך,התנך,התנך,התנך,התנך,התנך,,
item.kleispack.avesta,The Avesta,The Avesta,The Avesta,,The Avesta,Авеста,Avesta,Das Avesta,,El Avesta,Avesta,El Avesta,《阿维斯塔》,,,Авеста,Th' Avesta,L'Avesta,ɐʇsǝʌⱯ ǝɥ⟘,S Avesta,Very Old Fire Book,,
item.kleispack.paradise_lost,Paradise Lost,Paradise Lost,Paradise Lost,,Paradise Lost,Потерянный рай,Ztracený Ráj,Das verlorene Paradies,,El paraíso perdido,Kayıp Cennet,El paraíso perdido,《失乐园》,,Raj Utracony,Утрачений рай,Paradise Lost,Paradiso Perduto,ʇsoꞀ ǝsᴉpɐɹɐԀ,S verlorene Paradies,Oopsie We Lost Paradise,,
item.kleispack.paradise_lost.desc,by John Milton,by John Milton,by John Milton,,by John Milton,Джон Милтон,Od Johna Miltona,von John Milton,,por John Milton,John Milton,por John Milton,约翰·弥尔顿 著,af John Milton,,Джон Мілтон,by John Milton,di John Milton,uoʇꞁᴉW uɥoՐ ʎq,vo John Milton,by da john guy,,
item.kleispack.divine_comedy,The Divine Comedy,The Divine Comedy,The Divine Comedy,,The Divine Comedy,Божественная комедия,Božská Komedie,Die göttliche Komödie,,La divina comedia,İlahi Komedya,La divina comedia,《神曲》,,Boska Komedia,Божественна комедія,Th' Comedy o' Divinity,La Divina Commedia,ʎpǝɯoƆ ǝuᴉʌᴉᗡ ǝɥ⟘,D göttlichi Komödie,Godly Funny Book,,
item.kleispack.divine_comedy.desc,by Dante Alighieri,by Dante Alighieri,by Dante Alighieri,,by Dante Alighieri,Данте Алигьери,Od Dante Alighieriho,von Dante Alighieri,,por Dante Alighieri,Dante Aligheri,por Dante Alighieri,但丁·阿利吉耶里 著,af Dante Alighieri,autorstwa Dante Alighieri,Данте Аліг'єрі,by Dante Alighieri,di Dante Alighieri,ᴉɹǝᴉɥᵷᴉꞁⱯ ǝʇuɐᗡ ʎq,vo Dante Alighieri,by dante guy,,
item.kleispack.enoch,The Book of Enoch,The Book of Enoch,The Book of Enoch,,The Book of Enoch,Книга Еноха,Kniha Henochova,Das Buch Henoch,,El libro de Enoc,Hanok Kitabı,El libro de Enoc,《以诺书》,,Księga Henocha,Книга Еноха,Th' Book o' Enoch,Il Libro di Enoch,ɥɔouƎ ɟo ʞooᗺ ǝɥ⟘,S buech Henoch,ENOCH BOOK,,
item.kleispack.enoch.desc,ספר חנוך,ספר חנוך,ספר חנוך,,ספר חנוך,ספר חנוך,ספר חנוך,ספר חנוך,,ספר חנוך,ספר חנוך,ספר חנוך,ספר חנוך,,ספר חנוך,ספר חנוך,ספר חנוך,ספר חנוך,ספר חנוך,ספר חנוך,ספר חנוך,,
item.kleispack.key_of_solomon,The Lesser Key of Solomon,The Lesser Key of Solomon,The Lesser Key of Solomon,,The Lesser Key of Solomon,Малый ключ Соломона,Lemegeton - Menší klíčky Šalamounovy,Der kleine Schlüssel Salomons,,La llave menor de Salomón,Lemegeton Clavicula Solomonis,La llave menor de Salomón,《所罗门小钥匙》,,Mniejszy Klucz Salomona,Малий ключ Соломона,Th' Less'r Key o' Solomon,La Piccola Chiave di Salomone,uoɯoꞁoS ɟo ʎǝꞰ ɹǝssǝꞀ ǝɥ⟘,De kleini Schlüssel vo Salomon,SMOL MAGIC KEY,,
item.kleispack.key_of_solomon.desc,by King Solomon,by King Solomon,by King Solomon,,by King Solomon,Царь Саломон,Od krále Šalamouna,von König Salomon,,por el rey Salomón,Kral Süleyman,por el rey Salomón,所罗门王 著,af Kong Solomon,autorstwa króla Salomona,Цар Соломон,by King Solomon,del Re Salomone,uoɯoꞁoS ᵷuᴉꞰ ʎq,vo König Salomon,by da king guy,,
item.kleispack.crystal_heart,Crystal Heart,Crystal Heart,Crystal Heart,,Crystal Heart,Кристальное сердце,Křišťálové srdce,Kristallherz,,Corazón de cristal,Kristal Kalp,Corazón de cristal,水晶之心,Krystal Hjerte,Kryształowe serce,Кришталеве серце,Heart o' crystal,Cuore di Cristallo,ʇɹɐǝH ꞁɐʇsʎɹƆ,Kristallhärz,SHINY HEART,,
item.kleispack.topaz,Topaz,Topaz,Topaz,,Topaz,Топаз,Topaz,Topas,,Topacio,Topaz,Topacio,黄玉,,,Топаз,Topaz,Topazio,zɐdo⟘,Topas,Yella Shiny Rock,,
item.kleispack.topaz_earrings,Topaz Earrings,Topaz Earrings,Topaz Earrings,,Topaz Earrings,Топазовые серьги,Topazové náušnice,Topas Ohrringe,,Aretes de topacio,Topaz Küpe,Pendientes de topacio,黄玉耳环,,,Топазові сережки,Ear-bobs o' topaz,Orecchini di Topazio,sᵷuᴉɹɹɐƎ zɐdo⟘,Topas Ohrringli,Yella Ear Bling,,
item.kleispack.opal,Opal,Opal,Opal,,Opal,Опал,Opál,Opal,,Ópalo,Opal,Ópalo,蛋白石,,,Опал,Opal,Opale,ꞁɐdO,Opal,,,
item.kleispack.opal_earrings,Opal Earrings,Opal Earrings,Opal Earrings,,Opal Earrings,Опаловые серьги,Opálové náušnice,Opal Ohrringe,,Aretes de ópalo,Opal Küpe,Pendientes de ópalo,蛋白石耳环,,,Опалові сережки,Ear-bobs o' opal,Orecchini di Opale,sᵷuᴉɹɹɐƎ ꞁɐdO,Opal Ohrringli,,,
item.kleispack.ruby,Ruby,Ruby,Ruby,,Ruby,Рубин,Rubín,Rubin,,Rubí,Yakut,Rubí,红宝石,Rubin,,Рубін,Ruby,Rubino,ʎqnᴚ,Rubin,Red Shiny Rock,,
item.kleispack.ruby_circlet,Ruby Circlet,Ruby Circlet,Ruby Circlet,,Ruby Circlet,Рубиновый венец,Rubínová čelenka,Rubinreif,,Diadema de rubí,Yakut Taç,Diadema de rubí,红宝石头环,,,Рубінова діадема,Circlet o' ruby,Cerchietto di Rubino,ʇǝꞁɔɹᴉƆ ʎqnᴚ,Rubinreif,Red Shiny Head Ring,,
item.kleispack.amber,Amber,Amber,Amber,,Amber,Янтарь,Jantar,Bernstein,,Ámbar,Kehribar,Ámbar,琥珀,Rav,,Бурштин,Amber,Ambra,ɹǝqɯⱯ,Bärnstei,Orange Fossil Goo,,
item.kleispack.amber_earrings,Amber Earrings,Amber Earrings,Amber Earrings,,Amber Earrings,Янтарные серьги,Jantarové náušnice,Bernstein Ohrringe,,Aretes de ámbar,Kehribar Küpe,Pendientes de ámbar,琥珀耳环,Rav øreringe,,Бурштинові сережки,Ear-bobs o' amber,Orecchini d'Ambra,sᵷuᴉɹɹɐƎ ɹǝqɯⱯ,Bärnstei Ohrringli,Orange Ear Bling,,
item.kleispack.compound_bow,Compound Bow,Compound Bow,Compound Bow,,Compound Bow,Блочный лук,Kladkový luk,Compoundbogen,,Arco compuesto,Makaralı Yay,Arco de asedio,复合弓,Compoundbue,,Блоковий лук,Compound Bow,Arco Composto,ʍoᗺ punodɯoƆ,Compoundboge,fancy shooty stick,,
item.kleispack.frog,Frog,Frog,Frog,,Frog,Лягушка,Žába,Frosch,,Rana,Kurbağa,Rana,青蛙,Frø,Żaba,Жаба,Frog,Rana,ᵷoɹℲ,Frosch,Toad,,
item.kleispack.tadpole,Tadpole,Tadpole,Tadpole,,Tadpole,Головастик,Pulec,Kaulquappen,,Renacuajo,İribaş,Renacuajo,蝌蚪,Haletudse,,Пуголовок,Polliwog,Girino,ǝꞁodpɐ⟘,Kaulquappe,smol toad,,
item.kleispack.bedrock_buster,Bedrock Buster,Bedrock Buster,Bedrock Buster,,Bedrock Buster,Дробитель бедрока,Ničitel podloží,Grundgestein-Knacker,,Quebrantador de piedra base,Katman Kayası Kırıcı,Perforador de piedra base,基岩破坏器,Grundstensødelægger,,Руйнівник корінної породи,Buster o' bedrock,,ɹǝʇsnᗺ ʞɔoɹpǝᗺ,Grundgstei-Knacker,TROL BLUKZ BONKER,,
item.kleispack.warding_stone,Warding Stone,Warding Stone,Warding Stone,,Warding Stone,Охранный камень,Ochranný kámen,Abwehrstein,,Piedra protectora,Koruyucu Taş,Piedra protectora,结界石,Beskyttelsessten,,Камінь-оберіг,Stone o' wardin',,ǝuoʇS ᵷuᴉpɹɐM,Abwehrstei,NO SPOOKY ALLOWED,,
item.kleispack.trade.bulk.desc,Click on ground to unload,Click on ground to unload,Click on ground to unload,,Click on ground to unload,"Нажмите на землю, чтобы разгрузить",Klikni na zem pro vyložení,Klicke auf Boden zum Entladen,,Haz click en el suelo para descargar,Açmak için yere tıkla,Haz clic en el suelo para descargar,点击地面卸下物资,,,"Натисніть по землі, щоб вивантажити",Click on ground t' unload,,pɐoꞁun oʇ punoɹᵷ uo ʞɔᴉꞁƆ,Klick uf de Bode zum Entlade,CLICK DIRT TO YEET IT OUT,,
item.kleispack.trade.bulk_andesite,Bulk Andesite,Bulk Andesite,Bulk Andesite,,Bulk Andesite,Андезит оптом,Hromada andesitu,Gehäuftes Andesit,,Andesita al por mayor,Toptan Andezit,Andesita a granel,整包安山岩,,,Партія андезиту,Bunch o' gray pebbles,Mole di Andesite,ǝʇᴉsǝpuⱯ ʞꞁnᗺ,Gehäuftes Andesit,BIG ANDESITE,,
item.kleispack.trade.bulk_andesite.desc,x64 Andesite,x64 Andesite,x64 Andesite,,x64 Andesite,x64 Андезит,x64 Andesit,x64 Andesit,,x64 Andesita,x64 Andezit,x64 Andesita,安山岩 ×64,,,x64 Андезит,x64 Gray pebbles,x64 Andesite,9߈ǝʇᴉsǝpuⱯ x,x64 Andesit,64 ROCKS,,
item.kleispack.trade.bulk_diorite,Bulk Diorite,Bulk Diorite,Bulk Diorite,,Bulk Diorite,Диорит оптом,Hromada dioritu,Gehäuftes Diorit,,Diorita al por mayor,Toptan Diyorit,Diorita a granel,整包闪长岩,,,Партія діориту,Bunch o' white pebbles,Mole di Diorite,ǝʇᴉɹoᴉᗡ ʞꞁnᗺ,Gehäuftes Diorit,BIG DIORITE,,
item.kleispack.trade.bulk_diorite.desc,x64 Diorite,x64 Diorite,x64 Diorite,,x64 Diorite,x64 Диорит,x64 Diorit,x64 Diorit,,x64 Diorita,x64 Diyorit,x64 Diorita,闪长岩 ×64,,,x64 Діорит,x64 White pebbles,x64 Diorite,9߈ǝʇᴉɹoᴉᗡ x,x64 Diorit,64 GWUBBY WHITE ROCKS,,
item.kleispack.trade.bulk_granite,Bulk Granite,Bulk Granite,Bulk Granite,,Bulk Granite,Гранит оптом,Hromada žuly,Gehäuftes Granit,,Granito al por mayor,Toptan Granit,Granito a granel,整包花岗岩,,,Партія граніту,Bunch o' brown pebbles,Mole di Granito,ǝʇᴉuɐɹ⅁ ʞꞁnᗺ,Gehäuftes Granit,BIG GRANITE,,
item.kleispack.trade.bulk_granite.desc,x64 Granite,x64 Granite,x64 Granite,,x64 Granite,x64 Гранит,x64 Žula,x64 Granit,,x64 Granito,x64 Granit,x64 Granito,花岗岩 ×64,,,x64 Граніт,x64 Brown pebbles,x64 Granito,9߈ǝʇᴉuɐɹ⅁ x,x64 Granit,64 PINK ROCKS,,
item.kleispack.trade.bulk_stone,Bulk Limestone,Bulk Limestone,Bulk Limestone,,Bulk Limestone,Известняк оптом,Hromada vápence,Gehäufter Kalkstein,,Caliza al por mayor,Toptan Kireç Taşı,Caliza a granel,整包石灰岩,,,Партія вапняку,Bunch o' stone o' lime,Mole di Roccia Calcarea,ǝuoʇsǝɯᴉꞀ ʞꞁnᗺ,Gehäufte Kalkstei,BIG ROCK,,
item.kleispack.trade.bulk_stone.desc,x64 Limestone,x64 Limestone,x64 Limestone,,x64 Limestone,x64 Известняк,x64 Vápenec,x64 Kalkstein,,x64 Caliza,x64 Kireç Taşı,x64 Caliza,石灰岩 ×64,,,x64 Вапняк,x64 Stone o' lime,x64 Roccia Calcarea,9߈ǝuoʇsǝɯᴉꞀ x,x64 Kalkstei,64 ROCKS,,
item.kleispack.trade.bulk_deepslate,Bulk Deepslate,Bulk Deepslate,Bulk Deepslate,,Bulk Deepslate,Глубинный сланец оптом,Hromada břidlice,Gehäufter Tiefenschiefer,,Pizarra abismal al por mayor,Toptan Kayrak Taşı,Pizarra profunda a granel,整包深板岩,,,Партія глибосланцю,Bunch o' tough rock,Mole di Ardesia Profonda,ǝʇɐꞁsdǝǝᗡ ʞꞁnᗺ,Gehäufte Tüfeschiefer,BIG DEEP ROCK,,
item.kleispack.trade.bulk_deepslate.desc,x64 Deepslate,x64 Deepslate,x64 Deepslate,,x64 Deepslate,x64 Глубинный сланец,x64 Břidlice,x64 Tiefenschiefer,,x64 Pizarra abismal,x64 Kayrak Taşı,x64 Pizarra profunda,深板岩 ×64,,,x64 Глибосланець,x64 Tough rock,x64 Ardesia Profonda,9߈ǝʇɐꞁsdǝǝᗡ x,x64 Tüfeschiefer,64 DEEP ROCKS,,
item.kleispack.trade.bulk_glass,Bulk Glass,Bulk Glass,Bulk Glass,,Bulk Glass,Стекло оптом,Hromada skla,Gehäuftes Glass,,Vidrio al por mayor,Çoklu Cam,Vidrio a granel,整包玻璃,,,Партія скла,Bunch o' porthole,Mole di Vetro,ssɐꞁ⅁ ʞꞁnᗺ,Gehäuftes Glass,BIG SEE-THRU,,
item.kleispack.trade.bulk_glass.desc,x64 Glass,x64 Glass,x64 Glass,,x64 Glass,x64 Стекло,x64 Sklo,x64 Glass,,x64 Vidrio,x64 Cam,x64 Vidrio,玻璃 ×64,,,x64 Скло,x64 Porthole,x64 Vetro,9߈ssɐꞁ⅁ x,x64 Glass,64 SEE-THRUS,,
item.kleispack.trade.bulk_smooth_red_sandstone,Bulk Smooth Red Sandstone,Bulk Smooth Red Sandstone,Bulk Smooth Red Sandstone,,Bulk Smooth Red Sandstone,Гладкий красный песчаник оптом,Hromada vyhlazeného rudého pískovce,Gehäufter glatter roter Sandstein,,Arenisca roja lisa al por mayor,Toptan Düz Kırmızı Kum Taşı,Arenisca roja lisa a granel,整包平滑红砂岩,,,Партія гладкого червоного пісковику,Bunch o' smooth scarlet sandstone o' sands,Mole di Arenaria Rossa Liscia,ǝuoʇspuɐS pǝᴚ ɥʇooɯS ʞꞁnᗺ,Gehäufte glatte rote Sandstei,BIG SMOOD WARMY SANDSTON,,
item.kleispack.trade.bulk_smooth_red_sandstone.desc,x64 Smooth Red Sandstone,x64 Smooth Red Sandstone,x64 Smooth Red Sandstone,,x64 Smooth Red Sandstone,x64 Гладкий красный песчаник ,x64 Vyhlazený rudý pískovec,x64 Glatter roter Sandstein,,x64 Arenisca roja lisa,x64 Toptan Düz Kırmızı Kum Taşı,x64 Arenisca roja lisa,平滑红砂岩 ×64,,,x64 Гладкий червоний пісковик,x64 Smooth scarlet sandstone o' sands,x64 Arenaria Rossa Liscia,9߈ǝuoʇspuɐS pǝᴚ ɥʇooɯS x,x64 Glatte rote Sandstei,64 SMUD REDY SANDY ROCKS,,
item.kleispack.trade.bulk_smooth_sandstone,Bulk Smooth Sandstone,Bulk Smooth Sandstone,Bulk Smooth Sandstone,,Bulk Smooth Sandstone,Гладкий песчаник оптом,Hromada vyhlazeného pískovce,Gehäufter glatter Sandstein,,Arenisca lisa al por mayor,Toptan Düz Kum Taşı,Arenisca lisa a granel,整包平滑砂岩,,,Партія гладкого пісковику,Bunch o' smooth stone o' sands,Mole di Arenaria Liscia,ǝuoʇspuɐS ɥʇooɯS ʞꞁnᗺ,Gehäufte glatte Sandstei,BIG SMOOTH SANDSTON,,
item.kleispack.trade.bulk_smooth_sandstone.desc,x64 Smooth Sandstone,x64 Smooth Sandstone,x64 Smooth Sandstone,,x64 Smooth Sandstone,x64 Гладкий песчаник,x64 Vyhlazený pískovec,x64 Glatter Sandstein,,x64 Arenisca lisa,x64 Toptan Düz Kırmızı Kum Taşı,x64 Arenisca lisa,平滑砂岩 ×64,,,x64 Гладкий пісковик,x64 Smooth stone o' sands,x64 Arenaria Liscia,9߈ǝuoʇspuɐS ɥʇooɯS x,x64 Glatte Sandstei,64 SMUD LITTERBOX ROKS,,
item.kleispack.trade.bulk_tuff,Bulk Tuff,Bulk Tuff,Bulk Tuff,,Bulk Tuff,Туф оптом,Hromada tufu,Gehäufter Tuffstein,,Toba al por mayor,Toptan Tüf,Toba a granel,整包凝灰岩,,,Партія туфу,Bunch o' rock o' ash,Mole di Tufo,ɟɟn⟘ ʞꞁnᗺ,Gehäufte Tuffstei,BIG TFF,,
item.kleispack.trade.bulk_tuff.desc,x64 Tuff,x64 Tuff,x64 Tuff,,x64 Tuff,x64 Туф,x64 Tuf,x64 Tuffstein,,x64 Toba,x64 Tüf,x64 Toba,凝灰岩 ×64,,,x64 Туф,x64 Rock o' ash,x64 Tufo,9߈ɟɟn⟘ x,x64 Tuffstei,64 TFFFFFFS,,
item.kleispack.trade.bulk_calcite,Bulk Calcite,Bulk Calcite,Bulk Calcite,,Bulk Calcite,Кальцит оптом,Hromada kalcitu,Gehäuftes Kalzit,,Calcita al por mayor,Toptan Kalsit,Calcita a granel,整包方解石,,,Партія кальциту,Bunch o' fool's quartz,Mole di Calcite,ǝʇᴉɔꞁɐƆ ʞꞁnᗺ,Gehäuftes Kalzit,BIG KALSITEE,,
item.kleispack.trade.bulk_calcite.desc,x64 Calcite,x64 Calcite,x64 Calcite,,x64 Calcite,x64 Кальцит,x64 Kalcit,x64 Kalzit,,x64 Calcita,x64 Kalsit,x64 Calcita,方解石 ×64,,,x64 Кальцит,x64 Fool's quartz,x64 Calcite,9߈ǝʇᴉɔꞁɐƆ x,x64 Kalzit,64 WITE ROCKZ,,
item.kleispack.trade.bulk_dripstone,Bulk Flowstone,Bulk Flowstone,Bulk Flowstone,,Bulk Flowstone,Натечная кора оптом,Hromada sintru,Gehäufter Sinter,,Caliza colada al por mayor,Toptan Damla Taşı,Caliza colada a granel,整包流石,,,Партія потокового каменю,Bunch o' flowstone,,ǝuoʇsʍoꞁℲ ʞꞁnᗺ,Gehäufte Sinter,BIG GOOPY ROCK,,
item.kleispack.trade.bulk_dripstone.desc,x64 Flowstone,x64 Flowstone,x64 Flowstone,,x64 Flowstone,x64 Натечная кора,x64 Sintr,x64 Sinter,,x64 Caliza colada,x64 Damla Taşı,x64 Caliza colada,流石 ×64,,,x64 Потоковий камінь,x64 Flowstone,,9߈ǝuoʇsʍoꞁℲ x,x64 Sinter,64 GOOPY ROCKS,,
item.kleispack.baby_cold_sheep,Black Lamb,Black Lamb,Black Lamb,,Black Lamb,Чёрный ягнёнок,Černé jehně,Schwarzes Lamm,,Cordero negro,Kara Kuzu,Cordero negro,黑色羔羊,,,Чорне ягня,Black lamb,Agnello Nero,qɯɐꞀ ʞɔɐꞁᗺ,Schwarzes Lamm,BLAK BABY SHEEP,,
item.kleispack.baby_temperate_sheep,White Lamb,White Lamb,White Lamb,,White Lamb,Белый ягнёнок,Bílé jehně,Weisses Lamm,,Cordero blanco,Ak Kuzu,Cordero blanco,白色羔羊,,,Біле ягня,White lamb,Agnello Bianco,qɯɐꞀ ǝʇᴉɥM,Wiesses Lamm,WITE BABY SHEEP,,
item.kleispack.baby_warm_sheep,Brown Lamb,Brown Lamb,Brown Lamb,,Brown Lamb,Коричневый ягнёнок,Hnědé jehně,Braunes Lamm,,Cordero café,Kahverengi Kuzu,Cordero marrón,棕色羔羊,,,Коричневе ягня,Brown lamb,Agnello Marrone,qɯɐꞀ uʍoɹᗺ,Brunes Lamm,BROUN BABY SHEEP,,
item.kleispack.baby_cold_cow,Highland Calf,Highland Calf,Highland Calf,,Highland Calf,Горный телёнок,Horské tele,Hochlandrind-Kalb,,Ternero de las tierras altas,Yayla Buzağı,Ternero de clima frío,高地小牛,Højlandskalv,,Гайлендське теля,Highland calf,Vitello delle Highlands,ɟꞁɐƆ puɐꞁɥᵷᴉH,Hochlandrind-Kalb,,,
item.kleispack.baby_temperate_cow,Calf,Calf,Calf,,Calf,Телёнок,Tele,Kalb,,Ternero,Buzağı,Ternero de clima templado,小牛,Kalv,,Теля,Calf,Vitello,ɟꞁɐƆ,Kalb,,,
item.kleispack.baby_warm_cow,Sindhi Calf,Sindhi Calf,Sindhi Calf,,Sindhi Calf,Синдхиский телёнок,Sindhské tele,Rotes Sindh-Rind Kalb,,Ternero sindhi,Sind Buzağı,Ternero de clima cálido,信德小牛,,,Сіндське теля,Sindhi calf,Vitello Sindhi,ɟꞁɐƆ ᴉɥpuᴉS,Rotes Sindh-Rind Kalb,,,
item.kleispack.baby_cold_pig,Mangalica Piglet,Mangalica Piglet,Mangalica Piglet,,Mangalica Piglet,Поросёнок магналица,Sele mangalice,Mangalica-Ferkel,,Chanchito mangalica,Mangalica Domuzcuğu,Lechón de clima frío,曼加利察小猪,,,Порося мангалиці,Mangalica piglet,Maialino Mangalica,ʇǝꞁᵷᴉԀ ɐɔᴉꞁɐᵷuɐW,Mangalica-Ferkel,,,
item.kleispack.baby_temperate_pig,Piglet,Piglet,Piglet,,Piglet,Поросёнок,Sele,Ferkel,,Chanchito,Domuzcuk,Lechón de clima templado,小猪,Grisling,,Порося,Piglet,Maialino,ʇǝꞁᵷᴉԀ,Ferkel,,,
item.kleispack.baby_warm_pig,Bushpiglet,Bushpiglet,Bushpiglet,,Bushpiglet,Кустарниковый поросёнок,Sele štěkouna,Buschschwein-Ferkel,,Chanchito potamoquero,Çalı Domuzcuğu,Lechón de clima cálido,薮猪崽,,,Чагарникове порося,Bushpiglet,Potamocerino,ʇǝꞁᵷᴉdɥsnᗺ,Buschschwein-Ferkel,,,
item.kleispack.fertilised_blue_egg,Fertilised Blue Egg,Fertilized Blue Egg,Fertilised Blue Egg,,Fertilized Blue Egg,Оплодотворённое синее яйцо,Oplodněné modré vejce,Befruchtetes blaues Ei,,Huevo azul fecundado,Döllenmiş Mavi Yumurta,Huevo azul fecundado,受精蓝色鸡蛋,Befrugtet blåt æg,,Запліднене синє яйце,Fertilised blue cackle fruit,Uovo Blu Fertilizzato,ᵷᵷƎ ǝnꞁᗺ pǝsᴉꞁᴉʇɹǝℲ,Befruchtetes blaues Ei,,,
item.kleispack.fertilised_egg,Fertilised Egg,Fertilized Egg,Fertilised Egg,,Fertilized Egg,Оплодотворённое яйцо,Oplodněné vejce,Befruchtetes Ei,,Huevo fecundado,Döllenmiş Yumurta,Huevo fecundado,受精鸡蛋,Befrugtet æg,,Запліднене яйце,Fertilised cackle fruit,Uovo Fertilizzato,ᵷᵷƎ pǝsᴉꞁᴉʇɹǝℲ,Befruchtetes Ei,,,
item.kleispack.fertilised_brown_egg,Fertilised Brown Egg,Fertilized Brown Egg,Fertilised Brown Egg,,Fertilized Brown Egg,Оплодотворённое коричневое яйцо,Oplodněné hnědé vejce,Befruchtetes braunes Ei,,Huevo marrón fecundado,Döllenmiş Kahverengi Yumurta,Huevo marrón fecundado,受精棕色鸡蛋,Befrugtet brunt æg,,Запліднене коричневе яйце,Fertilised brown cackle fruit,Uovo Marrone Fertilizzato,ᵷᵷƎ uʍoɹᗺ pǝsᴉꞁᴉʇɹǝℲ,Befruchtetes brunes Ei,,,
item.kleispack.shepherds_shears,Shepherd's Shears,Shepherd's Shears,Shepherd's Shears,,Shepherd's Shears,Пастушьи ножницы,Ovčácké nůžky,Schäferschere,,Tijeras del pastor,Çoban Makası,Tijeras de pastor,牧羊人的剪刀,Hyrdesaks,,Пастуші ножиці,Shears o' th' shepherd,Cesoie da Pastore,"sɹɐǝɥS s,pɹǝɥdǝɥS",Schäferscher,,,
item.kleispack.crook,Crook,Crook,Crook,,Crook,Пастуший посох,Pastýřská Hůl,Hirtenstab,,Bastón,Değnek,Bastón,牧羊杖,,,Ґирлиґа,Crook,Pastorale,ʞooɹƆ,Hirtestab,,,
item.kleispack.bundle.seed,Seed Bundle,Seed Bundle,Seed Bundle,,Seed Bundle,Набор семян,Svazek semínek,Samenbündel,,Saco de semillas,Tohum Kesesi,Paquete de semillas,种子包,Bundt med Frø,,Торбинка з насінням,Bundle o' seeds,Sacchetto di Semi,ǝꞁpunᗺ pǝǝS,Samebündel,,,
item.kleispack.bundle.exotic_seed,Exotic Seed Bundle,Exotic Seed Bundle,Exotic Seed Bundle,,Exotic Seed Bundle,Набор экзотических семян,Svazek exotických semínek,Exotisches Samenbündel,,Saco de semillas exóticas,Egzotik Tohum Kesesi,Paquete de semillas exóticas,异域种子包,Bundt med Eksotiske Frø,,Торбинка з екзотичним насінням,Bundle o' exotic seeds,Sacchetto di Semi Esotici,ǝꞁpunᗺ pǝǝS ɔᴉʇoxƎ,Exotisches Samebündel,,,
item.kleispack.bundle.floral,Floral Bundle,Floral Bundle,Floral Bundle,,Floral Bundle,Набор цветов,Svazek kytek,Blumenbündel,sac des fleurs,Saco floral,Çiçek Kesesi,Paquete floral,花卉包,Blomsterbundt,,Квіткова торбинка,Bundle o' flowers,Sacchetto Floreale,ǝꞁpunᗺ ꞁɐɹoꞁℲ,Blumebündel,,,
item.kleispack.bundle.mushroom,Mushy Bundle,Mushy Bundle,Mushy Bundle,,Mushy Bundle,Набор грибов,Svazek hub,Pilzbündel,sac des champignons,Saco de callampas,Mantar Kesesi,Paquete de hongos,菌菇包,Svampebundt,,Грибна торбинка,Bundle o' shrooms,Sacchetto Sporoso,ǝꞁpunᗺ ʎɥsnW,Pilzbündel,,,
item.kleispack.bundle.lava_kit,Geothermal Bundle,Geothermal Bundle,Geothermal Bundle,,Geothermal Bundle,Геотермальный набор,Geotermální svazek,Geothermisches Bündel,,Saco geotérmico,Jeotermal Kese,Paquete geotérmico,地热包,Geotermisk bundt,,Геотермальна торбинка,Bundle o' molten rock,Sacchetto Geotermico,ǝꞁpunᗺ ꞁɐɯɹǝɥʇoǝ⅁,Geothermisches Bündel,,,
item.kleispack.archaeologists_brush,Archaeologist's Brush,Archeologist's Brush,Archaeologist's Brush,,Archaeologist's Brush,Кисть археолога,Archeologický štětec,Archeologen-Pinsel,,Brocha de arqueólogo,Arkeolog Fırçası,Pincel de arqueólogo,考古学家的刷子,Arkæologibørste,Pędzel archeologa,Пензель археолога,Brush o' th' antiquarian,Spazzola da Archeologo,"ɥsnɹᗺ s,ʇsᴉᵷoꞁoǝɐɥɔɹⱯ",Archeologe-Pinsel,,,
item.kleispack.butcher_knife,Cleaver,Cleaver,Cleaver,,Cleaver,Секач,Sekáček,Hackbeil,,Cuchillo de carnicero,Satır,Cuchillo de carnicero,剁刀,Slagterkniv,Tasak,Тесак,Cleaver,Mannaia,ɹǝʌɐǝꞁƆ,Hackbeil,,,
item.kleispack.cooking_recipe,Cooking Recipe,Cooking Recipe,Cooking Recipe,,Cooking Recipe,Рецепт приготовления,Recept na vaření,Kochrezept,,Receta de cocina,Yemek Tarifi,Receta de cocina,烹饪配方,Madopskrift,Przepis,Кулінарний рецепт,Recipe o' grub,Ricetta,ǝdᴉɔǝᴚ ᵷuᴉʞooƆ,Kochrezept,,,
item.kleispack.invisible_item_frame,Invisible Item Frame,Invisible Item Frame,Invisible Item Frame,,Invisible Item Frame,Невидимая рамка,Neviditelný Rámeček,Unsichtbarer Rahmen,,Marco de ítems invisible,Görünmez Eşya Çerçevesi,Marco invisible,隐形物品展示框,,Niewidzialna ramka,Невидима рамка,Spectral booty holder,Cornice Invisibile,ǝɯɐɹℲ ɯǝʇI ǝꞁqᴉsᴉʌuI,Unsichtbare Rahme,,,
item.kleispack.rose_classic,Rose,Rose,Rose,,Rose,Роза,Růže,Rose,Rose,Rosa,Gül,Rosa,玫瑰,Rose,Róża,Троянда,Rose,Rosa,ǝsoᴚ,Rose,og red plant,,
item.kleispack.cyan_rose_classic,Cyan Rose,Cyan Rose,Cyan Rose,,Cyan Rose,Голубая роза,Azurová růže,Türkise Rose,,Rosa cian,Mavi Gül,Rosa cian,青色玫瑰,Cyan Rose,,Блакитна троянда,Cyan rose,Rosa Ciano,ǝsoᴚ uɐʎƆ,Türkisi Rose,og greeny blue flower,,
item.kleispack.dandelion_classic,Dandelion,Dandelion,Dandelion,,Dandelion,Одуванчик,Pampeliška,Löwenzahn,,Diente de león,Karahindiba,Diente de león,蒲公英,Mælkebøtte,Mlecz,Кульбаба,Yellow flower,Dente di Leone,uoᴉꞁǝpuɐᗡ,Löwezahn,yullo flowrr,,
item.kleispack.porkchop_classic,Porkchop,Porkchop,Porkchop,,Porkchop,Свинина,Vepřová kotleta,Schweinefleisch,,Chuleta cruda,Domuz Pirzolası,Chuleta de cerdo,猪排,Svinekotelet,Schab,Свинина,Pigmeat,Cotoletta di Maiale,doɥɔʞɹoԀ,Schweinefleisch,,,
desc.kleispack.set_bonus,Set Bonus:,Set Bonus:,Set Bonus:,,Set Bonus:,Бонус комплекта:,Bonus setu:,Set-Bonus:,,Por set completo:,Takım Bonusu:,Bonificación del conjunto:,套装加成：,,,Бонус за комплект:,Bonus fer th' set:,,:snuoᗺ ʇǝS,Set-Bonus:,,,
desc.kleispack.per_equipment_bonus,Per Equipment Bonus:,Per Equipment Bonus:,Per Equipment Bonus:,,Per Equipment Bonus:,Бонус части:,Bonus za díl:,Individueller Bonus:,,Por pieza de equipamiento:,Ekipman Başı Bonus:,Bonificación por pieza de equipamiento:,每件装备加成：,,,Бонус за частину комплекту:,Bonus per equipment:,,:snuoᗺ ʇuǝɯdᴉnbƎ ɹǝԀ,Individuelle Bonus:,,,
desc.kleispack.elytra_bonus,Elytra Bonus:,Elytra Bonus:,Elytra Bonus:,,Elytra Bonus:,Бонус элитр:,Bonus krovek:,Elytren-Bonus:,,Elytra:,Elitra Bonusu:,Bonificación de Élitros:,鞘翅加成：,,,Бонус за елітру:,Bonus fer Icarus' wings:,,:snuoᗺ ɐɹʇʎꞁƎ,Elytre-Bonus:,,,
desc.kleispack.when_blocking,When Blocking:,When Blocking:,When Blocking:,,When Blocking:,Во время защиты:,Při krytí:,Beim Blockieren:,,Al bloquear:,Engellerken:,Al bloquear:,格挡时：,Ved blokering:,,Під час блокування:,When blockin',,:ᵷuᴉʞɔoꞁᗺ uǝɥM,Bem Blockiere:,,,
adv.kleispack.trade_everything,A True Community,A True Community,A True Community,,A True Community,Настоящее сообщество,Opravdová komunita,Eine wahre Gemeinschaft,,Una verdadera comunidad,Tam Bir Beraberlik,Una comunidad verdadera,真正的共同体,Et sandt fællesskab,Prawdziwa Wspólnota,Справжня спільнота,A proper brotherhood,Una Vera Comunità,ʎʇᴉunɯɯoƆ ǝnɹ⟘ Ɐ,E wahri Gmeinschaft,EVERYONE TRADE NOW,,
adv.kleispack.trade_everything.desc,Trade with (almost) every profession,Trade with (almost) every profession,Trade with (almost) every profession,,Trade with (almost) every profession,Поторгуйтесь с жителем (почти) каждой профессии,Obchoduj se (skoro) každým typem obchodníka,Handle mit (fast) jedem Beruf,,Haz un intercambio con casi todas las profesiones,(Neredeyse) her meslekten biriyle takas yap,"Comercia con todas las profesiones, casi todas...",与（几乎）每种职业的村民交易,Handel med (næsten) enhver profession,,Поторгуйтеся з поселенцями (майже) кожної професії,Trade with (almost) all professions o' landlubber,Commercia con (quasi) tutte le professioni.,uoᴉssǝɟoɹd ʎɹǝʌǝ (ʇsoɯꞁɐ) ɥʇᴉʍ ǝpɐɹ⟘,Due mit (fast) allne Brüef handle,TRADE WITH ALMOST EVERY GUY,,
adv.kleispack.craft_brush,Archaeologist in Training,Archeologist in Training,Archaeologist in Training,,Archaeologist in Training,Археолог-практикант,Archeologův učeň,Archeologe in Ausbildung,,Arqueólogo en formación,Arkeolog Çırağı,Arqueólogo entusiasta,考古学徒,Arkæolog under udlæring,,Юний археолог,Trainin' antiquarian,Archeologo-in-Progress,ᵷuᴉuᴉɐɹ⟘ uᴉ ʇsᴉᵷoꞁoǝɐɥɔɹⱯ,Archeolog in Usbildig,DIRT LOOT INTERN,,
adv.kleispack.craft_brush.desc,Craft a Brush,Craft a Brush,Craft a Brush,,Craft a Brush,Сделайте Кисть,Vyrob štětec,Stelle einen Pinsel her,,Haz una brocha,Fırça Yap,Fabrica tu primer cepillo.,制作一把刷子,Konstruer en pensel,,Зробіть пензлик,Craft a Brush,Fabbrica una Spazzola.,ɥsnɹᗺ ɐ ʇɟɐɹƆ,Stell e Pinsel her,MAKE DA DIRT BRUSH,,
adv.kleispack.obtain_fetish,A Miraculous Discovery!,A Miraculous Discovery!,A Miraculous Discovery!,,A Miraculous Discovery!,Чудесная находка!,Zázračný nález!,Eine wundersame Entdeckung!,,¡Un descubrimiento milagroso!,Akılalmaz Bir Keşif!,¡Un descubrimiento milagroso!,奇迹般的发现！,En mirakuløs opdagelse!,,Дивовижне відкриття!,A wondrous discovery!,Una Scoperta Miracolosa!,¡ʎɹǝʌoɔsᴉᗡ snoꞁnɔɐɹᴉW Ɐ,E erstunlichi Entdeckig!,OMG I FOUND A THING,,
adv.kleispack.obtain_fetish.desc,Find a Clay Fetish by searching abandoned Sites,Find a Clay Fetish by searching abandoned Sites,Find a Clay Fetish by searching abandoned Sites,,Find a Clay Fetish by searching abandoned Sites,Найдите глиняный идол на заброшенном объекте,Najdi hliněnou modlu při prohledávání opuštěného místa,Finde ein Tonidol durch das Durchsuchen verlassener Orte,,Encuentra un ídolo de arcilla buscando en sitios abandonados,Terk edilmiş Alanlarda kazı yapıp Kil Put bul,Encuentra un ídolo de arcilla buscando en sitios abandonados.,在废弃遗址中找到一个陶土灵偶,,,"Знайдіть глиняний ідол, досліджуючи покинуті місця",Find a clay fetish by searchin' abandoned sites,Trova un Feticcio di Argilla cercando siti abbandonati.,sǝʇᴉS pǝuopuɐqɐ ᵷuᴉɥɔɹɐǝs ʎq ɥsᴉʇǝℲ ʎɐꞁƆ ɐ puᴉℲ,Find e Tonmännli indem du verlassini Ort durchsuechsch,SEARCH OLD DIRT FOR CLAY LIL GUY,,
adv.kleispack.obtain_diamond,The Resilient Mineral,The Resilient Mineral,The Resilient Mineral,,The Resilient Mineral,Стойкий минерал,Odolný minerál,Das widerstandsfähige Mineral,,El mineral resiliente,Dayanıklı Mineral,El mineral resiliente,坚韧的矿物,Det resiliente mineral,,Незламний мінерал,The mineral o' fortitude,Il Minerale Resiliente,ꞁɐɹǝuᴉW ʇuǝᴉꞁᴉsǝᴚ ǝɥ⟘,S härtknäckigi Mineral,DIAMOND STRONK,,
adv.kleispack.obtain_diamond.desc,Diamonds have no Intrinsics but are capable of Hosting Electrum and Adamant,Diamonds have no Intrinsics but are capable of Hosting Electrum and Adamant,Diamonds have no Intrinsics but are capable of Hosting Electrum and Adamant,,Diamonds have no Intrinsics but are capable of Hosting Electrum and Adamant,"Алмазы не обладают особыми свойствами, но способны принять электрум или адамант","Diamanty nemají vlastní vlastnosti, ale jsou schopny držet hepatizon nebo adamant","Diamanten besitzen keine eigenen Eigenschaften, können jedoch Elektrum oder Adamant aufnehmen",,Los diamantes no poseen propiedades intrínsecas pero son capaces de albergar electro y adamanto,Elmasın özgünlüğü olmasa da Elektrum ve Adamantin taşıyabilir,"Los diamantes no tienen propiedades intrínsecas, pero pueden albergar Electrum y Adamante.",钻石没有固有属性，但能够承载琥珀金与精金,,,"Алмази не мають власних властивостей, але здатні поєднуватися з електрумом та адамантом","Diamonds haven't any intrinsics, but can host green gold and adamant","I diamanti non hanno proprietà intrinsiche, ma possono ospitare Elettro e Adamanto.",ʇuɐɯɐpⱯ puɐ ɯnɹʇɔǝꞁƎ ᵷuᴉʇsoH ɟo ǝꞁqɐdɐɔ ǝɹɐ ʇnq sɔᴉsuᴉɹʇuI ou ǝʌɐɥ spuoɯɐᴉᗡ,"Diamante hän keini eigenen Eigenschafte, könne aber Elektrum oder Adamant ufnäh",DIAMOND DO NOTHING BUT HOLD FANCY METAL,,
adv.kleispack.obtain_electrum,A Zealous Alloy,A Zealous Alloy,A Zealous Alloy,,A Zealous Alloy,Ревностный сплав,Horlivá slitina,Eine eifrige Legierung,,Una aleación fervorosa,Tutkulu Alaşım,Una aleación consagrada,热忱的合金,,,Завзятий сплав,A fervent alloy,Una Lega Infervorata,ʎoꞁꞁⱯ snoꞁɐǝZ Ɐ,E flissige Legierig,GOLD GO BEEG,,
adv.kleispack.obtain_electrum.desc,Electrum enhances the Fortune and Looting Properties of Gold but only Diamond can host the Alloy,Electrum enhances the Fortune and Looting Properties of Gold but only Diamond can host the Alloy,Electrum enhances the Fortune and Looting Properties of Gold but only Diamond can host the Alloy,,Electrum enhances the Fortune and Looting Properties of Gold but only Diamond can host the Alloy,"Электрум улучшает свойста Удачи и Добычи золота, но только алмаз способен принять сплав","Elektrum zlepšuje vlastnosti zlata co se kořisti a stěstí týče, ale mohou jej držet pouze diamanty","Elektrum verbessert die Glücks- und Plünderungseigenschaften von Gold, aber nur Diamant kann die Legierung aufnehmen",,"El electro potencia las propiedades de Fortuna y Saqueo del oro, pero solo el diamante puede albergar esta aleación","Elektrum, Altının Servet ve Ganimet özelliklerini artırır ancak sadece Elmas trafından taşınabilir","El Electrum mejora las propiedades de Fortuna y Botín del Oro, pero solo el Diamante puede albergar la aleación.",琥珀金增强黄金的时运与抢夺属性，但只有钛能承载这种合金,,,"Електрум посилює ефекти Удача та Здобич для золота, але стати основою для цього сплаву може лише алмаз","Electrum enhances th' treasure 'n' plunderin' properties o' gold, but only diamond can host 't","L'Elettro accresce le proprietà Fortuna e Saccheggio dell'Oro, ma solo il Diamante puù accogliere questa Lega.",ʎoꞁꞁⱯ ǝɥʇ ʇsoɥ uɐɔ puoɯɐᴉᗡ ʎꞁuo ʇnq pꞁo⅁ ɟo sǝᴉʇɹǝdoɹԀ ᵷuᴉʇooꞀ puɐ ǝunʇɹoℲ ǝɥʇ sǝɔuɐɥuǝ ɯnɹʇɔǝꞁƎ,"Elektrum verbesseret di Glücks- und Plünderigsihgeschafte vo Gold, aber nur Diamant ka d Legierig ufnäh",GOLD GETS EXTRA LUCKY BUT DIAMOND HAS TO HOLD IT,,
adv.kleispack.obtain_bronze,A Keen Alloy,A Keen Alloy,A Keen Alloy,,A Keen Alloy,Энергичный сплав,Výkonná slitina,Eine erpichte Legierung,,Una aleación alígera,Coşkun Alaşım,Una aleación perspicaz,锐利的合金,,,Стрімкий сплав,A keen alloy,Una Lega Scrupolosa,ʎoꞁꞁⱯ uǝǝꞰ Ɐ,E gschwindi Legierig,COPPER GO FAST,,
adv.kleispack.obtain_bronze.desc,Hepatizon grants Copper Equipment unrivaled Speed,Hepatizon grants Copper Equipment unrivaled Speed,Hepatizon grants Copper Equipment unrivaled Speed,,Hepatizon grants Copper Equipment unrivaled Speed,Гепатизон дарует Медному снаряжению неописуемое ощущение лёгкости,Hepatizon propůjčuje měděnému náčiní neskutečnou rychlost,Hepatizon verleit Kupferausrüstung unübertroffene Geschwindigkeit,,El hepatizón otorga al equipamiento de cobre una Velocidad incomparable,"Hepatizon, Bakır Ekipmanlara görülmemiş Hız kazandırır",El Hepatizón otorga una velocidad inigualable al equipamiento de Cobre.,青铜赋予铜装备无与伦比的速度,,,Гепатизон наділяє мідне спорядження неперевершеною швидкістю,Corinthian brass grants copper equipment unrivaled speed,Il Bronzo Corizio concede all'Equipaggiamento in Rame una Velocità impareggiabile.,pǝǝdS pǝꞁɐʌᴉɹun ʇuǝɯdᴉnbƎ ɹǝddoƆ sʇuɐɹᵷ uozᴉʇɐdǝH,Hepatizon git Chupferusrüstig unübertroffini Gschwindigkeit,COPPER BECOME ZOOMY,,
adv.kleispack.obtain_palatinate_tool,Palatinate Perfection,Palatinate Perfection,Palatinate Perfection,,Palatinate Perfection,Палатинское совершенство,Perfektní palatinit,Shakudo Perfektion,,Perfección palatina,Palatinat Mükemmellik,Perfección imperial,帕拉蒂纳特的完美,,,Палатинатська досконалість,Palatinate perfection,Perfezione Palatinata,uoᴉʇɔǝɟɹǝԀ ǝʇɐuᴉʇɐꞁɐԀ,Shakudo Perfektion,FANCY COPPER COMPLETE,,
adv.kleispack.obtain_palatinate_tool.desc,Smith a piece of Shakudo Equipment from Copper with Shakudo Alloy,Smith a piece of Shakudo Equipment from Copper with Shakudo Alloy,Smith a piece of Shakudo Equipment from Copper with Shakudo Alloy,,Smith a piece of Shakudo Equipment from Copper with Shakudo Alloy,Скуйте предмет снаряжения сякудо из медного с помощью сплава сякудо,Ukovej kus shakudového náčiní z mědi a shakuda,Schmiede ein Shakudo-Ausrüstungsteil aus Kupfer mit Shakudo Legierung,,Forja equipamiento de shakudo a partir de cobre y aleación de shakudo,Şakudo Alaşımı ile Bakırdan Şakudo Ekipman döv,Forja una pieza de equipamiento de Shakudo a partir de Cobre con aleación de Shakudo.,用赤铜合金将铜装备锻造成一件赤铜装备,,,Викуйте предмет сякудового спорядження з міді та сплаву сякудо,Forge a piece o' blacken'd copper equipment from copper usin' blacken'd copper alloy,Forgia un pezzo di Equipaggiamento Shakudo dal Rame e Lega di Shakudo.,ʎoꞁꞁⱯ opnʞɐɥS ɥʇᴉʍ ɹǝddoƆ ɯoɹɟ ʇuǝɯdᴉnbƎ opnʞɐɥS ɟo ǝɔǝᴉd ɐ ɥʇᴉɯS,Schmied e Shakudo-Usrüstigsteil us Chupfer mit Shakudo Legierig,MAKE FANCY COPPER GEAR,,
adv.kleispack.obtain_shakudo,A Gentle Alloy,A Gentle Alloy,A Gentle Alloy,,A Gentle Alloy,Нежный сплав,Jemná slitina,Eine sanfte Legierung,,Una aleación gentil,Nazik Alaşım,Una aleación gentil,温润的合金,,,Делікатний сплав,A gentle alloy,Una Lega Gentile,ʎoꞁꞁⱯ ǝꞁʇuǝ⅁ Ɐ,E sanfti Legierig,COPPER BECOME NICE,,
adv.kleispack.obtain_shakudo.desc,Shakudo grants Copper Equipment Silk Touch and Cleansing Properties,Shakudo grants Copper Equipment Silk Touch and Cleansing Properties,Shakudo grants Copper Equipment Silk Touch and Cleansing Properties,,Shakudo grants Copper Equipment Silk Touch and Cleansing Properties,Сякудо дарует медному снаряжению Шёлковое касание и Очищающие свойства,Shakudo propůjčuje měděnému náčiní vlastnosti Něžného doteku a Očištění,Shakudo verleit Kupferausrüstung Behutsamkeit und Reinigungseigenschaften,,El shakudo otorga al equipamiento de cobre propiedades de Toque de seda y Purificación,"Şakudo, Bakır Ekipmanlara İpeksi Dokunuş ve temizleyici özellikler kazandırır",El Shakudo otorga al equipamiento de Cobre las propiedades de Toque de Seda y Purificación.,赤铜赋予铜装备精准采集与净化属性,,,Сякудо наділяє мідне спорядження Шовковим доторком та очисними властивостями,Blacken'd copper grants copper equipment soft hands 'n' dispellin' properties,Lo Shakudo concede all'Equipaggiamento in Rame Tocco di Velluto e Proprietà Purificanti.,sǝᴉʇɹǝdoɹԀ ᵷuᴉsuɐǝꞁƆ puɐ ɥɔno⟘ ʞꞁᴉS ʇuǝɯdᴉnbƎ ɹǝddoƆ sʇuɐɹᵷ opnʞɐɥS,Shakudo git Kupferusrüstig Behuetsamkeit und Reinigungsihgeschafte,COPPER GETS SILK HANDS AND CLEAN,,
adv.kleispack.catch_everything,No More Fish in the Sea,No More Fish in the Sea,No More Fish in the Sea,,No More Fish in the Sea,И нет больше рыбы в море...,Mrtvé moře,Keine Fische mehr im Meer,,No hay más peces en el mar,Balık Kalmadı Denizde,No hay mas peces en el mar,海中再无鱼,,Koniec z Rybami w Morzu,У морі більше немає риби,No more fish in th' seas,Finiti i Pesci in Mare,ɐǝS ǝɥʇ uᴉ ɥsᴉℲ ǝɹoW oN,Keini Fisch mehr im Meer,OH NO ALL FISH GONE,,
adv.kleispack.catch_everything.desc,Catch Everything!,Catch Everything!,Catch Everything!,,Catch Everything!,Поймайте всё!,Všechny chytit máš!,Fange alles!,,¡Atrápalos a todos!,Her şeyi yakala!,¡Atrápalos a todos!,钓上所有的鱼！,Fang alt!,Złap wszystko!,Спіймайте всі види риби!,Catch all of 'em!,Pesca tutto!,¡ᵷuᴉɥʇʎɹǝʌƎ ɥɔʇɐƆ,Fang alles!,CATCH ALL DA FISH,,
adv.kleispack.cook_food,Powerful Flavours,Powerful Flavors,Powerful Flavours,,Powerful Flavours,Яркий аромат,Výrazné chutě,Intensive Geschmäcke,,Sabores intensos,Kuvvetli Tatlar,Sabores intensos,强大的风味,Kraftige smage,Potężne Smaki,Сила смаку,Flavours o' power,Potenti Sapori,sɹnoʌɐꞁℲ ꞁnɟɹǝʍoԀ,Intensivi Geschmäck,FOOD HAS SECRET STATS,,
adv.kleispack.cook_food.desc,Reveal the hidden aspect of a Food by cooking it on a Campfire or an Oven,Reveal the hidden aspect of a Food by cooking it on a Campfire or an Oven,Reveal the hidden aspect of a Food by cooking it on a Campfire or an Oven,,Reveal the hidden aspect of a Food by cooking it on a Campfire or an Oven,"Раскройте скрытые возможности еды, прпиготовив её на костре или в духовке",Odhal skryté vlastnosti jídel jejich upečením na ohni nebo v troubě,Offenbare den verborgenen Aspekt eines Nahrungsmittels durch das Kochen auf einem Lagerfeuer oder Ofen,,Revela la propiedad oculta de una comida asándola en una fogata u horno,Bir Yemeği Fırında veya Kamp Ateşinde pişirip gizli faydasını bul,Revela las propiedades ocultas de un alimento cocinándolo en una hoguera o un horno.,在营火或烤炉上烹饪食物，发掘其隐藏的一面,,,"Розкрийте приховану властивість їжі, приготувавши її на багатті або в духовій печі",Reveal th' hidden aspect of a food by cooking 't on a campfire or in an oven,Rivela l'aspetto segreto di un Cibo cucinandolo su un Falò o in Forno.,uǝʌO uɐ ɹo ǝɹᴉɟdɯɐƆ ɐ uo ʇᴉ ᵷuᴉʞooɔ ʎq pooℲ ɐ ɟo ʇɔǝdsɐ uǝppᴉɥ ǝɥʇ ꞁɐǝʌǝᴚ,Bring de verborgeni Aspekt vo nem Nahrungsmittel durchs Koche uf em Lagerfüür oder Ofe as Liecht,COOK FOOD UNTIL SECRET FOOD APPEAR,,
adv.kleispack.cook_secret_food,Hidden Flavours,Hidden Flavors,Hidden Flavours,,Hidden Flavours,Тайный аромат,Skryté chutě,Verborgene Geschmäcke,,Sabores ocultos,Gizli Tatlar,Sabores ocultos,隐藏的风味,Gemte smage,Ukryte Smaki,Таємні смаки,Hidden flavours,Sapori Nascosti,sɹnoʌɐꞁℲ uǝppᴉH,Verborgeni Geschmäck,SECRET NOM,,
adv.kleispack.cook_secret_food.desc,Cook a secret Ingredient,Cook a secret Ingredient,Cook a secret Ingredient,,Cook a secret Ingredient,Приготовьте тайный ингридиент,Uvař tajnou ingredienci,Koche eine geheime Zutat,,Pon a asar un ingrediente secreto,Gizli bir bileşen pişir,Cocina un ingrediente secreto.,烹饪一种秘密食材,Kokkerer en hemmelig ingrediens,,Приготуйте секретний інгредієнт,Cook a secret ingredient,Cucina un Ingrediente segreto.,ʇuǝᴉpǝɹᵷuI ʇǝɹɔǝs ɐ ʞooƆ,Koch e geheimi Zuetat,COOK DA SECRET THING,,
adv.kleispack.cook_secret_meal,Wait you can make that?,Wait you can make that?,Wait you can make that?,,Wait you can make that?,"Подождите, а такое можно сделать?","Počkat, to můžeš udělat?","Warte, das kann man herstellen?",,"Espera, ¿se puede hacer eso?",O da mı yapılıyor?,"Espera, ¿puedes hacer eso?",等等，这也能做？,"Vent, du kan lave det?","Chwila, można to zrobić?","Зачекайте, так можна було?",Shiver me timbers! Ye can make that?,"Aspe', lo sai cucinare?",¿ʇɐɥʇ ǝʞɐɯ uɐɔ noʎ ʇᴉɐM,"Wart, das ka me herstelle?",WAIT U CAN COOK DAT?!,,
adv.kleispack.cook_secret_meal.desc,Cook a secret Meal,Cook a secret Meal,Cook a secret Meal,,Cook a secret Meal,Приготовьте тайное блюдо,Uvař tajné jídlo,Koche ein geheimes Gericht,,Prepara una comida secreta,Gizli bir Öğün pişir,Cocina una comida secreta.,烹饪一顿秘密佳肴,Kokkerer et hemmeligt måltid,Zrób sekretny posiłek,Приготуйте секретну страву,Cook a secret meal,Cucina un Piatto segreto.,ꞁɐǝW ʇǝɹɔǝs ɐ ʞooƆ,Koch e gheimes Gericht,MAKE DA SECRET NOM,,
adv.kleispack.enter_nether,Orpheus,Orpheus,Orpheus,,Orpheus,Орфей,Orfeus,Orpheus,,Orfeo,Orfeus,Orfeo,俄耳甫斯,Orfeus,Orfeusz,Орфей,Orpheus,Orfeo,snǝɥdɹO,Orpheus,DOWN WE GO,,
adv.kleispack.enter_nether.desc,Descend into Hell,Descend into Hell,Descend into Hell,,Descend into Hell,Снизойдите в Ад,Sestup do podsvětí,Steige in die Hölle herab,,Desciende al infierno,Cehennem'e gir,Desciende al Infierno.,坠入地狱,,Zejdź do Piekła,Спустіться в Пекло,Descend into hell,Scendi negli Inferi.,ꞁꞁǝH oʇuᴉ puǝɔsǝᗡ,Stieg in d Hölle abe,GO TO BAD PLACE,,
adv.kleispack.find_stronghold,The End of Dreams,The End of Dreams,The End of Dreams,,The End of Dreams,Конец грёзам,Konec snění,Das Ende von Träumen,,El fin de los sueños,Rüyaların Sonu,El fin de los sueños,梦的尽头,,Koniec Snów,Кінець мрій,Th' end o' dreams,La Fine dei Sogni,sɯɐǝɹᗡ ɟo puƎ ǝɥ⟘,S Endi vo Träum,DREAMS = DELETED,,
adv.kleispack.find_stronghold.desc,Their Time is Near,Their Time is Near,Their Time is Near,,Their Time is Near,Их время на исходе,Jejich čas se krátí,Deren Zeit ist gekommen,,Su hora se acerca,Süreleri Doluyor,Su hora se acerca.,他们的时代已近,,Ich czas już mija,Їхній час близько,Their time be nigh,Il loro tempo si avvicina.,ɹɐǝN sᴉ ǝɯᴉ⟘ ɹᴉǝɥ⟘,Dene ihri Zit isch nooch,THEY ARE GETTING BONKED,,
adv.kleispack.kill_villager,God help you...,God help you...,God help you...,,God help you...,Лишь Бог тебе судья...,Bůh pomáhej...,Gott stehe dir bei...,,Dios te ayude...,Allah yardımcın olsun...,Dios te ayude...,愿神保佑你……,,Bóg Ci świadkiem...,Хай допоможе вам Бог…,Unnecessary swashbucklin',Che Dio ti salvi...,˙˙˙noʎ dꞁǝɥ po⅁,Au beichte hilft nümm,GOD PLS HELP,,
adv.kleispack.kill_villager.desc,Commit great evil,Commit great evil,Commit great evil,,Commit great evil,Совершите великое зло,Spáchej velké zlo,Begehe eine große Übeltat,,Comete un gran mal,Büyük kabahat işle,Comete una gran maldad.,犯下大恶,Udfør stor ondskab,Popełnij wielkie zło,Учиніть велике зло,Why'd ye kill th' fence?,Commetti un grande male.,ꞁᴉʌǝ ʇɐǝɹᵷ ʇᴉɯɯoƆ,Begang e grosses Übel,DO A VERY BAD,,
adv.kleispack.light_campfire,Prometheus be Damned,Prometheus be Damned,Prometheus be Damned,,Prometheus be Damned,"Чёрт тебя дери, Прометей!",K čertu s Prométheem,Verdammt sei Prometheus,,Al diablo con Prometeo,Prometheus Kimmiş,"Prometeo, maldito seas.",普罗米修斯当受诅咒,,,До біса Прометея!,Damned be Prometheus,Alla faccia di Prometeo,pǝuɯɐᗡ ǝq snǝɥʇǝɯoɹԀ,Verdammt sigi Prometheus,PROMETHEUS NOOO,,
adv.kleispack.light_campfire.desc,Light Kindling using Tinder or a Flint Firestarter,Light Kindling using Tinder or a Flint Firestarter,Light Kindling using Tinder or a Flint Firestarter,,Light Kindling using Tinder or a Flint Firestarter,Подожгите костёр с помощью трута или кремниевого огнива,Zapal vatru pomocí troudu nebo křesadla,Zünde Anzündholz mithilfe von Zunder oder einem Feueranzünder an,,Enciende leña usando chamiza o un encendedor,Kav veya Çakmak ile Çıra yak,Enciende leña usando yesca o un chispero.,用引火物或燧石点火器点燃柴薪,,,Підпаліть хмиз трутом або кресалом,Light kindling usin' tinder or a flint fire starter,,ɹǝʇɹɐʇsǝɹᴉℲ ʇuᴉꞁℲ ɐ ɹo ɹǝpuᴉ⟘ ᵷuᴉsn ᵷuᴉꞁpuᴉꞰ ʇɥᵷᴉꞀ,Zünd Ahzündhölzi mit Zunder oder nem Füürahzünder ah,MAKE FIRE WITH FIRE STARTY,,
adv.kleispack.obtain_adamant,A Divine Alloy,A Divine Alloy,A Divine Alloy,,A Divine Alloy,Божественный сплав,Božská slitina,Eine göttliche Legierung,,Una aleación divina,Kutsal Alaşım,Una aleación divina,神圣的合金,En Guddommelig Legering,,Божественний сплав,An alloy o' divinity,Una Lega Divina,ʎoꞁꞁⱯ ǝuᴉʌᴉᗡ Ɐ,E göttlichi Legierig,GOD METAL,,
adv.kleispack.obtain_adamant.desc,Adamant grants the weilder a Divine Constitution,Adamant grants the wielder a Divine Constitution,Adamant grants the wielder a Divine Constitution,,Adamant grants the wielder a Divine Constitution,Адамант дарует носителю Божественное Постановление,,Adamant verleiht dem Träger eine göttliche Verfassung,,El adamanto otorga a su portador una constitución Divina,"Adamantin, kullanana İlahi bir Bünye kazandırır",El Adamante otorga al portador una naturaleza divina.,精金赋予持有者神圣体质,,,Адамант дарує власникові божественну стійкість,Adamant grants the weild'r a divine constitution,L'Adamanto concede al proprietario una Costituzione Divina.,uoᴉʇnʇᴉʇsuoƆ ǝuᴉʌᴉᗡ ɐ ɹǝpꞁᴉǝʍ ǝɥʇ sʇuɐɹᵷ ʇuɐɯɐpⱯ,Adamant git em Träger e göttlichi Verfassig.,STRONK METAL MAKE U GODLY,,
adv.kleispack.obtain_adamant_tool,Apocryphal Adamant,Apocryphal Adamant,Apocryphal Adamant,,Apocryphal Adamant,Апокрифический адамант,,Apokryphales Adamant,,Adamanto apócrifo,Apokrif Adamantin,Adamante apócrifo,秘典精金,,,Апокрифічний адамант,Apocryphal adamant,Adamanto Apocrifo,ʇuɐɯɐpⱯ ꞁɐɥdʎɹɔodⱯ,Apokryphales Adamant,SUSPICIOUS STRONK METAL,,
adv.kleispack.obtain_adamant_tool.desc,Smith a piece of Admant Equipment from Diamond with Adamant Alloy,Smith a piece of Adamant Equipment from Diamond with Adamant Alloy,Smith a piece of Admant Equipment from Diamond with Adamant Alloy,,Smith a piece of Adamant Equipment from Diamond with Adamant Alloy,Скуйте предмет адамантового снаряжения из алмазного с помощью адамантового сплава,,Schmiede ein Stück Adamantausrüstung aus Diamant mit Adamant-Legierung,,Forja equipamiento de adamanto a partir de diamante y aleación de adamanto,Adamantin Alaşımı ile Elmastan Adamantin Ekipman döv,Forja una pieza de equipamiento de Adamante a partir de Diamante con aleación de Adamante.,用精金合金将钻石装备锻造成一件精金装备,,,Викуйте адамантове спорядження з діамантового за допомогою адамантового сплаву,Forge a piece o' admant equipment from diamond usin' adamant alloy,Forgia un Pezzo di Equipaggiamento di Adamanto dal Diamnte e Lega di Adamanto,ʎoꞁꞁⱯ ʇuɐɯɐpⱯ ɥʇᴉʍ puoɯɐᴉᗡ ɯoɹɟ ʇuǝɯdᴉnbƎ ʇuɐɯpⱯ ɟo ǝɔǝᴉd ɐ ɥʇᴉɯS,Schmied e Stück Adamantusrüstig us nem Diamant mit Adamant-Legierig,MAKE DIAMOND GO ULTRA,,
adv.kleispack.obtain_amber,Canto III,Canto III,Canto III,,Canto III,Песнь III,Canto III,Canto III,,Canto III,Bölüm III,Canto III,第三章,Canto III,,Пісня III,Canto III,Canto III,III oʇuɐƆ,Canto III,CANTO THREE!!!,,
adv.kleispack.obtain_amber.desc,Exhume the Pilgrim's Trails,Exhume the Pilgrim's Trails,Exhume the Pilgrim's Trails,,Exhume the Pilgrim's Trails,Оскверните тропы Пилигрима,,Exhumiere die Spur des Pilgerers,,Exhuma los senderos del peregrino,Seyyah'ın izlerini kaz,Exhuma los rastros del peregrino.,掘出朝圣者之路,,,Розкопайте стежку прочанина,Exhume th' pilgrim's trails,Riesuma la Via del Pellegrino,"sꞁᴉɐɹ⟘ s,ɯᴉɹᵷꞁᴉԀ ǝɥʇ ǝɯnɥxƎ",Exhumier d Spur vom Pilgerer,DIG UP OLD WALKY PATH,,
adv.kleispack.obtain_anvil,Repair & Reuse,Repair & Reuse,Repair & Reuse,,Repair & Reuse,"Чини, сколько влезет",,Reparieren & Wiederverwenden,,Reparar y reusar,"Tamir et, Tekrar et",Repara y reutiliza,修旧利废,,,Ремонтуй та користуйся,Repair 'n' reuse,Ripara e Riusa,ǝsnǝᴚ & ɹᴉɐdǝᴚ,Repariere und Wiederverwende,DONT THROW IT AWAY,,
adv.kleispack.obtain_anvil.desc,Anvils made from Steel can repair Any Equipment with its corresponding Base-Metal Ingot forever,Anvils made from Steel can repair Any Equipment with its corresponding Base-Metal Ingot forever,Anvils made from Steel can repair Any Equipment with its corresponding Base-Metal Ingot forever,,Anvils made from Steel can repair Any Equipment with its corresponding Base-Metal Ingot forever,"Наковальни из стали могут чинить снаряжение используя соответствующий базовый металл, без ограничений",,Aus Stahl gefertigte Ambosse können jegliche Ausrüstung endlos mit dessen Basismetall reparieren,,Los yunques de acero pueden reparar para siempre cualquier equipamiento con su respectivo lingote de metal base,Çelikten yapılan Örs ile herhangi ekipman denk gelen temel metali külçesi ile sonsuza kadar tamir edilebilir,"Los yunques de Acero pueden reparar cualquier equipamiento indefinidamente usando su material base correspondiente, ya sea una pepita o un lingote.",钢制铁砧可用相应的基础金属锭无限次修复任何装备,,,Сталеві ковадла ремонтують будь-яке спорядження за допомогою відповідного самородка або злитка основного металу - без обмежень,Anvils made o' hard steel can forever repair any equipment with its corresponding bullion o' base metal,,ɹǝʌǝɹoɟ ʇoᵷuI ꞁɐʇǝW-ǝsɐᗺ ᵷuᴉpuodsǝɹɹoɔ sʇᴉ ɥʇᴉʍ ʇuǝɯdᴉnbƎ ʎuⱯ ɹᴉɐdǝɹ uɐɔ ꞁǝǝʇS ɯoɹɟ ǝpɐɯ sꞁᴉʌuⱯ,Us Stahl gfertigti Amboss könne jeglichi Usrüstig ändlos mit ihrem Basismetall repariere,STRONK ANVIL FIXES GEAR FOREVER,,
adv.kleispack.obtain_blast_furnace,Burgeoning Metallurge,Burgeoning Metallurge,Burgeoning Metallurge,,Burgeoning Metallurge,Мамин металлург,Vzkvétající metalurgie,Aufstrebender Metallurge,,Metalurgia en desarrollo,Çiçek Açan Metalürj,Metalúrgico en ascenso,新兴冶金师,,,Металург-початківець,Burgeoning metallurge,Metallurgia Promettente,ǝᵷɹnꞁꞁɐʇǝW ᵷuᴉuoǝᵷɹnᗺ,Ufstrebende Metallurg,BABY METAL NERD,,
adv.kleispack.obtain_blast_furnace.desc,Blast Furnaces burn hotter than Kilns able to melt more durable Metals,Blast Furnaces burn hotter than Kilns and are able to melt more durable Metals,Blast Furnaces burn hotter than Kilns and are able to melt more durable Metals,,Blast Furnaces burn hotter than Kilns and are able to melt more durable Metals,"Плавильные печи горят ярче, чем Жаровня, что позволяет плавить более прочные металлы","Tavicí pece dosahují vyšších teplot než hliněné pece, a jsou tak schopny tavit odolnější kovy",Schmelzöfen brennen heißer als Lehmöfen und können beständigere Metalle schmelzen,,Los altos hornos arden más que los hornos de barro y pueden fundir metales más resistentes.,"Maden Eritme Ocağı, Çamur Ocaktan daha fazla ısınarak daha dayanıklı metalleri eritir",Los altos hornos arden más que los hornos de adobe y pueden fundir metales más resistentes.,高炉比窑烧得更热，能够熔化更耐久的金属,,,Плавильні печі гарячіші за саманні та здатні плавити тугоплавкіші метали,"Blast ovens burn hotter than mud 'uns, able t' melt more durable metals",,sꞁɐʇǝW ǝꞁqɐɹnp ǝɹoɯ ʇꞁǝɯ oʇ ǝꞁqɐ suꞁᴉꞰ uɐɥʇ ɹǝʇʇoɥ uɹnq sǝɔɐuɹnℲ ʇsɐꞁᗺ,Schmelzöfe brenne heisser als Lehmöfe und könne beständigeri Metall schmelze,BIG HOT OVEN MELTS STRONK METAL,,
adv.kleispack.obtain_bowl,Manners First,Manners First,Manners First,,Manners First,Где Ваши манеры?,Mistr E,Wie es sich schickt,,Modales ante todo,Önce Terbiye,Los modales primero,礼仪先行,,Najpierw Maniery,Манери насамперед,Manners first,Prima le Buone Maniere,ʇsɹᴉℲ sɹǝuuɐW,Wie sich's ghört,PLS SAY PLS,,
adv.kleispack.obtain_bowl.desc,Make a Ceramic Bowl from Bricks,Make a Ceramic Bowl from Bricks,Make a Ceramic Bowl from Bricks,,Make a Ceramic Bowl from Bricks,Сделайте керамическую миску из кирпичей,Vyrob keramickou misku z cihel,Fertige eine Keramikschüssel aus Ziegeln,,Haz un pocillo de ceramica a partir de ladrillos,Tuğladan Seramik Kase yap,Fabrica un cuenco de cerámica con ladrillos.,用砖制作陶瓷碗,,,Зробіть керамічну миску з цегли,Make a ceramic bowl from bricks o' clay,,sʞɔᴉɹᗺ ɯoɹɟ ꞁʍoᗺ ɔᴉɯɐɹǝƆ ɐ ǝʞɐW,Mach e Keramikschüssle us Ziegle,MAKE POTTERY BOWL,,
adv.kleispack.obtain_bronze_tool,Brilliant Bronze,Brilliant Bronze,Brilliant Bronze,,Brilliant Bronze,Сверкающая бронза,Brilantní bronz,Brilliantes Bronze,,Bronce brillante,Parmak Bronz,Bronce reluciente,出色的青铜,,Błyszczący Brąz,Блискуча бронза,Brilliant bronze,Bronzo Brillante,ǝzuoɹᗺ ʇuɐᴉꞁꞁᴉɹᗺ,Brilliantes Bronze,FAST COPPER GEAR,,
adv.kleispack.obtain_bronze_tool.desc,Smith a piece of Hepatizon Equipment from Copper with Hepatizon Alloy,Smith a piece of Hepatizon Equipment from Copper with Hepatizon Alloy,Smith a piece of Hepatizon Equipment from Copper with Hepatizon Alloy,,Smith a piece of Hepatizon Equipment from Copper with Hepatizon Alloy,Скуйте предмет гепатизонового снаряжения из медного с помощью гепатизонового сплава,,Schmiede ein Stück Hepatizonausrüstung aus Kupfer mit Hepatizon-Legierung,,Forja equipamiento de hepatizón a partir de cobre y aleación de hepatizón,Hepatizon Alaşımı ile Bakırdan Hepatizon Ekipman döv,Forja una pieza de equipamiento de Hepatizón a partir de Cobre con aleación de Hepatizón.,锻造一件青铜装备,,,Викуйте предмет гепатизонового спорядження з міді та сплаву гепатизону,Forge a piece o' corinthian brass equipment from copper usin' corinthian brass alloy,,ʎoꞁꞁⱯ uozᴉʇɐdǝH ɥʇᴉʍ ɹǝddoƆ ɯoɹɟ ʇuǝɯdᴉnbƎ uozᴉʇɐdǝH ɟo ǝɔǝᴉd ɐ ɥʇᴉɯS,Schmied e Stück Hepatizonusrüstig us Chupfer mit Hepatizon-Legierig,MAKE COPPER GO FAST WITH FANCY METAL,,
adv.kleispack.obtain_carbon_rich_iron,A Brittle Alloy?,A Brittle Alloy?,A Brittle Alloy?,,A Brittle Alloy?,Ломкий сплав?,Křehká slitina?,Eine brüchige Legierung?,,¿Una aleación frágil?,Dayanızsız Alaşım mı?,¿Una aleación frágil?,脆弱的合金？,,,Крихкий сплав?,A brittle alloy?,Una Lega Fragile?,¿ʎoꞁꞁⱯ ǝꞁʇʇᴉɹᗺ Ɐ,E brüchigi Legierig?,SAD METAL?,,
adv.kleispack.obtain_carbon_rich_iron.desc,Craft Carbon-Rich Iron with Iron and a Coal Block,Craft Carbon-Rich Iron with Iron and a Coal Block,Craft Carbon-Rich Iron with Iron and a Coal Block,,Craft Carbon-Rich Iron with Iron and a Coal Block,Сделайте чугун из железа и угольного блока,,Stelle kohlenstoffreiches Eisen aus Eisen und einem Kohleblock her,,Haz hierro enriquecido en carbono a partir de hierro y un bloque de carbón,Demir ve Kömür Bloğu ile Karbonca Zengin Demir yap,Fabrica acero sin refinar usando Hierro y un bloque de Carbón.,用铁和煤炭块合成高碳铁,Konstruer kulstofrigt jern med jern og en kulblok,,Створіть високовуглецеве залізо із заліза та блоку вугілля,Craft high-carbon steel with steel and a chunk o' fuel,,ʞɔoꞁᗺ ꞁɐoƆ ɐ puɐ uoɹI ɥʇᴉʍ uoɹI ɥɔᴉᴚ-uoqɹɐƆ ʇɟɐɹƆ,Stell kohlenstoffrieches Iise us Isse und em Kohleblock her,MIX COAL BLOCK AND IRON FOR STRONK READY,,
adv.kleispack.obtain_copper,Brazier,Brazier,Brazier,,Brazier,Жарковато,Měditepec,Kupferschmied,,Brasero,Maltız,Brasero,火盆,Brændeovn,,Глиняна піч,Brazier,Braciere,ɹǝᴉzɐɹᗺ,Kupferschmied,FIRE BOWL,,
adv.kleispack.obtain_copper.desc,Use a Mud Kiln to Smelt Copper,Use a Mud Kiln to Smelt Copper,Use a Mud Kiln to Smelt Copper,,Use a Mud Kiln to Smelt Copper,Используйте жаровню для переплавки меди,Vytav měd v hliněné peci,"Nutze einen Lehmofen, um Kupfer zu schmelzen",,Funde cobre en un horno de barro,Çamur Ocak ile Bakır Erit,Usa un horno de barro para fundir Cobre.,用泥窑冶炼铜,,,Виплавте мідь у глиняній печі,Use an oven o' mud to smelt copper,,ɹǝddoƆ ʇꞁǝɯS oʇ uꞁᴉꞰ pnW ɐ ǝs∩,"Verwänd e Lehmofe, um Kupfer z schmelze",MUD OVEN MAKE COPPER,,
adv.kleispack.obtain_divine_fragment,A Vestige of Divinity,A Vestige of Divinity,A Vestige of Divinity,,A Vestige of Divinity,Осколок божественности,,Ein göttliches Überbleibsel,,Un vestigio de divinidad,Tanrı İzi,Un vestigio de divinidad.,神性火花,Et levn af guddommeligheden,,Відблиск божественності,A vestige o' divinity,Un Vestigio di Divinità,ʎʇᴉuᴉʌᴉᗡ ɟo ǝᵷᴉʇsǝɅ Ɐ,Das het e Gott zruckgloh,GOD ROCK LEFTOVERS,,
adv.kleispack.obtain_divine_fragment.desc,A Relic only obtained by breaking Spawners or vanquishing powerful Forces,A Relic only obtained by breaking Spawners or vanquishing powerful Forces,A Relic only obtained by breaking Spawners or vanquishing powerful Forces,,A Relic only obtained by breaking Spawners or vanquishing powerful Forces,"Реликвия, получаемая только из рассадника монстров, или одержав победу над великой силой",,"Ein Relikt, nur erhältlich durch das Zerstören von Spawnern oder das Besiegen mächtiger Streitkräfte",,Una reliquia solo obtenida rompiendo Spawners o venciendo fuerzas poderosas,Sadece Çağırıcı kırarak veya kudretli Güçleri yenerek elde edilen bir Kalıntı,Una reliquia que solo se obtiene al destruir generadores de criaturas o al derrotar fuerzas poderosas.,只有破坏刷怪笼或击败强大存在才能获得的遗物,,,"Реліквію можна здобути, лише руйнуючи спавнери монстрів або долаючи могутніх ворогів",A relic only obtained by breakin' creators o' beasts or vanquishing powerful forces,,sǝɔɹoℲ ꞁnɟɹǝʍod ᵷuᴉɥsᴉnbuɐʌ ɹo sɹǝuʍɐdS ᵷuᴉʞɐǝɹq ʎq pǝuᴉɐʇqo ʎꞁuo ɔᴉꞁǝᴚ Ɐ,"E Relikt, nur erhältlich durchs Zerstöre vo Spawners oder durchs Besiege vo mächtige Stritkräft",KILL BIG THING FOR GOD ROCK,,
adv.kleispack.obtain_dry_grass,Harvester,Harvester,Harvester,,Harvester,Собиратель,Sekáč,Mähder,,Segador,Hasatçı,Recolector,收割者,,Zbieracz,Жнець,Harvest'r,Mietitura,ɹǝʇsǝʌɹɐH,Vo do kunnts Heu,GRASS GO YEET,,
adv.kleispack.obtain_dry_grass.desc,Use a Hoe to harvest Grass and dry it on a Campfire,Use a Hoe to harvest Grass and dry it on a Campfire,Use a Hoe to harvest Grass and dry it on a Campfire,,Use a Hoe to harvest Grass and dry it on a Campfire,"Используйте мотыгу для добычи травы, а потом посушите её на костре",,"Nutze eine Hacke, um Gras zu ernten und trockne es auf einem Lagerfeuer",,Corta pasto con un azadón y sécalo en una fogata,Çapa ile Çimen topla ve Kamp Ateşinde kurut,Usa una azada para recolectar hierba y sécala en una hoguera.,用锄收割草，再在营火上烘干,Brug en le til at høste græs og tør det på et bål,,Зберіть траву мотигою та висушіть її на багатті,Use a hoe t' harvest grass 'n' dry 't on a campfire,,ǝɹᴉɟdɯɐƆ ɐ uo ʇᴉ ʎɹp puɐ ssɐɹ⅁ ʇsǝʌɹɐɥ oʇ ǝoH ɐ ǝs∩,"Verwänd e Hacke, um Gras z ernte und tröchni es uf enem Lagerfüür",FARM STIK MAKE DRY GRASS,,
adv.kleispack.obtain_electrum_tool,Evangelic Electrum,Evangelic Electrum,Evangelic Electrum,,Evangelic Electrum,Евангельский электрум,,Evangelisches Elektrum,,Electro evangélico,Müjdeleyen Elektrum,Electrum evangélico.,圣启琥珀金,,,Освячений електрум,Evangelic electrum,Elettro Evangelico,ɯnɹʇɔǝꞁƎ ɔᴉꞁǝᵷuɐʌƎ,Evangelisches Elektrum,HOLY GOLD SILVER,,
adv.kleispack.obtain_electrum_tool.desc,Smith a piece of Electrum Equipment from Diamond with Electrum Alloy,Smith a piece of Electrum Equipment from Diamond with Electrum Alloy,Smith a piece of Electrum Equipment from Diamond with Electrum Alloy,,Smith a piece of Electrum Equipment from Diamond with Electrum Alloy,Скуйте предмет электрумового снаряжения из алмазного с помощью электрумового сплава,,Schmiede ein Stück Elektrumausrüstung aus Diamant mit Elektrum-Legierung,,Forja equipamiento de electro a partir de diamante y aleación de electro,Elektrum Alaşımı ile Elmastan Elektrum Ekipman döv,Forja una pieza de equipamiento de Electrum a partir de Diamante con aleación de Electrum.,锻造一件琥珀金装备,,,Викуйте предмет електрумового спорядження з діамантів та сплаву електруму,Smith a piece o' green gold equipment from diamond usin' green gold alloy,,ʎoꞁꞁⱯ ɯnɹʇɔǝꞁƎ ɥʇᴉʍ puoɯɐᴉᗡ ɯoɹɟ ʇuǝɯdᴉnbƎ ɯnɹʇɔǝꞁƎ ɟo ǝɔǝᴉd ɐ ɥʇᴉɯS,Schmied e Stück Elektrumusrüstig us enem Diamant mit Elektrum-Legierig,MAKE DIAMOND GO GOLDY SILVERY,,
adv.kleispack.obtain_estus,Hellish Powder,Hellish Powder,Hellish Powder,,Hellish Powder,Дьяволский порошок,Pekelný prášek,Höllisches Pulver,,Polvo infernal,Cehennem Tozu,Polvo infernal,地狱之粉,Helvedespulver,Diabelski proszek,Пекельний порошок,Hellish Powder,Polvere Infernale,ɹǝpʍoԀ ɥsᴉꞁꞁǝH,Pulver us de Höll,STINKY HOLY POWDER,,
adv.kleispack.obtain_estus.desc,It Radiates Holy Power. It kind of smells like Curry...maybe Cinnamon?,It Radiates Holy Power. It kind of smells like Curry... maybe Cinnamon?,It Radiates Holy Power. It kind of smells like Curry... maybe Cinnamon?,,It Radiates Holy Power. It kind of smells like Curry... maybe Cinnamon?,"Оно излучает святую силу. Пахнет, как карри... или, может, корица?",,Es strahlt heilige Kraft aus. Es riecht ein wenig nach Curry... vielleicht Zimt?,,Irradia poder sagrado... Huele un poco a curry... ¿Quizás canela?,Kutsal Güç Yayıyor. Sanki Körü kokuyor... belki de Tarçın?,Irradia poder sagrado. Huele un poco a curry... ¿quizás canela?,它散发着神圣之力。闻起来有点像咖喱...也许是肉桂？,Det afgiver guddommelige krafter. Det lugter lidt af karry..måske kanel?,,Він випромінює святу силу. І трохи пахне карі… чи все ж корицею?,It radiates holy power. Kinda smells o' spice... maybe bumbo?,,¿uoɯɐuuᴉƆ ǝqʎɐɯ˙˙˙ʎɹɹnƆ ǝʞᴉꞁ sꞁꞁǝɯs ɟo puᴉʞ ʇI ˙ɹǝʍoԀ ʎꞁoH sǝʇɐᴉpɐᴚ ʇI,S git Heiligi Kraft ab. Es schmöckt e bitzli nach Curry... oder Zimt?,VERY HOLY BUT SMELLS LIKE SOUP,,
adv.kleispack.obtain_gold,The Generous Metal,The Generous Metal,The Generous Metal,,The Generous Metal,Щедрый металл,Štědrý kov,Das großzügige Metall,,El metal generoso,Bonkör Metal,El metal generoso,慷慨的金属,Det generøse metal,,Щедрий метал,Th' generous metal,Il Metallo Generoso,ꞁɐʇǝW snoɹǝuǝ⅁ ǝɥ⟘,S grosszügigi Metall,THE GENEROUS METAL,,
adv.kleispack.obtain_gold.desc,Gold has Fortune and Looting Intrinsics,Gold has Fortune and Looting Intrinsics,Gold has Fortune and Looting Intrinsics,,Gold has Fortune and Looting Intrinsics,Золото имеет свойства Удачи и Добычи,Zlato má vlastnosti Štěstí a Kořisti,Gold besitzt Glück- und Plünderungseigenschaften,,El oro posee propiedades intrínsecas de Fortuna y Saqueo,Altının Servet ve Ganimet özgünlüğü vardır,El Oro tiene propiedades intrínsecas de Fortuna y Botín.,黄金天生具有时运与抢夺属性,,,Золоту притаманні Удача та Здобич,Gold has treasure 'n' plunderin' intrinsics,,sɔᴉsuᴉɹʇuI ᵷuᴉʇooꞀ puɐ ǝunʇɹoℲ sɐɥ pꞁo⅁,Gold het Glücks- und Plünderihgeschafte,GOLD IS LUCKY,,
adv.kleispack.obtain_green_curry,Too Spicy!,Too Spicy!,Too Spicy!,,Too Spicy!,Слишком остро!,Pálí!,Zu scharf!,,¡Picante!,Dilim Yandı!,¡Demasiado picante!,太辣了！,Alt for stærk!,Za Ostre!,Занадто гостро!,Too spicy!,Troppo Piccante!,¡ʎɔᴉdS oo⟘,Viel zu scharf!,OW OW TOO SPICY,,
adv.kleispack.obtain_green_curry.desc,Make Green Curry,Make Green Curry,Make Green Curry,,Make Green Curry,Приготовьте зелёное карри,Ukuchti zelené kari,Bereite grünes Curry zu,,Prepara curry verde,Yeşil köri hazırla,Prepara curry verde.,制作绿咖喱,Lav Grøn Karry,Zrób zielone curry,Приготуйте зелене карі,Make spiced sauce o' green,,ʎɹɹnƆ uǝǝɹ⅁ ǝʞɐW,Mach grünes Curry,MAKE GREN CURRY,,
adv.kleispack.obtain_heart,Crystal Heart!,Crystal Heart!,Crystal Heart!,,Crystal Heart!,Кристальное сердце!,Křišťálové srdce!,Kristallherz!,,¡Corazón de cristal!,Kristal Kalp,¡Corazón de cristal!,心之容器！,Crystal Hjerte!,Kryształowe Serce!,Кришталеве серце!,Heart o' crystal!,Cuore di Cristallo!,¡ʇɹɐǝH ꞁɐʇsʎɹƆ,Kristallherz!,SHINY HEART YIPPEE,,
adv.kleispack.obtain_heart.desc,A Permanent Boon as long as you don't die,A Permanent Boon as long as you don't die,A Permanent Boon as long as you don't die,,A Permanent Boon as long as you don't die,"Вечный дар, до тех пор, пока не сыграешь в ящик",Trvalá výhoda - dokud nezemřeš,"Ein permanenter Segen, sofern du nicht stirbst",,Una bendición permanente mientras no te mueras,Ölmediğin sürece kalıcı bir nimet,"Una bendición permanente, mientras no mueras...",永久的恩赐，只要你不死,"En permanent velsignelse, så længe du ikke dør!","Stały dar, dopóki nie umrzesz *",Постійний дар - до першої смерті,A permanent boon - as long as ye don't die,,"ǝᴉp ʇ,uop noʎ sɐ ᵷuoꞁ sɐ uooᗺ ʇuǝuɐɯɹǝԀ Ɐ","E permanente Säge, usser du stirbsch",FREE BUFF UNTIL U DIE,,
adv.kleispack.obtain_iron_ingot,The Stalwart Metal,The Stalwart Metal,The Stalwart Metal,,The Stalwart Metal,Стойкий металл,Neochvějný kov,Das standhafte Metall,,El metal firme,Sarsılmaz Metal,El metal inquebrantable,坚毅的金属,,,Стійкий метал,The stalwart metal,Il Metallo Saldo,ꞁɐʇǝW ʇɹɐʍꞁɐʇS ǝɥ⟘,S standhafte Metall,IRON JUST IRON,,
adv.kleispack.obtain_iron_ingot.desc,Iron has no Intrinsic Properties and can only Host Steel,Iron has no Intrinsic Properties and can only Host Steel,Iron has no Intrinsic Properties and can only Host Steel,,Iron has no Intrinsic Properties and can only Host Steel,Железо не имеет особых свойств и может принять только Сталь,Železo nemá žádné vlastnosti a může hostit pouze ocel,Eisen besitzt keine eigenen Eigenschaften und kann ausschließlich Stahl aufnehmen,,El hierro no posee propiedades intrínsecas y solo puede albergar acero,Demirin kendine özgü özelliği yok ve sadece çelik barındırabilir,El Hierro no tiene propiedades intrínsecas y solo puede albergar Acero.,铁没有固有属性，只能承载钢,,,Залізо не має власних властивостей і може слугувати основою лише для сталі,Steel has no intrinsic properties 'n' can only host hard steel,,ꞁǝǝʇS ʇsoH ʎꞁuo uɐɔ puɐ sǝᴉʇɹǝdoɹԀ ɔᴉsuᴉɹʇuI ou sɐɥ uoɹI,Iise bsitzt keini eigene Ihgeschafte und ka numme Stahl ufnäh,IRON BORING BUT CAN HOLD STRONK,,
adv.kleispack.obtain_japanese_curry,Hearty Curry,Hearty Curry,Hearty Curry,,Hearty Curry,"Карри, что греет сердце","Kari, co tě zahřeje u srdce",Herzhaftes Curry,,Curry sustancioso,Şifalı Köri,Curry sustancioso,丰盛的咖喱,,,Ситне карі,A hearty spice,,ʎɹɹnƆ ʎʇɹɐǝH,Herzliches Curry,BIG HEARTY CURRY,,
adv.kleispack.obtain_japanese_curry.desc,Make Japanese Curry,Make Japanese Curry,Make Japanese Curry,,Make Japanese Curry,Приготовьте Японское карри,Ukuchti japonské kari,Bereite japanisches Curry zu,,Prepara curry japonés,Japon Körisi yap,Prepara curry japonés.,制作日式咖喱,Lav Japansk Karry,Zrób japońskie curry,Приготуйте японське карі,Make spiced sauce from o'er seas,,ʎɹɹnƆ ǝsǝuɐdɐՐ ǝʞɐW,Mach es japanisches Curry,MAKE JAPAN CURRY,,
adv.kleispack.obtain_kiln,Ancient Technology,Ancient Technology,Ancient Technology,,Ancient Technology,Технология древних,Starodávná technologie,Uralte Technologie,,Tecnología ancestral,Antik Teknoloji,Tecnología antigua,古老的技术,Oldgammel teknologi,Starożytna Technologia,Стародавня технологія,A fine contraption,Tecnologia Antica,ʎᵷoꞁouɥɔǝ⟘ ʇuǝᴉɔuⱯ,D Technologie vom Ur-Ur-Grosspapi,OLD TECH,,
adv.kleispack.obtain_kiln.desc,Construct a Kiln made from Mudbricks,Construct a Kiln made from Mudbricks,Construct a Kiln made from Mudbricks,,Construct a Kiln made from Mudbricks,Сконструируйте жаровню из саманных кирпичей,Vyrob pec z vepřovic,Errichte einen Ofen aus Tonziegeln,,Construye un horno de barro con ladrillos de adobe,Çamur tuğlalardan yapılan ocak oluştur,Construye un horno de adobe hecho de ladrillos de adobe.,用泥砖建造一座窑,Lav en Brændingsovn med Muddermursten,,Складіть піч із цегли,Construct an oven o' mud usin' bricks o' clom,,sʞɔᴉɹqpnW ɯoɹɟ ǝpɐɯ uꞁᴉꞰ ɐ ʇɔnɹʇsuoƆ,Bau e Ofe us Tonziegel,MAKE MUD HOT BOX,,
adv.kleispack.obtain_mattock,Two in One,Two in One,Two in One,,Two in One,Два в одном,2v1,Zwei-in-eins,,Dos en uno,İkisi Bir Arada,Dos en uno,一物两用,To i En,Dwa w jednym,Два в одному,Two in one,Due al Prezzo di Uno,ǝuO uᴉ oʍ⟘,Zwei in einem,TWO BONKS ONE TOOL,,
adv.kleispack.obtain_mattock.desc,Mattocks and Dolabras work as two tools in one but mine slower than their base tools,Mattocks and Dolabras work as two tools in one but mine slower than their base tools,Mattocks and Dolabras work as two tools in one but mine slower than their base tools,,Mattocks and Dolabras work as two tools in one but mine slower than their base tools,"Маттоки и долабры работают как два инструмента одновременно, но добывают медленее, чем их инструменты по отдельности",,"Breithacken und Dolabras funktionieren als zwei Werkzeuge in einem, bauen aber langsamer ab als deren Basiswerkzeuge",,"Los zapapicos y las dolabras sirven como dos herramientas en una, pero pican más lento que sus herramientas base",Tirbidin ve gedmen iki aletin işini tekte görür. Ancak temel ekipmanından yavaştır.,"Los azadones y dolabras funcionan como dos herramientas en una, pero minan más lentamente que sus herramientas base.",鹤嘴锄和斧镐一物两用，但挖掘速度慢于其基础工具,,,"Мотиги-лопати та долабри поєднують у собі по два інструменти, але працюють повільніше за звичайні аналоги","Mattocks 'n' dolabras work as two tools in one, but mine slower than their base tools",,sꞁooʇ ǝsɐq ɹᴉǝɥʇ uɐɥʇ ɹǝʍoꞁs ǝuᴉɯ ʇnq ǝuo uᴉ sꞁooʇ oʍʇ sɐ ʞɹoʍ sɐɹqɐꞁoᗡ puɐ sʞɔoʇʇɐW,"Breithacke und Dolabras funktioniere als zwei Werkzüüg in einem, baue aber langsamer ab als ihri Basiswerkzüüg",TWO TOOL THING BUT SLOW,,
adv.kleispack.obtain_nazar,Apotropaic Jewellery,Apotropaic Jewellery,Apotropaic Jewellery,,Apotropaic Jewellery,Оберегающее украшение,Zlodvracející talisman,Apotropäischer Schmuck,,Joyería apotropaica,Koruyucu Takı,Joyería apotropaica,辟邪珠宝,,,Апотропеїчна прикраса,Apotropaic Jewellery,Gioielleria Apotropaica,ʎɹǝꞁꞁǝʍǝՐ ɔᴉɐdoɹʇodⱯ,Apotropäische Schmuck,SPOOKY WARD BLING,,
adv.kleispack.obtain_nazar.desc,Holding a Lapis Nazar will Ward the Dead it can also be attached to some Equipment,Holding a Lapis Nazar will Ward the Dead. It can also be attached to some Equipment,Holding a Lapis Nazar will Ward the Dead. It can also be attached to some Equipment,,Holding a Lapis Nazar will Ward the Dead. It can also be attached to some Equipment,"Держа в руках назар он будет отгонять нежить, также его можно прикрепить к снаряжению",,Das Halten eines Lapis-Nazar wehrt die Toten ab. Es kann auch an mancher Ausrüstung befestigt werden.,,Un nazar de lapislázuli en la mano te protejerá de los muertos. También puede ser fijado a ciertos equipamientos,Lapis Nazar Boncuğu tutmak ölüden korur. Aynı zamanda bazı ekipmanlara da takılabilir,Llevar un Nazar de Lapislázuli ahuyentará a los muertos; también puede fijarse a cierto equipamiento.,手持青金石邪眼可以抵御亡者，它还可以镶嵌到某些装备上,,,Лазуритовий око Фатіми в руці оберігає від мертвих; його також можна прикріпити до деяких предметів спорядження,Holding a nazar o' lāzhward will ward away the dead. It can also be attached t' some equipment,,ʇuǝɯdᴉnbƎ ǝɯos oʇ pǝɥɔɐʇʇɐ ǝq osꞁɐ uɐɔ ʇᴉ pɐǝᗡ ǝɥʇ pɹɐM ꞁꞁᴉʍ ɹɐzɐN sᴉdɐꞀ ɐ ᵷuᴉpꞁoH,S Halte vo Lapis Nazar wehrt d Tote ab. Es ka au ah einigi Usrüstig befestigt werde.,BLUE SPOOKY EYE KEEPS DEAD AWAY,,
adv.kleispack.obtain_obol,You're Rich!,You're Rich!,You're Rich!,,You're Rich!,Кто хочет стать миллионером?,Jsi boháč!,Du bist reich!,,¡Eres rico!,Köşeyi Dönmüşsün!,Economía en auge,你发财了！,Du er Rig!,,Ви багаті!,Yer Rich!,Ricchezze!,"¡ɥɔᴉᴚ ǝɹ,no⅄",Jetzt bisch riech!,MONEYYYY,,
adv.kleispack.obtain_obol.desc,Obtain an Obol,Obtain an Obol,Obtain an Obol,,Obtain an Obol,Добудьте обол,Získej obolos,Erhalte einen Obolus,,Consigue un obol,Obol edin,Obtén un Óbolo.,获得一枚奥波勒斯,,,Отримайте обол,Obtain an obol,,ꞁoqO uɐ uᴉɐʇqO,Erhalt e Obolus,GET DA ANCIENT MONEY,,
adv.kleispack.obtain_opal,Canto I,Canto I,Canto I,,Canto I,Песнь I,Canto I,Canto I,,Canto I,I. Kanto,Canto I,第一章,Canto I,,Пісня I,Canto I,Canto I,I oʇuɐƆ,Canto I,CANTO ONE!!!,,
adv.kleispack.obtain_opal.desc,Defeat the Sea God,Defeat the Sea God,Defeat the Sea God,,Defeat the Sea God,Одержите победу над Богом Морей,Poraž boha moří,Besiege den Meeresgott,,Derrota al dios del mar,Okyanusun Efendisini Devir,Derrota al Dios del Mar.,击败海神,Besejer havguderne,Pokonaj Boga Morza,Переможіть Морського Бога,Defeat the Sea God,Sconfiggi il Dio Del Mare,po⅁ ɐǝS ǝɥʇ ʇɐǝɟǝᗡ,Bekämpf de Meeresgott,BONK SEA GOD,,
adv.kleispack.obtain_oven,Now You're Cooking,Now You're Cooking,Now You're Cooking,,Now You're Cooking,Запахло жареным,,Jetzt bist du am kochen,,Ahora sí estamos cocinando,Şimdi Pişiriyorsun,Ahora sí estamos cocinando,这才叫下厨！,Så er der serveret!,Teraz Pichcisz,Ось тепер готуємо!,Now yer cookin',Alla Brace,"ᵷuᴉʞooƆ ǝɹ,no⅄ ʍoN",Jetzt kochsch!,NOW U COOKIN,,
adv.kleispack.obtain_oven.desc,Construct an Oven from Bricks and Iron,Construct an Oven from Bricks and Iron,Construct an Oven from Bricks and Iron,,Construct an Oven from Bricks and Iron,Сконструируйте духовку из железа и кирпичей,Vyrob troubu z cihel a železa,Stelle einen Ofen aus Ziegeln und Eisen her,,Construye un horno con ladrillos y hierro,Tuğla ve demir kullanarak fırın inşa et,Construye un horno con ladrillos y hierro.,用砖和铁建造一座烤炉,konstruer en ovn med Mursten og Jern,,Складіть духовку із цегли та заліза,Construct a galley oven from bricks 'n' steel,,uoɹI puɐ sʞɔᴉɹᗺ ɯoɹɟ uǝʌO uɐ ʇɔnɹʇsuoƆ,Mach e Ofe us Ziegle und Iise,MAKE HOT BOX,,
adv.kleispack.obtain_paneer_mahkani,Sweet and Spicy!,Sweet and Spicy!,Sweet and Spicy!,,Sweet and Spicy!,Сладок и остр!,Sladké a pálivé!,Süß und Scharf!,,¡Dulce y picante!,Hem Acı Hem Tatlı!,¡Dulce y picante!,甜辣相济,Sød OG Stærk!,Słodko-ostre!,Солодко й гостро!,Sweet 'n' spicy!,Dolce e Piccante!,¡ʎɔᴉdS puɐ ʇǝǝʍS,Süess und Scharf!,SWEET + SPICY = NOM,,
adv.kleispack.obtain_paneer_mahkani.desc,Make Paneer Makhani all Foods have viable Vegetarian Options,Make Paneer Makhani. All Foods have viable Vegetarian Options,Make Paneer Makhani. All Foods have viable Vegetarian Options,,Make Paneer Makhani. All Foods have viable Vegetarian Options,Приготовьте панир махани. Любая еда имеет вегетарианский вариант,Ukuchti paneer makhani. Všechny jídla mají své vegetariánské varianty,Koche Paneer Makhani. Alle Gerichte besitzen vegetarische Alternativen.,,Prepara Paneer Makhani. Toda comida tiene opciones vegetarianas viables,Paneer Makhani hazırla. Tüm yemeklerin uygun vejetaryen seçenekler mevcuttur,"Prepara un paneer makhani, todos los alimentos tienen opciones vegetarianas viables.",制作玛卡尼奶豆腐，所有食物都有可行的素食选项,Lav Paneer Makhani. Al mad har brugbare vegetarmuligheder,,Приготуйте панір махані - кожна страва має повноцінний вегетаріанський варіант,Make cheesy spiced sauce; all foods have options fer herbivores,,suoᴉʇdO uɐᴉɹɐʇǝᵷǝɅ ǝꞁqɐᴉʌ ǝʌɐɥ spooℲ ꞁꞁɐ ᴉuɐɥʞɐW ɹǝǝuɐԀ ǝʞɐW,Koch Paneer Makhani. Alli Gricht hän vegetarische Alternative.,MAKE CHEEZ CURRY AND BE VEGGIE,,
adv.kleispack.obtain_ramen,The Best Soup!,The Best Soup!,The Best Soup!,,The Best Soup!,Суп всех супов!,Ta nejlepší polévka!,Die Beste Suppe!,,¡La mejor sopa!,Çorbaların Kralı!,¡La mejor sopa!,最好的汤,Den Bedste Suppe!,Najlepsza zupa!,Найкращий суп!,Th' best soup!,Il Miglior Brodo!,¡dnoS ʇsǝᗺ ǝɥ⟘,D Beschti Suppe!,BEST SOUP YIPPEE,,
adv.kleispack.obtain_ramen.desc,Make Ramen,Make Ramen,Make Ramen,,Make Ramen,Приготовьте рамэн,Ukuchti ramen,Koche Ramen,,Prepara ramen,Ramen yap,Prepara ramen.,制作拉面,Lav Ramen,Zrób ramen,Приготуйте рамен,Make ramen,,uǝɯɐᴚ ǝʞɐW,Koch Ramen,MAKE NOODLE SOUP,,
adv.kleispack.obtain_ruby,Canto II,Canto II,Canto II,,Canto II,Песнь II,Canto II,Canto II,,Canto II,II. Kanto,Canto II,第二章,Canto II,,Пісня II,Canto II,Canto II,II oʇuɐƆ,Canto II,CANTO TWO!!!,,
adv.kleispack.obtain_ruby.desc,Pillage the Remnants of Pandaemonium,Pillage the Remnants of Pandaemonium,Pillage the Remnants of Pandaemonium,,Pillage the Remnants of Pandaemonium,Опустошите некогда великий Пандемониум,,Plündere die Überreste eines Pandämoniums,,Saquea los restos del Pandemónium,Curcunanın kalıntılarını yağmala,Saquea los restos del Pandemónium.,洗劫万魔殿的残骸,Plynder resterne af Pandæmonium,,Розграбуйте залишки Пандемоніуму,Pillage th' remnants o' Pandaemonium,,ɯnᴉuoɯǝɐpuɐԀ ɟo sʇuɐuɯǝᴚ ǝɥʇ ǝᵷɐꞁꞁᴉԀ,Plünder d Überrescht vo nem Pandämonium,LOOT THE SPOOKY PLACE,,
adv.kleispack.obtain_silver,The Warding Metal,The Warding Metal,The Warding Metal,,The Warding Metal,Оберегающий металл,,Das abwehrende Metall,,El metal protector,Koruyucu Metal,El metal protector,辟邪金属,,,Метал-оберіг,Th' wardin' metal,Il Metallo Protettore,ꞁɐʇǝW ᵷuᴉpɹɐM ǝɥ⟘,S abwehrende Metall,SILVER SAY NO SPOOKY,,
adv.kleispack.obtain_silver.desc,"Silver, a once-common Apotropaic Metal is only found naturally-occurring in Mountains. Most deposits are now harboured in Abbeys","Silver, a once-common Apotropaic Metal is only found naturally-occurring in Mountains. Most deposits are now harboured in Abbeys","Silver, a once-common Apotropaic Metal is only found naturally-occurring in Mountains. Most deposits are now harboured in Abbeys",,"Silver, a once-common Apotropaic Metal is only found naturally-occurring in Mountains. Most deposits are now harboured in Abbeys","Серебро, некогда распространенный святой металл, встречается в природе только в горах. Теперь многие залежи укрываются в Монастырях",,"Silber, ein einst weit verbreitetes, apotropäisches Metall, kommt in der Natur nur in Gebirgen vor. Die meisten Vorkommen befinden sich heute in Abteien.", ,"La plata, un metal apotropaico que alguna vez fue común, solo se encuentra naturalmente en las montañas. Gran parte de los depósitos ahora yacen en las abadías","Bir zamanlar yaygın olup uğursuzlukları önleyen gümüş, doğada yalnızca dağlarda bulunur. Günümüzde bu madenin yataklarının çoğu manastırlarda muhafaza edilmektedir.","La Plata, desde antaño un metal apotropaico común, solo se encuentra de forma natural en las montañas. La mayoría de los yacimientos ahora se encuentran en monasterios.",银是一种只在山中发现的稀有辟邪金属，能够增强合金与基础金属的属性,,,"Срібло, колись поширений апотропейний метал, тепер у природному вигляді трапляється лише в горах. Більшість його запасів нині зберігається в абатствах","Silver, a once-common apotropaic metal, is only found naturally-occurring in th' mountaintops. Most deposits 're now 'arboured in abbeys",,sʎǝqq∀ uᴉ pǝɹnoqɹɐɥ ʍou ǝɹɐ sʇᴉsodǝp ʇsoW ˙suᴉɐʇunoW uᴉ ƃuᴉɹɹnɔɔo-ʎllɐɹnʇɐu punoɟ ʎluo sᴉ 'lɐʇǝW ɔᴉɐdoɹʇod∀ uoɯɯoɔ-ǝɔuo ɐ 'ɹǝʌlᴉS,"Silber, e apotropäisches Metall wo mol weitverbreitet gseh isch, kunnt natürlich nur in Gebirge vor. Die meischte Vorkomme befinde sich hüt in de Abteie.",SPOOKY AWAY METAL IS ON MOUNTAINS AND BIG CHURCHES,,
adv.kleispack.obtain_smithing_table,Master Metallurge,Master Metallurge,Master Metallurge,,Master Metallurge,Мастер металлург,,Meister-Metallurge,,Maestro metalúrgico,Metallurji Uzmanı,Maestro metalúrgico,冶金大师,,,Майстер-металург,Master o' th' forge,Metallurgia Maestra,ǝᵷɹnꞁꞁɐʇǝW ɹǝʇsɐW,Meischter-Metallurg,METAL NERD MAX LEVEL,,
adv.kleispack.obtain_smithing_table.desc,Smithing Tables allow you to modify Base-Metal tools using Alloys,Smithing Tables allow you to modify Base-Metal tools using Alloys,Smithing Tables allow you to modify Base-Metal tools using Alloys,,Smithing Tables allow you to modify Base-Metal tools using Alloys,Стол кузнеца позволяет модифицировать снаряжение из базовых металлов используя сплавы,,Schmiedetische erlauben das Modifizieren von Basismetallen mittels Legierungen,,Las mesas de herrería te permiten modificar herramientas de metal base usando aleaciones,"Demirci tezgahları, alaşımları kullanarak temel metal aletleri modifiye etmenizi sağlar",Las mesas de herrería permiten modificar herramientas de materiales base usando aleaciones.,锻造台允许你用合金改造基础金属工具,,,Ковальський стіл дозволяє змінювати інструменти з основних металів за допомогою сплавів,Forgin' benches allow yer t' modify base metal tools usin' alloys,,sʎoꞁꞁⱯ ᵷuᴉsn sꞁooʇ ꞁɐʇǝW-ǝsɐᗺ ʎɟᴉpoɯ oʇ noʎ ʍoꞁꞁɐ sǝꞁqɐ⟘ ᵷuᴉɥʇᴉɯS,Schmiedetisch erlaube s Modifiziere vo Basismetall durch Legierige,PUT FANCY METAL ON BONK TOOLS,,
adv.kleispack.obtain_smithing_upgrade,Upgrades,Upgrades,Upgrades,,Upgrades,Улучшения,Vylepšení,Aufwertung,,Mejoras,Güçlendirmeler,"Mejoras señores, mejoras",升级,Opgraderinger,Awanse ?,Покращення,Upgrades,Miglioramenti,sǝpɐɹᵷd∩,Aufwärtig,MAKE BONK BETTER,,
adv.kleispack.obtain_smithing_upgrade.desc,Smithing Upgrades are used to Modify and Upgrade Mattocks and Dolabras,Smithing Upgrades are used to Modify and Upgrade Mattocks and Dolabras,Smithing Upgrades are used to Modify and Upgrade Mattocks and Dolabras,,Smithing Upgrades are used to Modify and Upgrade Mattocks and Dolabras,Шаблон для ковки используется в модификации маттоков и долабр,,Wasserfläsche,,Las mejoras de herrería se utilizan para modificar y mejorar zapapicos y dolabras,"Demirci tezgahları, tirpidin ve gedmenlerı modifiye etmek ve güçlendirmek için kullanılır",Las mejoras de herrería se utilizan para modificar y mejorar azadones y dolabras.,锻造升级件用于改造和升级鹤嘴锄与斧镐,,,Шаблони ковальського покращення дозволяють змінювати та покращувати мотиги-лопати та долабри,Upgrade templates o' smithing are used t' modify 'n' upgrade mattocks 'n' dolabras,Gli Schemi di Forgiatura sono usati per Modificare e Migliorare Zappascuri e Dolabelle.,sɐɹqɐꞁoᗡ puɐ sʞɔoʇʇɐW ǝpɐɹᵷd∩ puɐ ʎɟᴉpoW oʇ pǝsn ǝɹɐ sǝpɐɹᵷd∩ ᵷuᴉɥʇᴉɯS,"Aufwärtigs-Schmiedevorlage wärde verwendet, um Breithacke und Dolabras ahzpasse und z verbessere.",MAKE DOUBLE DIGGY BETTER,,
adv.kleispack.obtain_smooth_stone,Mason,Mason,Mason,,Mason,Каменщик,Zedník,Maurer,,Cantero,Mason,Albañil,石匠,Murer,,Муляр,Mason,Muratore,uosɐW,Muurer,BRIC MAKER,,
adv.kleispack.obtain_smooth_stone.desc,Kilns excel at processing Earthen Materials,Kilns excel at processing Earthen Materials,Kilns excel at processing Earthen Materials,,Kilns excel at processing Earthen Materials,Жаровни идеальны для переплавки горных пород,,Lehmöfen eignen sich hervorragend für die Verarbeitung erdiger Materialien,,Los hornos de tierra son excelentes para procesar materiales térreos,Fırın dünyevi materyalleri işlemeye sağlar,Los hornos de adobe destacan en el procesamiento de materiales térreos.,窑擅长加工土质材料,,,Глиняні печі чудово підходять для обробки мінеральної сировини,Ovens o' mud excel at processing earthen materials,,sꞁɐᴉɹǝʇɐW uǝɥʇɹɐƎ ᵷuᴉssǝɔoɹd ʇɐ ꞁǝɔxǝ suꞁᴉꞰ,Lehmöfe eigne sich super für d Verarbeitig vo erdige Materialie,MUD HOT BOX GOOD AT ROCKS,,
adv.kleispack.obtain_steel,A Tough Alloy,A Tough Alloy,A Tough Alloy,,A Tough Alloy,Крепкий сплав,Tuhá slitina,Eine robuste Legierung,,Una aleación dura,Dayanıklı Bir Alaşım,Una aleación resistente,坚韧的合金,En hård legering,,Міцний сплав,A tough alloy,Una Lega Dura,ʎoꞁꞁⱯ ɥᵷno⟘ Ɐ,E robusti Legierig,IRON GO STRONK,,
adv.kleispack.obtain_steel.desc,Made by blasting Carbon-Rich Iron Steel grants Iron Equipment Knockback and greatly increased Durability,"Made by blasting Carbon-Rich Iron, Steel grants Iron Equipment Knockback and greatly increased Durability","Made by blasting Carbon-Rich Iron, Steel grants Iron Equipment Knockback and greatly increased Durability",,"Made by blasting Carbon-Rich Iron, Steel grants Iron Equipment Knockback and greatly increased Durability","Переплавив чугун, сталь дарует железному снаряжению Отдачу и значительно увеличивает его долговечность",,Hergestellt durch das Schmelzen von kohlestoffreichem Eisen. Stahl verleiht Eisenausrüstung Rückstoß und stark erhöhte Haltbarkeit.,,"Creado en un alto horno a partir de hierro enriquecido en carbono, el acero otorga al equipamiento de hierro Empuje y un grado mucho mayor de durabilidad","Karbonca zengin demir çeliğin kumlatılmasıyla üretilen bu malzeme, demir ekipmanlara geri savurma kazandırıp dayanıklılığını büyük ölçüde artırır",Se obtiene fundiendo acero sin refinar. El acero otorga al equipamiento de Hierro resistencia al retroceso y una durabilidad considerablemente mayor.,通过冶炼高碳铁制成，钢赋予铁装备击退效果和大幅提升的耐久,,,Сталь отримують переплавлянням високовуглецевого заліза в плавильній печі. Вона наділяє залізне спорядження Відкиданням і значно підвищує його міцність,"Made by blasting high-carbon steel, hard steel grants steel equipment knockback 'n' greatly increased durability",,ʎʇᴉꞁᴉqɐɹnᗡ pǝsɐǝɹɔuᴉ ʎꞁʇɐǝɹᵷ puɐ ʞɔɐqʞɔouꞰ ʇuǝɯdᴉnbƎ uoɹI sʇuɐɹᵷ ꞁǝǝʇS uoɹI ɥɔᴉᴚ-uoqɹɐƆ ᵷuᴉʇsɐꞁq ʎq ǝpɐW,Wird durch s Schmelzee vo kohlestoffriechem Iise gmacht. Stahl git Iiseusrüstig Rückstoss und stark erhöhti Haltbarkeit.,COAL IRON BECOME STRONK IRON,,
adv.kleispack.obtain_steel_tool,Sturdy Steel,Sturdy Steel,Sturdy Steel,,Sturdy Steel,Прочная сталь,Odolná ocel,Robuster Stahl,,Acero robusto,Sağlam Çelik,Acero robusto,坚固的钢,Robust stål,,Надійна сталь,Healthy hard steel,Acciaio Robusto,ꞁǝǝʇS ʎpɹnʇS,Robuste Stahl,STRONK STEEL,,
adv.kleispack.obtain_steel_tool.desc,Smith a piece of Steel Equipment from Iron with Steel Alloy,Smith a piece of Steel Equipment from Iron with Steel Alloy,Smith a piece of Steel Equipment from Iron with Steel Alloy,,Smith a piece of Steel Equipment from Iron with Steel Alloy,Скуйте предмет стального снаряжения из железного с помощью стального сплава,,Schmiede ein Stahl-Ausrüstungsteil aus Eisen mit Stahl-Legierung,,Forja equipamiento de acero a partir de hierro y aleación de acero,"Demiri, çelik alaşım kullanarak çelik ekipman parçası işle",Forja una pieza de equipamiento de Acero a partir de Hierro con aleación de Acero.,锻造一件钢装备,,,Викуйте сталеве спорядження із заліза та сплаву сталі,Smith a piece o' hard steel equipment from steel usin' hard steel alloy,,ʎoꞁꞁⱯ ꞁǝǝʇS ɥʇᴉʍ uoɹI ɯoɹɟ ʇuǝɯdᴉnbƎ ꞁǝǝʇS ɟo ǝɔǝᴉd ɐ ɥʇᴉɯS,Schmied e Stahl-Usrüstigsteil us Iise mit Stahl-Legierig,MAKE IRON GEAR STRONK,,
adv.kleispack.obtain_topaz,Canto IV,Canto IV,Canto IV,,Canto IV,Песнь IV,Canto IV,Canto IV,,Canto IV,Kanto IV,Canto IV,第四章,Canto IV,,Пісня IV,Canto IV,Canto IV,ɅI oʇuɐƆ,Canto IV,CANTO FOUR!!!,,
adv.kleispack.obtain_topaz.desc,Raid Tartarus,Raid Tartarus,Raid Tartarus,,Raid Tartarus,Захватите Тартар,Vypleň Tartarus,Überfalle Tartarus,,Asalta el Tártaro,Tartarus'a baskın kur,Asalta el Tártaro,突袭塔尔塔罗斯,,,Загарбайте Тартар,Raid Tartarus,,snɹɐʇɹɐ⟘ pᴉɐᴚ,Überfall Tartarus,GO BONK TARTARUS,,
adv.kleispack.preserve_everything,Doomsday Prepper,Doomsday Prepper,Doomsday Prepper,,Doomsday Prepper,Готов к судному дню,Příprava na apokalypsu,Vorbereitung auf den Weltuntergang,,Preparacionista apocalíptico,Kıyamet Hazırlıkçısı,Preparacionista apocalíptico,末日囤积者,Dommedags prepper,,Готовий до кінця світу,Doomsday prepper,Survivalista,ɹǝddǝɹԀ ʎɐpsɯooᗡ,Vorbereitig uf de Weltuntergang,PREPARE FOR THE UH OH,,
adv.kleispack.preserve_everything.desc,Preserve Everything!,Preserve Everything!,Preserve Everything!,,Preserve Everything!,"Законсервируйте всё, что можете!",Zavař všechno!,Konserviere Alles!,,¡Conserva todo!,Her şeyi sakla!,¡Consérvalo todo!,保存一切！,Bevar alting!,,Законсервуйте все!,Preserve all yer can!,,¡ᵷuᴉɥʇʎɹǝʌƎ ǝʌɹǝsǝɹԀ,Konservier Alles!,SAVE ALL DA NOM,,
adv.kleispack.preserve_food,Pickles & Jam,Pickles & Jam,Pickles & Jam,,Pickles & Jam,Соленья и варенья,Okurky & Marmeláda,Eingelegtes & Marmelade,,Mermeladas y escabeches,Turşu & Reçel,Encurtidos y mermelada,腌菜与果酱,Sylte & marmelade,Ogórki i dżem,Соління та варення,Pickles 'n' preserves,Sottaceti e Confetture,ɯɐՐ & sǝꞁʞɔᴉԀ,Ihglegti Sache und Konfi,SOUR + SWEET GOO,,
adv.kleispack.preserve_food.desc,Preserve a food to boost its flavour profile,Preserve a food to boost its flavour profile,Preserve a food to boost its flavour profile,,Preserve a food to boost its flavour profile,"Законсервируйте продукт, чтобы расширить его вкусовой профиль",,"Konserviere ein Lebensmittel, um dessen Geschmacksprofil zu verstärken",,Conserva una comida para realzar su perfil de sabor,Yiyeceği saklayarak lezzetini katla,Conserva un alimento para mejorar su perfil de sabor.,腌制食物以提升其风味,,,"Законсервуйте продукт, щоб зробити його смак насиченішим",Preserve a food ready fer a long voyage,,ǝꞁᴉɟoɹd ɹnoʌɐꞁɟ sʇᴉ ʇsooq oʇ pooɟ ɐ ǝʌɹǝsǝɹԀ,Konservier Lebensmittel um ihr Geschmacksprofil z verstärke,PUT FOOD IN JAR MAKE YUMMY,,
adv.kleispack.root,From Earth,From Earth,From Earth,,From Earth,Из Земли,Ze země,Von der Erde,,Desde la tierra,Dünya'dan Başlayarak,Desde la Tierra,源自大地,Fra jorden,Z ziemi,Із землі,From Earth,Dalla Terra,ɥʇɹɐƎ ɯoɹℲ,Vo de Erde,FROM DIRT,,
adv.kleispack.smith_silver_sword,Sabbatarian,Sabbatarian,Sabbatarian,,Sabbatarian,Саббатарианец,,Sabbatarier,,Sabatario,Şabatçı,Sabatario,守安息日者,,,Сабатаріанець,Sabbatarian,Osservando lo Shabbat,uɐᴉɹɐʇɐqqɐS,Sabbatarier,NAZAR BONK,,
adv.kleispack.smith_silver_sword.desc,Affix a Nazar to an Iron Sword inlaid with Silver in a Smithing Table,Affix a Nazar to an Iron Sword inlaid with Silver in a Smithing Table,Affix a Nazar to an Iron Sword inlaid with Silver in a Smithing Table,,Affix a Nazar to an Iron Sword inlaid with Silver in a Smithing Table,"Нанесите назар на железный меч, инкрустированный серебром, на столе кузнеца",,"Bringe an einem Schmiedetisch einen Nazar an einem mit Silber eingelegten Eisenschwert an
",,Fija un nazar a una espada de hierro con plata en una mesa de herrería,Demirci tezgahında gümüş kakmalı bir Demir Kılıca nazar tak,Fija un Nazar a una espada de Hierro usando Plata en una mesa de herrería.,在锻造台上将邪眼镶入一把镶嵌白银的铁剑,,,На ковальському столі інкрустуйте залізний меч сріблом і закріпіть на ньому назар,Affix a Nazar to a steel sword inlaid with silver in a forgin' bench,,ǝꞁqɐ⟘ ᵷuᴉɥʇᴉɯS ɐ uᴉ ɹǝʌꞁᴉS ɥʇᴉʍ pᴉɐꞁuᴉ pɹoʍS uoɹI uɐ oʇ ɹɐzɐN ɐ xᴉɟɟⱯ,Bring anem Schmiedetisch e Nazar ahne mit Silber ihglegtes Iiseschwert ah,PUT SPOOKY EYE ON SILVER IRON SWORT,,
adv.kleispack.smith_warding_shield,Convoymaster,Convoymaster,Convoymaster,,Convoymaster,Мастер конвоя,,Konvoi-Leiter,,Escolta,Konvoy Şefi,Lider de caravanas.,商队队长,,,Ватажок конвою,Convoymaster,,ɹǝʇsɐɯʎoʌuoƆ,Konvoi-Mayor,SHIELD GUY,,
adv.kleispack.smith_warding_shield.desc,Affix a Nazar to an Shield inlaid with Silver in a Smithing Table,Affix a Nazar to an Shield inlaid with Silver in a Smithing Table,Affix a Nazar to an Shield inlaid with Silver in a Smithing Table,,Affix a Nazar to an Shield inlaid with Silver in a Smithing Table,"Нанесите назар на щит, инкрустированный серебром, на столе кузнеца",,Bringe an einem Schmiedetisch einen Nazar an einem mit Silber eingelegten Schild an,,Fija un nazar a un escudo con plata en una mesa de herrería,Demirci tezgahında gümüş kakmalı Kalkana nazar tak,Fija un Nazar a un escudo usando Plata en una mesa de herrería.,在锻造台上将邪眼镶入一面镶嵌白银的盾牌,,,На ковальському столі інкрустуйте щит сріблом і закріпіть на ньому око Фатіми,Affix a Nazar to a shield inlaid with Silver in a forgin' bench,,ǝꞁqɐ⟘ ᵷuᴉɥʇᴉɯS ɐ uᴉ ɹǝʌꞁᴉS ɥʇᴉʍ pᴉɐꞁuᴉ pꞁǝᴉɥS uɐ oʇ ɹɐzɐN ɐ xᴉɟɟⱯ,Bring anem Schmiedetisch e Nazar ahne mit Silber ihglegtes Schild ah,PUT SPOOKY EYE ON SILVER SHIELD,,
adv.kleispack.smith_warding_sword,Fae-Slayer,Fae-Slayer,Fae-Slayer,,Fae-Slayer,Фее-истребитель,,Feentöter,,Matafadas,Peri Avcısı,Cazador de hadas,屠仙者,,Zabójca wróżek,Погибель фей,Fae-Slayer,,ɹǝʎɐꞁS-ǝɐℲ,Fee-Mörder,FAE BONKER,,
adv.kleispack.smith_warding_sword.desc,Affix a Nazar to an Iron Sword in a Smithing Table,Affix a Nazar to an Iron Sword in a Smithing Table,Affix a Nazar to an Iron Sword in a Smithing Table,,Affix a Nazar to an Iron Sword in a Smithing Table,Нанесите назар на железный меч на столе кузнеца,,Bringe an einem Schmiedetisch einen Nazar an einem Eisenschwert an,,Fija un nazar a una espada de hierro en una mesa de herrería,Demirci tezgahında Demir Kılıca Nazar tak,Fija un Nazar a una espada de Hierro en una mesa de herrería.,在锻造台上将邪眼镶入一把铁剑,,,На ковальському столі закріпіть око Фатіми на залізному мечі,Affix a Nazar to a steel sword in a forgin' bench,,ǝꞁqɐ⟘ ᵷuᴉɥʇᴉɯS ɐ uᴉ pɹoʍS uoɹI uɐ oʇ ɹɐzɐN ɐ xᴉɟɟⱯ,Bring anem Schmiedetisch e Nazar ahne Iiseschwert ah,PUT SPOOKY EYE ON SWORT,,
adv.kleispack.trade_fish,Fishmonger,Fishmonger,Fishmonger,,Fishmonger,Рыботорговец,,Fischhändler,,Pescadero,Balıkçı,Pescadero,鱼贩,Fiskehandler,Sprzedawca ryb,Торговець рибою,Fishmonger,Pescivendolo,ɹǝᵷuoɯɥsᴉℲ,Fischhändler,FISH SHOP GUY,,
adv.kleispack.trade_fish.desc,Sell caught fish to a Fisherman,Sell caught fish to a Fisherman,Sell caught fish to a Fisherman,,Sell caught fish to a Fisherman,родайте пойманную рыбу рыбаку,,Verkaufe gefangenen Fisch an einen Angler,,Véndele pez fresco a un pescador,Yakaladığın balığı balıkçıya sat,Vende un pescado recíen capturado a un pescador.,把钓到的鱼卖给渔夫,Sælg fangede fisk til en fisker,Sprzedaj złowione ryby rybakowi,Продайте спійману рибу рибалці,Sell caught fish to a fisherman,,uɐɯɹǝɥsᴉℲ ɐ oʇ ɥsᴉɟ ʇɥᵷnɐɔ ꞁꞁǝS,Verkauf din gfangene Fisch an e Angler,SELL FISH TO FISH GUY,,
adv.kleispack.trade_for_asylum_seeker,A Good Samaritan,A Good Samaritan,A Good Samaritan,,A Good Samaritan,Благодетель,Milosrdný samaritán,Barmherziger Samariter,,Buen samaritano,İyi Bir Yardımsever,Un buen samaritano,乐善好施者,En god samaritaner,Dobry samarytanin,Добрий самаритянин,A good samaritan,Un Buon Samaritano,uɐʇᴉɹɐɯɐS poo⅁ Ɐ,E guete Samariter,GOOD KITTY,,
adv.kleispack.trade_for_asylum_seeker.desc,Take in an Asylum Seeker,Take in an Asylum Seeker,Take in an Asylum Seeker,,Take in an Asylum Seeker,Возьмите к себе беженца,,Nimm einen Asylsuchenden auf,,Acoge a un solicitante de asilo,Bir sığınmacıyı evine al,Acoge a un solicitante de asilo.,收留一位寻求庇护者,Tag en asylansøger,,Прихистіть біженця,Take in an asylum seeker,,ɹǝʞǝǝS ɯnꞁʎsⱯ uɐ uᴉ ǝʞɐ⟘,Nimm e Asylsuchende uf,LET SAD GUY STAY,,
adv.kleispack.upgrade_mattock,Three in One?,Three in One?,Three in One?,,Three in One?,Три в одном?,3v1?,Drei-in-eins?,,¿Tres en uno?,Üçü Bir Arada?,¿Tres en uno?,一物三用？,Tre i en?,Trzy w jednym?,Три в одному?,Three in one?,Tre al Prezzo di Uno?,¿ǝuO uᴉ ǝǝɹɥ⟘,Drei in einem?,THREE BONKS ONE THING,,
adv.kleispack.upgrade_mattock.desc,Upgrade a Mattock or Dolabra,Upgrade a Mattock or Dolabra,Upgrade a Mattock or Dolabra,,Upgrade a Mattock or Dolabra,Улучшите матток или долабру,,Verbessere eine Breithacke oder Dolabra,,Mejora un zapapico o una dolabra,Tirpidin ya da gedmen yükselt,Mejora un azadón o una dolabra.,升级一把鹤嘴锄或斧镐,,,Покращте мотигу-лопату або долабру,Upgrade a mattock or dolabra,,ɐɹqɐꞁoᗡ ɹo ʞɔoʇʇɐW ɐ ǝpɐɹᵷd∩,Verbesser e Breithacke oder e Dolabra,UPGRADE DA DOUBLE DIGGY,,
adv.kleispack.hell.craft_blessing,Apocrypha,Apocrypha,Apocrypha,,Apocrypha,Апокриф,,Apokryphen,,Apócrifos,Apokrif,Apócrifos,伪经,,Apokryf,Апокрифи,Apocrypha,Apocrifo,ɐɥdʎɹɔodⱯ,Apokryphe,SECRET FORBIDDEN STUFF,,
adv.kleispack.hell.craft_blessing.desc,Steal Prayers from a long-dead God,Steal Prayers from a long-dead God,Steal Prayers from a long-dead God,,Steal Prayers from a long-dead God,Украдите молитвы у давно мёртвого Божества,,Stiehl Gebete eines längst verstorbenen Gottes,,Roba las plegarias de un dios muerto hace mucho,Uzun zaman önce ölmüş bir Tanrı'dan dua çal,Roba las plegarias de un dios muerto.,从早已死去的古神那里窃取祷文,,Ukradnij modlitwy od zmarłego Boga,Викрадіть молитви у Мертвеного Бога,Steal prayers from a long-dead god,,po⅁ pɐǝp-ᵷuoꞁ ɐ ɯoɹɟ sɹǝʎɐɹԀ ꞁɐǝʇS,Stiehl e Gebet vo nem längst verstorbene Gott,STEAL GOD WORDS,,
adv.kleispack.hell.craft_hell_bound_book,Unholy Knowledge,Unholy Knowledge,Unholy Knowledge,,Unholy Knowledge,Запретное знание,Bezbožné znalosti,Unheiliges Wissen,,Conocimiento impío,Uğursuz Bilgi,Conocimiento impío,亵渎的知识,Ugudelig viden,Zakazana wiedza,Нечестиве знання,Unholy knowledge,Sapienza Profana,ǝᵷpǝꞁʍouꞰ ʎꞁoɥu∩,Unheiliges Wisse,BAD BRAIN STUFF,,
adv.kleispack.hell.craft_hell_bound_book.desc,Craft a Hell-Bound Book,Craft a Hell-Bound Book,Craft a Hell-Bound Book,,Craft a Hell-Bound Book,Сделайте книгу из полымя,,Stelle ein Buch der Verdammnis her,,Crea un libro condenado,Cehennem ciltli kitap oluştur,Fabrica un libro condenado.,制作一本狱缚之书,Konstruer en fordømt bog,,Створіть книгу пекельних узів,Craft a book o' hell,,ʞooᗺ punoᗺ-ꞁꞁǝH ɐ ʇɟɐɹƆ,Stell e Buch vo de Verdammnis,MAKE BAD BOOK,,
adv.kleispack.hell.obtain_ancient_debris,Hidden in the Depths,Hidden in the Depths,Hidden in the Depths,,Hidden in the Depths,Запрятано в глубинах,Skryto v hlubinách,Verborgen in der Tiefe,,Oculto en las profundidades,Derinlerde Saklı,Oculto en las profundidades,深藏于深处,Gemt i dybderne,,Уламки минулого,Hidden in the depths,Nascosto nelle Profondità,sɥʇdǝᗡ ǝɥʇ uᴉ uǝppᴉH,Versteckt in de Tiefi,DEEP SECRET MEAT,,
adv.kleispack.hell.obtain_ancient_debris.desc,Flesh from Long-Dead Gods,Flesh from Long-Dead Gods,Flesh from Long-Dead Gods,,Flesh from Long-Dead Gods,Плоть давно мёртвого Божества,Tkáň dávno zesnulých bohů,Fleisch von längst verstorbenen Göttern,,Carne de dioses muertos hace mucho,Ölmüş Tanrıların eti,Restos de los dioses de antaño.,取自久已死去之神的血肉,,,"Плоть богів, що померли в незапам'ятні часи",Flesh from long-dead gods,,spo⅁ pɐǝᗡ-ᵷuoꞀ ɯoɹɟ ɥsǝꞁℲ,Fleisch vo längst verstorbene Götter,OLD GOD MEAT,,
adv.kleispack.hell.obtain_benzene,Forbidden Chemistry,Forbidden Chemistry,Forbidden Chemistry,,Forbidden Chemistry,Забытый элемент,Zakázaná chemie,Verbotene Chemie,,Química prohibida,Yasaklanmış Kimya,Química prohibida,禁忌的化学,Forbudt kemi,Zakazana chemia,Заборонена хімія,Forbidden chemistry,Chimica Proibita,ʎɹʇsᴉɯǝɥƆ uǝppᴉqɹoℲ,Verboteni Chemie,NO-NO SCIENCE,,
adv.kleispack.hell.obtain_benzene.desc,Synthesise Benzene a Chemical Reagent Forbidden by the Old Laws,Synthesize Benzene: a Chemical Reagent Forbidden by the Old Laws,Synthesise Benzene: a Chemical Reagent Forbidden by the Old Laws,,Synthesize Benzene: a Chemical Reagent Forbidden by the Old Laws,"Синтезируйте бензол, химический реагент, запрещённый старыми верованиями",,"Synthetisiere Benzol - ein chemisches Reagenz, verboten durch die alten Gesetze",,"Sintetiza benceno, un reactivo químico prohibido por las antiguas leyes",Benzen sentezle: Eski yasalara göre yasaklanmış bir kimyasal reaktif,"Sintetiza benceno, un reactivo químico prohibido por las antiguas leyes.",获取被古老法则禁止的试剂,,,"Синтезуйте бензол - хімічний реагент, заборонений стародавніми законами",Synthesise liquid fire: a chemical reagent forbidden by th' old laws,,sʍɐꞀ pꞁO ǝɥʇ ʎq uǝppᴉqɹoℲ ʇuǝᵷɐǝᴚ ꞁɐɔᴉɯǝɥƆ ɐ ǝuǝzuǝᗺ ǝsᴉsǝɥʇuʎS,Synthetisier Benzol - e chemisches Reagenz was durch d Alte Gsetzt verbote isch,MAKE FORBIDDEN CIRCLE JUICE,,
adv.kleispack.hell.obtain_stabilised_estus,Hellish Bindings,Hellish Bindings,Hellish Bindings,,Hellish Bindings,Принадлежность к дьяволу,Pekelná pouta,Höllische Bindungen,,Uniones infernales,Cehennem Bağıntısı,Ataduras infernales,地狱之缚,Helvedes lænker,,Пекельні пута,Hellish bindings,Catene Infernali,sᵷuᴉpuᴉᗺ ɥsᴉꞁꞁǝH,Höllischi Bindige,HELL STRING,,
adv.kleispack.hell.obtain_stabilised_estus.desc,Tether Raw Estus into a Stable Form,Tether Raw Estus into a Stable Form,Tether Raw Estus into a Stable Form,,Tether Raw Estus into a Stable Form,Закрепите сырой эстус в стабильную форму,Spoutej surový Estus do jeho stabilní formy,Binde rohen Estus in eine stabile Form,,Une estus en bruto a una forma estable,Çiğ Estusu kararlı forma dönüştür,Confina el Estus crudo en su forma estable.,将生原素束缚成稳定形态,,,"Зв'яжіть сирий естус, надавши йому стійкої форми",Tether raw estus into a stable form,,ɯɹoℲ ǝꞁqɐʇS ɐ oʇuᴉ snʇsƎ ʍɐᴚ ɹǝɥʇǝ⟘,Bind rohes Estus in e stabili Form,MAKE DRINK STOP BEING WOBBLY,,
adv.kleispack.hell.obtain_warding_stone,Holy Turret,Holy Turret,Holy Turret,,Holy Turret,Святая турель,Posvátná střílna,Heiliges Geschütz,,Santa torre,Kutsal Kule,Torreta sagrada,神圣炮塔,,Święta wieżyczka,Свята турель,Holy turret,,ʇǝɹɹn⟘ ʎꞁoH,Heiliges Gschütz,HOLY BONK MACHINE,,
adv.kleispack.hell.obtain_warding_stone.desc,Construct a Warding Stone,Construct a Warding Stone,Construct a Warding Stone,,Construct a Warding Stone,Сконструируйте охранный камень,Sestroj Ochranný kámen,Errichte einen Abwehrstein,,Construye una piedra protectora,Koruma Taşı Oluştur,Construye una piedra protectora.,建造结界石,,Stwórz ,Створіть камінь-оберіг,Construct a stone o' wardin',,ǝuoʇS ᵷuᴉpɹɐM ɐ ʇɔnɹʇsuoƆ,Errichte e Abwehrstei,MAKE NO-SPOOKY ROCK,,
adv.kleispack.hell.steal_all_prayers,Demonic Emissary,Demonic Emissary,Demonic Emissary,,Demonic Emissary,Посланник дьявола,Démonův posel,Dämonischer Bote,,Emisario demoníaco,Şeytani Elçi,Emisario demoníaco,恶魔使者,Dæmonisk udsending,Demoniczny emisariusz,Засланий козачок,Demonic emissary,,ʎɹɐssᴉɯƎ ɔᴉuoɯǝᗡ,Dämonische Bote,EVIL GOD MESSENGER,,
adv.kleispack.hell.steal_all_prayers.desc,Steal every prayer from every once-god,Steal every prayer from every once-god,Steal every prayer from every once-god,,Steal every prayer from every once-god,Украдите молитвы у всех былых Божеств,Ukradni všechny modlitby od bývalých bohů,Stiehl jedes Gebet von jedem einstigen Gott,,Roba todas las plegarias de cada antiguo dios,Bir zamanların Tanrıların her birinden dua çal,Roba todas las plegarias de todos los dioses muertos.,窃取所有昔日之神的祷文,,Ukradnij każdą modlitwe od każdego byłego boga,"Викрадіть усі молитви в тих, хто колись був богом",Steal every prayer from every once-god,,poᵷ-ǝɔuo ʎɹǝʌǝ ɯoɹɟ ɹǝʎɐɹd ʎɹǝʌǝ ꞁɐǝʇS,Stiehl alli Gebet von allne ehemalige Götter,STEAL ALL THE GOD WORDS,,
adv.kleispack.hell.root,Through Hell,Through Hell,Through Hell,,Through Hell,Через Ад,Skrze peklo,Durch die Hölle,,A través del infierno,Cehennem'e Doğru,A través del Infierno,穿越地狱,Igennem helvede,Przez piekło,Крізь Пекло,Through hell,Attraversar l'Inferno,ꞁꞁǝH ɥᵷnoɹɥ⟘,Durch d Hölle,WALK THROUGH BAD PLACE,,
adv.kleispack.end.elytra,Wax Wings,Wax Wings,Wax Wings,,Wax Wings,Восковые крылья,Vosková křídla,Wachsflügel,,Alas de cera,Balmumu Kanatlar,Alas de cera,蜡翼,Voksvinger,Skrzydła z wosku,Воскові крила,Wax wings,Ali di Cera,sᵷuᴉM xɐM,Wachsflügel,BEE WINGS,,
adv.kleispack.end.elytra.desc,Seize the work of Daedalus,Seize the work of Daedalus,Seize the work of Daedalus,,Seize the work of Daedalus,Воспользуйтесь трудами Дедала,Zmocni se Daidalovy práce,Beschlagnahme Daedalus' Werk,,Hazte con la obra de Dédalo,Daedalus'un eserini ele geçir,Hazte con la obra de Dédalo.,夺取代达罗斯的杰作,,,Заволодійте творінням Дедала,Seize the work o' Daedalus,Afferra il lavoro di Dedalo.,snꞁɐpǝɐᗡ ɟo ʞɹoʍ ǝɥʇ ǝzᴉǝS,Beschlagnahm s Werk vom Daedalus,STEAL DA GUY'S WORK,,
adv.kleispack.end.kill_dragon.desc,Defile the Dead God's Dream,Defile the Dead God's Dream,Defile the Dead God's Dream,,Defile the Dead God's Dream,Разрушьте мечты Мёртвого Бога,Znesvěť sny mrtvého boha,Entweihe den Traum des toten Gottes,,Profana el sueño del dios muerto,Ölü Tanrı'nın rüyasını kirlet,Profana el sueño del Dios Muerto.,玷污亡神的梦境,,,Оскверніть мрії Мертвеного Бога,Defile th' dead god's dream,Profana il Sogno del Dio Morto.,"ɯɐǝɹᗡ s,po⅁ pɐǝᗡ ǝɥʇ ǝꞁᴉɟǝᗡ",Entweih de Traum vom tote Gott,BREAK DA HOLY THING,,
adv.kleispack.end.kill_dragon,Iconoclast,Iconoclast,Iconoclast,,Iconoclast,Иконоборец,Bořič mýtů,Ikonoklast,,Iconoclasta,Putkırıcı,Iconoclasta,打破偶像者,,,Іконоборець,Iconoclast,Iconoclasta,ʇsɐꞁɔouoɔI,Ikonoklast,RUIN DEAD GOD DREAM,,
adv.kleispack.end.smith_bronze_elytra,Icarus' Folly,Icarus' Folly,Icarus' Folly,,Icarus' Folly,Глупость Икара,Ikarova pošetilost,Ikarus' Torheit,,La necedad de Icaro,İkarus'un Akılsızlığı,La locura de Ícaro,伊卡洛斯之愚,,,Безумство Ікара,Icarus' Folly,,"ʎꞁꞁoℲ ,snɹɐɔI",D Torheit vom Ikarus,ICARUS WHY U DO DAT,,
adv.kleispack.end.smith_bronze_elytra.desc,Smith Hepatizon Elytra with Wax,Smith Hepatizon Elytra with Wax,Smith Hepatizon Elytra with Wax,,Smith Hepatizon Elytra with Wax,Скуйте гепатизоновые крылья с помощью воска,Ukovej krovky z hepatizonu a vosku,Schmiede Hepatizonelytren mit Wachs,,Forja elytra de hepatizón con cera,Hepatizon Elitra'yı balmumu ile kapla ,Forja Élitros de Hepatizón usando cera.,用蜡锻造赫帕提宗鞘翅,,,Викуйте гепатизонові елітри за допомогою воску,Forge Icarus' wings o' corinthian brass usin' wax,,xɐM ɥʇᴉʍ ɐɹʇʎꞁƎ uozᴉʇɐdǝH ɥʇᴉɯS,Schmied Hepatizonelytre mit Wachs,MAKE FAST COPPER WAX WINGS,,
adv.kleispack.end.smith_shakudo_elytra,Wings of Eros,Wings of Eros,Wings of Eros,,Wings of Eros,Крылья Эроса,Křídla Eróvy,Flügel des Eros,,Las alas de eros,Eros'un Kanatları,Alas de Eros,厄洛斯之翼,Eros' vinger,Skrzydła Erosa,Крила Ероса,Wings o' Eros,,soɹƎ ɟo sᵷuᴉM,Flügel vom Eros,LOVE BIRD WINGS,,
adv.kleispack.end.smith_shakudo_elytra.desc,Smith Shakudo Elytra with Wax,Smith Shakudo Elytra with Wax,Smith Shakudo Elytra with Wax,,Smith Shakudo Elytra with Wax,Скуйте элитры сякудо с помощью воска,Ukovej krovky z shakuda a vosku,Schmiede Shakudoelytren mit Wachs,,Forja elytra de shakudo con cera,Shakudo Elitra'yı balmumu ile kapla,Forja Élitros de Shakudo usando cera.,用蜡锻造赤铜鞘翅,,,Викуйте сякудові елітри за допомогою воску,Forge Icarus' wings o' blacken'd copper usin' wax,,xɐM ɥʇᴉʍ ɐɹʇʎꞁƎ opnʞɐɥS ɥʇᴉɯS,Schmied Shakudoelytren mit Wachs,MAKE FANCY COPPER WAX WINGS,,
filled_map.abbey_overgrown,Overgrown Abbey Map,Overgrown Abbey Map,Overgrown Abbey Map,,Overgrown Abbey Map,Карта заросшего монастыря,Mapa k zarostlému klášteru,Karte zu Überwuchertem Kloster,,Mapa de abadía abandonada,Büyümüş Manastır Haritası,Mapa de Monasterio abandonado,荒废修道院地图,,,Карта дослідника зарослого абатства,Map t' th' overgrown abbey,Mappa per l'Abbazia Incolta,dɐW ʎǝqqⱯ uʍoɹᵷɹǝʌO,Karte zue Überwucherte Kloster,DIRECSHUN PAPAH 2 BIG PLANTY CHURCH,,
filled_map.papal_outpost,Papal Outpost Map,Papal Outpost Map,Papal Outpost Map,,Papal Outpost Map,Карта папского аванпоста,Mapa k záladně nájezdníků,Karte zu Papal-Außenposten,,Mapa de puesto papal,Papalı Karakol Haritası,Mapa de Puesto papal,教皇哨站地图,,,Карта дослідника папського форпосту,Map t' th' papal outpost,Mappa per l'Avamposto Papale,dɐW ʇsodʇnO ꞁɐdɐԀ,Karte zue Papal-Usseposte,MAP TO PAPA PLACE,,
filled_map.desert_pyramid,Desert Temple Map,Desert Temple Map,Desert Temple Map,,Desert Temple Map,Карта пустынного храма,Mapa k pouštnímu chrámu,Karte zu Wüstentempel,,Mapa de templo del desierto,Çöl Tapınak Haritası,Mapa de Templo del desierto,沙漠神殿地图,Ørkentempelkort,,Карта дослідника пустельного храму,Map t' th' temple o' th' desert,Mappa per il Tempio del Deserto,dɐW ǝꞁdɯǝ⟘ ʇɹǝsǝᗡ,Karte zue Wüstentempel,Sandy litter bokz map,,
filled_map.trail_ruin,Trail Ruins Map,Trail Ruins Map,Trail Ruins Map,,Trail Ruins Map,Карта руин былых времён,Mapa k stezkařským zříceninám,Karte zu Pfadruine,,Mapa de ruinas de sendero,Patika Harabe Haritası,Mapa de Sendero en ruinas,古迹废墟地图,,,Карта дослідника давніх руїн,Map t' th' ruins o' the trail,,dɐW suᴉnᴚ ꞁᴉɐɹ⟘,Karte zue Pfadruine,MAP TO OLD WALKY ROCKS,,
filled_map.ancient_city,Ancient City Map,Ancient City Map,Ancient City Map,,Ancient City Map,Карта древнего города,Mapa k pradávnému městu,Karte zu Antiker Stätte,,Mapa de ciudad ancestral,Antik Şehir Haritası,Mapa de Ciudad antigua,远古城市地图,,,Карта дослідника стародавнього міста,Map t' th' city o' old,,dɐW ʎʇᴉƆ ʇuǝᴉɔuⱯ,Karte zue Antiki Stätt,MAP 2 VERY OLD CITY,,
filled_map.mineshaft,Mineshaft Map,Mineshaft Map,Mineshaft Map,,Mineshaft Map,Карта заброшенных шахт,Mapa k opuštěným dolům,Karte zu Mine,,Mapa de mina abandonada,Maden Kuyu Haritası,Mapa de Mina abandonada,废弃矿井地图,Mineskaktkort,,Карта дослідника покинутої шахти,Map t' th' old mine,,dɐW ʇɟɐɥsǝuᴉW,Karte zue Mine,Map 4 creepy minez wit bad hoomanz,,
filled_map.warm_ocean_ruin,Warm Ocean Ruin Map,Warm Ocean Ruin Map,Warm Ocean Ruin Map,,Warm Ocean Ruin Map,Карта руин в тёплом море,Mapa k zřícenině v teplém oceánu,Karte zu warmer Ozeanruine,,Mapa de ruina de océano cálido,Sıcak Okyanus Harabe Haritası,Mapa de Ruinas del océano cálido,暖水海底废墟地图,,,Карта дослідника руїн теплого океану,Map t' th' ruins in th' warm ocean,,dɐW uᴉnᴚ uɐǝɔO ɯɹɐM,Karte zue warmer Ozeanruine,map to warm watery roks,,
filled_map.explorer_swamp,Witch Hut Map,Witch Hut Map,Witch Hut Map,,Witch Hut Map,Карта хижины ведьмы,Mapa k čarodějné chatrči,Karte zu Sumpfhütte,,Mapa de cabaña de bruja,Cadı Kulübe Haritası,Mapa de Cabaña del pantano,女巫小屋地图,Heksehyttekort,,Карта дослідника болотної хатини,Map t' th' wizard's hut,,dɐW ʇnH ɥɔʇᴉM,Karte zue Sumpfhütte,MAP 2 WITCHY HOUSE,,
filled_map.explorer_jungle,Jungle Temple Map,Jungle Temple Map,Jungle Temple Map,,Jungle Temple Map,Карта джунглиевого храма,Mapa k chrámu v džungli,Karte zu Dschungeltempel,,Mapa de templo de la jungla,Orman Tapınak Haritası,Mapa de Templo de jungla,丛林神庙地图,Jungletempelkort,,Карта дослідника храму джунглів,Map t' th' temple in th' jungle,,dɐW ǝꞁdɯǝ⟘ ǝꞁᵷunՐ,Karte zue Tropetempel,EXPLURER MAP TO GREEN BONK HOUSE,,
filled_map.monument,Ocean Monument Map,Ocean Monument Map,Ocean Monument Map,,Ocean Monument Map,Карта морского монумента,Mapa k vodnímu chrámu,Karte zu Ozeanmonument,,Mapa de monumento oceánico,Okyanus Anıt Haritası,Mapa de Monumento oceánico,海底神殿地图,Havmonumentkort,,Карта дослідника океанічного монументу,Map of ye seven seas,,dɐW ʇuǝɯnuoW uɐǝɔO,Karte zue Ozeanmonument,Big oshun haus 4 lazur sharks xplurer map,,
filled_map.trial_chambers,Trial Chamber Map,Trial Chamber Map,Trial Chamber Map,,Trial Chamber Map,Карта камеры испытаний,Mapa ke zkušebním komnatám,Karte zu Trial Chamber,Plan carte de chambre de test,Mapa de calabozo de desafío,Mücadele Oda Haritası,Mapa de Cámara de desafío,试炼密室地图,Prøvelseskammerkort,,Карта дослідника палацу випробувань,Map t' th' chamber o' trials,,dɐW ɹǝqɯɐɥƆ ꞁɐᴉɹ⟘,Karte zue Trial Chamber,BIG BONK Dungenz Xplurer Map,,
filled_map.mansion,Mansion Map,Mansion Map,Mansion Map,,Mansion Map,Карта особняка,Mapa k lesnímu sídlu,Karte zu Waldanwesen,Carte du manoir ,Mapa de mansión,Köşk Haritası,Mapa de Mansión del bosque,林地府邸地图,Palækort,,Карта дослідника розбійницького маєтку,Land ship treasure map,,dɐW uoᴉsuɐW,Karte zue Waldahwäse,MAP TO BIG W00DLUND HAUSE,,
item.minecraft.potion.effect.empty,Water Bottle,Water Bottle,Water Bottle,,Water Bottle,Бутылка воды,Lahvička s vodou,Wasserflasche,Bouteille d'eau,Botella con agua,Su Şişesi,Frasco con agua,水瓶,Vandflaske,Butelka wody,Пляшка води,Bottle o' bilge,Bottiglia d'Acqua,ǝꞁʇʇoᗺ ɹǝʇɐM,Wasserflasche,WATER BOTTLE BUT IT WET,,